Mode,Params,Score
HSV,0_30_0_64_0_64,0
HSV,0_30_0_64_0_128,0
HSV,0_30_0_64_0_192,0
HSV,0_30_0_64_0_256,0
HSV,0_30_0_64_64_64,0
HSV,0_30_0_64_64_128,0
HSV,0_30_0_64_64_192,0
HSV,0_30_0_64_64_256,0
HSV,0_30_0_64_128_64,0
HSV,0_30_0_64_128_128,0
HSV,0_30_0_64_128_192,0
HSV,0_30_0_64_128_256,0
HSV,0_30_0_64_192_64,0
HSV,0_30_0_64_192_128,0
HSV,0_30_0_64_192_192,0
HSV,0_30_0_64_192_256,0
HSV,0_30_0_128_0_64,0
HSV,0_30_0_128_0_128,0
HSV,0_30_0_128_0_192,0
HSV,0_30_0_128_0_256,0
HSV,0_30_0_128_64_64,0
HSV,0_30_0_128_64_128,0
HSV,0_30_0_128_64_192,0
HSV,0_30_0_128_64_256,0
HSV,0_30_0_128_128_64,0
HSV,0_30_0_128_128_128,0
HSV,0_30_0_128_128_192,0
HSV,0_30_0_128_128_256,0
HSV,0_30_0_128_192_64,0
HSV,0_30_0_128_192_128,0
HSV,0_30_0_128_192_192,0
HSV,0_30_0_128_192_256,0
HSV,0_30_0_192_0_64,0
HSV,0_30_0_192_0_128,0
HSV,0_30_0_192_0_192,0
HSV,0_30_0_192_0_256,0
HSV,0_30_0_192_64_64,0
HSV,0_30_0_192_64_128,0
HSV,0_30_0_192_64_192,0
HSV,0_30_0_192_64_256,0
HSV,0_30_0_192_128_64,0
HSV,0_30_0_192_128_128,0
HSV,0_30_0_192_128_192,0
HSV,0_30_0_192_128_256,0
HSV,0_30_0_192_192_64,0
HSV,0_30_0_192_192_128,0
HSV,0_30_0_192_192_192,0
HSV,0_30_0_192_192_256,0
HSV,0_30_0_256_0_64,0
HSV,0_30_0_256_0_128,0
HSV,0_30_0_256_0_192,0
HSV,0_30_0_256_0_256,0
HSV,0_30_0_256_64_64,0
HSV,0_30_0_256_64_128,0
HSV,0_30_0_256_64_192,0
HSV,0_30_0_256_64_256,0
HSV,0_30_0_256_128_64,0
HSV,0_30_0_256_128_128,0
HSV,0_30_0_256_128_192,0
HSV,0_30_0_256_128_256,0
HSV,0_30_0_256_192_64,0
HSV,0_30_0_256_192_128,0
HSV,0_30_0_256_192_192,0
HSV,0_30_0_256_192_256,0
HSV,0_30_64_64_0_64,0
HSV,0_30_64_64_0_128,0
HSV,0_30_64_64_0_192,0
HSV,0_30_64_64_0_256,0
HSV,0_30_64_64_64_64,0
HSV,0_30_64_64_64_128,0
HSV,0_30_64_64_64_192,0
HSV,0_30_64_64_64_256,0
HSV,0_30_64_64_128_64,0
HSV,0_30_64_64_128_128,0
HSV,0_30_64_64_128_192,0
HSV,0_30_64_64_128_256,0
HSV,0_30_64_64_192_64,0
HSV,0_30_64_64_192_128,0
HSV,0_30_64_64_192_192,0
HSV,0_30_64_64_192_256,0
HSV,0_30_64_128_0_64,0
HSV,0_30_64_128_0_128,0
HSV,0_30_64_128_0_192,0
HSV,0_30_64_128_0_256,0
HSV,0_30_64_128_64_64,0
HSV,0_30_64_128_64_128,0
HSV,0_30_64_128_64_192,0
HSV,0_30_64_128_64_256,0
HSV,0_30_64_128_128_64,0
HSV,0_30_64_128_128_128,0
HSV,0_30_64_128_128_192,0
HSV,0_30_64_128_128_256,0
HSV,0_30_64_128_192_64,0
HSV,0_30_64_128_192_128,0
HSV,0_30_64_128_192_192,0
HSV,0_30_64_128_192_256,0
HSV,0_30_64_192_0_64,0
HSV,0_30_64_192_0_128,0
HSV,0_30_64_192_0_192,0
HSV,0_30_64_192_0_256,0
HSV,0_30_64_192_64_64,0
HSV,0_30_64_192_64_128,0
HSV,0_30_64_192_64_192,0
HSV,0_30_64_192_64_256,0
HSV,0_30_64_192_128_64,0
HSV,0_30_64_192_128_128,0
HSV,0_30_64_192_128_192,0
HSV,0_30_64_192_128_256,0
HSV,0_30_64_192_192_64,0
HSV,0_30_64_192_192_128,0
HSV,0_30_64_192_192_192,0
HSV,0_30_64_192_192_256,0
HSV,0_30_64_256_0_64,0
HSV,0_30_64_256_0_128,0
HSV,0_30_64_256_0_192,0
HSV,0_30_64_256_0_256,0
HSV,0_30_64_256_64_64,0
HSV,0_30_64_256_64_128,0
HSV,0_30_64_256_64_192,0
HSV,0_30_64_256_64_256,0
HSV,0_30_64_256_128_64,0
HSV,0_30_64_256_128_128,0
HSV,0_30_64_256_128_192,0
HSV,0_30_64_256_128_256,0
HSV,0_30_64_256_192_64,0
HSV,0_30_64_256_192_128,0
HSV,0_30_64_256_192_192,0
HSV,0_30_64_256_192_256,0
HSV,0_30_128_64_0_64,0
HSV,0_30_128_64_0_128,0
HSV,0_30_128_64_0_192,0
HSV,0_30_128_64_0_256,0
HSV,0_30_128_64_64_64,0
HSV,0_30_128_64_64_128,0
HSV,0_30_128_64_64_192,0
HSV,0_30_128_64_64_256,0
HSV,0_30_128_64_128_64,0
HSV,0_30_128_64_128_128,0
HSV,0_30_128_64_128_192,0
HSV,0_30_128_64_128_256,0
HSV,0_30_128_64_192_64,0
HSV,0_30_128_64_192_128,0
HSV,0_30_128_64_192_192,0
HSV,0_30_128_64_192_256,0
HSV,0_30_128_128_0_64,0
HSV,0_30_128_128_0_128,0
HSV,0_30_128_128_0_192,0
HSV,0_30_128_128_0_256,0
HSV,0_30_128_128_64_64,0
HSV,0_30_128_128_64_128,0
HSV,0_30_128_128_64_192,0
HSV,0_30_128_128_64_256,0
HSV,0_30_128_128_128_64,0
HSV,0_30_128_128_128_128,0
HSV,0_30_128_128_128_192,0
HSV,0_30_128_128_128_256,0
HSV,0_30_128_128_192_64,0
HSV,0_30_128_128_192_128,0
HSV,0_30_128_128_192_192,0
HSV,0_30_128_128_192_256,0
HSV,0_30_128_192_0_64,0
HSV,0_30_128_192_0_128,0
HSV,0_30_128_192_0_192,0
HSV,0_30_128_192_0_256,0
HSV,0_30_128_192_64_64,0
HSV,0_30_128_192_64_128,0
HSV,0_30_128_192_64_192,0
HSV,0_30_128_192_64_256,0
HSV,0_30_128_192_128_64,0
HSV,0_30_128_192_128_128,0
HSV,0_30_128_192_128_192,0
HSV,0_30_128_192_128_256,0
HSV,0_30_128_192_192_64,0
HSV,0_30_128_192_192_128,0
HSV,0_30_128_192_192_192,0
HSV,0_30_128_192_192_256,0
HSV,0_30_128_256_0_64,0
HSV,0_30_128_256_0_128,0
HSV,0_30_128_256_0_192,0
HSV,0_30_128_256_0_256,0
HSV,0_30_128_256_64_64,0
HSV,0_30_128_256_64_128,0
HSV,0_30_128_256_64_192,0
HSV,0_30_128_256_64_256,0
HSV,0_30_128_256_128_64,0
HSV,0_30_128_256_128_128,0
HSV,0_30_128_256_128_192,0
HSV,0_30_128_256_128_256,0
HSV,0_30_128_256_192_64,0
HSV,0_30_128_256_192_128,0
HSV,0_30_128_256_192_192,0
HSV,0_30_128_256_192_256,0
HSV,0_30_192_64_0_64,0
HSV,0_30_192_64_0_128,0
HSV,0_30_192_64_0_192,0
HSV,0_30_192_64_0_256,0
HSV,0_30_192_64_64_64,0
HSV,0_30_192_64_64_128,0
HSV,0_30_192_64_64_192,0
HSV,0_30_192_64_64_256,0
HSV,0_30_192_64_128_64,0
HSV,0_30_192_64_128_128,0
HSV,0_30_192_64_128_192,0
HSV,0_30_192_64_128_256,0
HSV,0_30_192_64_192_64,0
HSV,0_30_192_64_192_128,0
HSV,0_30_192_64_192_192,0
HSV,0_30_192_64_192_256,0
HSV,0_30_192_128_0_64,0
HSV,0_30_192_128_0_128,0
HSV,0_30_192_128_0_192,0
HSV,0_30_192_128_0_256,0
HSV,0_30_192_128_64_64,0
HSV,0_30_192_128_64_128,0
HSV,0_30_192_128_64_192,0
HSV,0_30_192_128_64_256,0
HSV,0_30_192_128_128_64,0
HSV,0_30_192_128_128_128,0
HSV,0_30_192_128_128_192,0
HSV,0_30_192_128_128_256,0
HSV,0_30_192_128_192_64,0
HSV,0_30_192_128_192_128,0
HSV,0_30_192_128_192_192,0
HSV,0_30_192_128_192_256,0
HSV,0_30_192_192_0_64,0
HSV,0_30_192_192_0_128,0
HSV,0_30_192_192_0_192,0
HSV,0_30_192_192_0_256,0
HSV,0_30_192_192_64_64,0
HSV,0_30_192_192_64_128,0
HSV,0_30_192_192_64_192,0
HSV,0_30_192_192_64_256,0
HSV,0_30_192_192_128_64,0
HSV,0_30_192_192_128_128,0
HSV,0_30_192_192_128_192,0
HSV,0_30_192_192_128_256,0
HSV,0_30_192_192_192_64,0
HSV,0_30_192_192_192_128,0
HSV,0_30_192_192_192_192,0
HSV,0_30_192_192_192_256,0
HSV,0_30_192_256_0_64,0
HSV,0_30_192_256_0_128,0
HSV,0_30_192_256_0_192,0
HSV,0_30_192_256_0_256,0
HSV,0_30_192_256_64_64,0
HSV,0_30_192_256_64_128,0
HSV,0_30_192_256_64_192,0
HSV,0_30_192_256_64_256,0
HSV,0_30_192_256_128_64,0
HSV,0_30_192_256_128_128,0
HSV,0_30_192_256_128_192,0
HSV,0_30_192_256_128_256,0
HSV,0_30_192_256_192_64,0
HSV,0_30_192_256_192_128,0
HSV,0_30_192_256_192_192,0
HSV,0_30_192_256_192_256,0
HSV,0_60_0_64_0_64,0
HSV,0_60_0_64_0_128,0
HSV,0_60_0_64_0_192,0
HSV,0_60_0_64_0_256,0
HSV,0_60_0_64_64_64,0
HSV,0_60_0_64_64_128,0
HSV,0_60_0_64_64_192,0
HSV,0_60_0_64_64_256,0
HSV,0_60_0_64_128_64,0
HSV,0_60_0_64_128_128,0
HSV,0_60_0_64_128_192,0
HSV,0_60_0_64_128_256,0
HSV,0_60_0_64_192_64,0
HSV,0_60_0_64_192_128,0
HSV,0_60_0_64_192_192,0
HSV,0_60_0_64_192_256,0
HSV,0_60_0_128_0_64,0
HSV,0_60_0_128_0_128,0
HSV,0_60_0_128_0_192,0
HSV,0_60_0_128_0_256,0
HSV,0_60_0_128_64_64,0
HSV,0_60_0_128_64_128,0
HSV,0_60_0_128_64_192,0
HSV,0_60_0_128_64_256,0
HSV,0_60_0_128_128_64,0
HSV,0_60_0_128_128_128,0
HSV,0_60_0_128_128_192,0
HSV,0_60_0_128_128_256,0
HSV,0_60_0_128_192_64,0
HSV,0_60_0_128_192_128,0
HSV,0_60_0_128_192_192,0
HSV,0_60_0_128_192_256,0
HSV,0_60_0_192_0_64,0
HSV,0_60_0_192_0_128,0
HSV,0_60_0_192_0_192,0
HSV,0_60_0_192_0_256,0
HSV,0_60_0_192_64_64,0
HSV,0_60_0_192_64_128,0
HSV,0_60_0_192_64_192,0
HSV,0_60_0_192_64_256,0
HSV,0_60_0_192_128_64,0
HSV,0_60_0_192_128_128,0
HSV,0_60_0_192_128_192,0
HSV,0_60_0_192_128_256,0
HSV,0_60_0_192_192_64,0
HSV,0_60_0_192_192_128,0
HSV,0_60_0_192_192_192,0
HSV,0_60_0_192_192_256,0
HSV,0_60_0_256_0_64,0
HSV,0_60_0_256_0_128,0
HSV,0_60_0_256_0_192,0
HSV,0_60_0_256_0_256,0
HSV,0_60_0_256_64_64,0
HSV,0_60_0_256_64_128,0
HSV,0_60_0_256_64_192,0
HSV,0_60_0_256_64_256,0
HSV,0_60_0_256_128_64,0
HSV,0_60_0_256_128_128,0
HSV,0_60_0_256_128_192,0
HSV,0_60_0_256_128_256,0
HSV,0_60_0_256_192_64,0
HSV,0_60_0_256_192_128,0
HSV,0_60_0_256_192_192,0
HSV,0_60_0_256_192_256,0
HSV,0_60_64_64_0_64,0
HSV,0_60_64_64_0_128,0
HSV,0_60_64_64_0_192,0
HSV,0_60_64_64_0_256,0
HSV,0_60_64_64_64_64,0
HSV,0_60_64_64_64_128,0
HSV,0_60_64_64_64_192,0
HSV,0_60_64_64_64_256,0
HSV,0_60_64_64_128_64,0
HSV,0_60_64_64_128_128,0
HSV,0_60_64_64_128_192,0
HSV,0_60_64_64_128_256,0
HSV,0_60_64_64_192_64,0
HSV,0_60_64_64_192_128,0
HSV,0_60_64_64_192_192,0
HSV,0_60_64_64_192_256,0
HSV,0_60_64_128_0_64,0
HSV,0_60_64_128_0_128,0
HSV,0_60_64_128_0_192,0
HSV,0_60_64_128_0_256,0
HSV,0_60_64_128_64_64,0
HSV,0_60_64_128_64_128,0
HSV,0_60_64_128_64_192,0
HSV,0_60_64_128_64_256,0
HSV,0_60_64_128_128_64,0
HSV,0_60_64_128_128_128,0
HSV,0_60_64_128_128_192,0
HSV,0_60_64_128_128_256,0
HSV,0_60_64_128_192_64,0
HSV,0_60_64_128_192_128,0
HSV,0_60_64_128_192_192,0
HSV,0_60_64_128_192_256,0
HSV,0_60_64_192_0_64,0
HSV,0_60_64_192_0_128,0
HSV,0_60_64_192_0_192,0
HSV,0_60_64_192_0_256,0
HSV,0_60_64_192_64_64,0
HSV,0_60_64_192_64_128,0
HSV,0_60_64_192_64_192,0
HSV,0_60_64_192_64_256,0
HSV,0_60_64_192_128_64,0
HSV,0_60_64_192_128_128,0
HSV,0_60_64_192_128_192,0
HSV,0_60_64_192_128_256,0
HSV,0_60_64_192_192_64,0
HSV,0_60_64_192_192_128,0
HSV,0_60_64_192_192_192,0
HSV,0_60_64_192_192_256,0
HSV,0_60_64_256_0_64,0
HSV,0_60_64_256_0_128,0
HSV,0_60_64_256_0_192,0
HSV,0_60_64_256_0_256,0
HSV,0_60_64_256_64_64,0
HSV,0_60_64_256_64_128,0
HSV,0_60_64_256_64_192,0
HSV,0_60_64_256_64_256,0
HSV,0_60_64_256_128_64,0
HSV,0_60_64_256_128_128,0
HSV,0_60_64_256_128_192,0
HSV,0_60_64_256_128_256,0
HSV,0_60_64_256_192_64,0
HSV,0_60_64_256_192_128,0
HSV,0_60_64_256_192_192,0
HSV,0_60_64_256_192_256,0
HSV,0_60_128_64_0_64,0
HSV,0_60_128_64_0_128,0
HSV,0_60_128_64_0_192,0
HSV,0_60_128_64_0_256,0
HSV,0_60_128_64_64_64,0
HSV,0_60_128_64_64_128,0
HSV,0_60_128_64_64_192,0
HSV,0_60_128_64_64_256,0
HSV,0_60_128_64_128_64,0
HSV,0_60_128_64_128_128,0
HSV,0_60_128_64_128_192,0
HSV,0_60_128_64_128_256,0
HSV,0_60_128_64_192_64,0
HSV,0_60_128_64_192_128,0
HSV,0_60_128_64_192_192,0
HSV,0_60_128_64_192_256,0
HSV,0_60_128_128_0_64,0
HSV,0_60_128_128_0_128,0
HSV,0_60_128_128_0_192,0
HSV,0_60_128_128_0_256,0
HSV,0_60_128_128_64_64,0
HSV,0_60_128_128_64_128,0
HSV,0_60_128_128_64_192,0
HSV,0_60_128_128_64_256,0
HSV,0_60_128_128_128_64,0
HSV,0_60_128_128_128_128,0
HSV,0_60_128_128_128_192,0
HSV,0_60_128_128_128_256,0
HSV,0_60_128_128_192_64,0
HSV,0_60_128_128_192_128,0
HSV,0_60_128_128_192_192,0
HSV,0_60_128_128_192_256,0
HSV,0_60_128_192_0_64,0
HSV,0_60_128_192_0_128,0
HSV,0_60_128_192_0_192,0
HSV,0_60_128_192_0_256,0
HSV,0_60_128_192_64_64,0
HSV,0_60_128_192_64_128,0
HSV,0_60_128_192_64_192,0
HSV,0_60_128_192_64_256,0
HSV,0_60_128_192_128_64,0
HSV,0_60_128_192_128_128,0
HSV,0_60_128_192_128_192,0
HSV,0_60_128_192_128_256,0
HSV,0_60_128_192_192_64,0
HSV,0_60_128_192_192_128,0
HSV,0_60_128_192_192_192,0
HSV,0_60_128_192_192_256,0
HSV,0_60_128_256_0_64,0
HSV,0_60_128_256_0_128,0
HSV,0_60_128_256_0_192,0
HSV,0_60_128_256_0_256,0
HSV,0_60_128_256_64_64,0
HSV,0_60_128_256_64_128,0
HSV,0_60_128_256_64_192,0
HSV,0_60_128_256_64_256,0
HSV,0_60_128_256_128_64,0
HSV,0_60_128_256_128_128,0
HSV,0_60_128_256_128_192,0
HSV,0_60_128_256_128_256,0
HSV,0_60_128_256_192_64,0
HSV,0_60_128_256_192_128,0
HSV,0_60_128_256_192_192,0
HSV,0_60_128_256_192_256,0
HSV,0_60_192_64_0_64,0
HSV,0_60_192_64_0_128,0
HSV,0_60_192_64_0_192,0
HSV,0_60_192_64_0_256,0
HSV,0_60_192_64_64_64,0
HSV,0_60_192_64_64_128,0
HSV,0_60_192_64_64_192,0
HSV,0_60_192_64_64_256,0
HSV,0_60_192_64_128_64,0
HSV,0_60_192_64_128_128,0
HSV,0_60_192_64_128_192,0
HSV,0_60_192_64_128_256,0
HSV,0_60_192_64_192_64,0
HSV,0_60_192_64_192_128,0
HSV,0_60_192_64_192_192,0
HSV,0_60_192_64_192_256,0
HSV,0_60_192_128_0_64,0
HSV,0_60_192_128_0_128,0
HSV,0_60_192_128_0_192,0
HSV,0_60_192_128_0_256,0
HSV,0_60_192_128_64_64,0
HSV,0_60_192_128_64_128,0
HSV,0_60_192_128_64_192,0
HSV,0_60_192_128_64_256,0
HSV,0_60_192_128_128_64,0
HSV,0_60_192_128_128_128,0
HSV,0_60_192_128_128_192,0
HSV,0_60_192_128_128_256,0
HSV,0_60_192_128_192_64,0
HSV,0_60_192_128_192_128,0
HSV,0_60_192_128_192_192,0
HSV,0_60_192_128_192_256,0
HSV,0_60_192_192_0_64,0
HSV,0_60_192_192_0_128,0
HSV,0_60_192_192_0_192,0
HSV,0_60_192_192_0_256,0
HSV,0_60_192_192_64_64,0
HSV,0_60_192_192_64_128,0
HSV,0_60_192_192_64_192,0
HSV,0_60_192_192_64_256,0
HSV,0_60_192_192_128_64,0
HSV,0_60_192_192_128_128,0
HSV,0_60_192_192_128_192,0
HSV,0_60_192_192_128_256,0
HSV,0_60_192_192_192_64,0
HSV,0_60_192_192_192_128,0
HSV,0_60_192_192_192_192,0
HSV,0_60_192_192_192_256,0
HSV,0_60_192_256_0_64,0
HSV,0_60_192_256_0_128,0
HSV,0_60_192_256_0_192,0
HSV,0_60_192_256_0_256,0
HSV,0_60_192_256_64_64,0
HSV,0_60_192_256_64_128,0
HSV,0_60_192_256_64_192,0
HSV,0_60_192_256_64_256,0
HSV,0_60_192_256_128_64,0
HSV,0_60_192_256_128_128,0
HSV,0_60_192_256_128_192,0
HSV,0_60_192_256_128_256,0
HSV,0_60_192_256_192_64,0
HSV,0_60_192_256_192_128,0
HSV,0_60_192_256_192_192,0
HSV,0_60_192_256_192_256,0
HSV,0_90_0_64_0_64,0
HSV,0_90_0_64_0_128,0
HSV,0_90_0_64_0_192,0
HSV,0_90_0_64_0_256,0
HSV,0_90_0_64_64_64,0
HSV,0_90_0_64_64_128,0
HSV,0_90_0_64_64_192,0
HSV,0_90_0_64_64_256,0
HSV,0_90_0_64_128_64,0
HSV,0_90_0_64_128_128,0
HSV,0_90_0_64_128_192,0
HSV,0_90_0_64_128_256,0
HSV,0_90_0_64_192_64,0
HSV,0_90_0_64_192_128,0
HSV,0_90_0_64_192_192,0
HSV,0_90_0_64_192_256,0
HSV,0_90_0_128_0_64,0
HSV,0_90_0_128_0_128,0
HSV,0_90_0_128_0_192,0
HSV,0_90_0_128_0_256,0
HSV,0_90_0_128_64_64,0
HSV,0_90_0_128_64_128,0
HSV,0_90_0_128_64_192,0
HSV,0_90_0_128_64_256,0
HSV,0_90_0_128_128_64,0
HSV,0_90_0_128_128_128,0
HSV,0_90_0_128_128_192,0
HSV,0_90_0_128_128_256,0
HSV,0_90_0_128_192_64,0
HSV,0_90_0_128_192_128,0
HSV,0_90_0_128_192_192,0
HSV,0_90_0_128_192_256,0
HSV,0_90_0_192_0_64,0
HSV,0_90_0_192_0_128,0
HSV,0_90_0_192_0_192,0
HSV,0_90_0_192_0_256,0
HSV,0_90_0_192_64_64,0
HSV,0_90_0_192_64_128,0
HSV,0_90_0_192_64_192,0
HSV,0_90_0_192_64_256,0
HSV,0_90_0_192_128_64,0
HSV,0_90_0_192_128_128,0
HSV,0_90_0_192_128_192,0
HSV,0_90_0_192_128_256,0
HSV,0_90_0_192_192_64,0
HSV,0_90_0_192_192_128,0
HSV,0_90_0_192_192_192,0
HSV,0_90_0_192_192_256,0
HSV,0_90_0_256_0_64,0
HSV,0_90_0_256_0_128,0
HSV,0_90_0_256_0_192,0
HSV,0_90_0_256_0_256,0
HSV,0_90_0_256_64_64,0
HSV,0_90_0_256_64_128,0
HSV,0_90_0_256_64_192,0
HSV,0_90_0_256_64_256,0
HSV,0_90_0_256_128_64,0
HSV,0_90_0_256_128_128,0
HSV,0_90_0_256_128_192,0
HSV,0_90_0_256_128_256,0
HSV,0_90_0_256_192_64,0
HSV,0_90_0_256_192_128,0
HSV,0_90_0_256_192_192,0
HSV,0_90_0_256_192_256,0
HSV,0_90_64_64_0_64,0
HSV,0_90_64_64_0_128,0
HSV,0_90_64_64_0_192,0
HSV,0_90_64_64_0_256,0
HSV,0_90_64_64_64_64,0
HSV,0_90_64_64_64_128,0
HSV,0_90_64_64_64_192,0
HSV,0_90_64_64_64_256,0
HSV,0_90_64_64_128_64,0
HSV,0_90_64_64_128_128,0
HSV,0_90_64_64_128_192,0
HSV,0_90_64_64_128_256,0
HSV,0_90_64_64_192_64,0
HSV,0_90_64_64_192_128,0
HSV,0_90_64_64_192_192,0
HSV,0_90_64_64_192_256,0
HSV,0_90_64_128_0_64,0
HSV,0_90_64_128_0_128,0
HSV,0_90_64_128_0_192,0
HSV,0_90_64_128_0_256,0
HSV,0_90_64_128_64_64,0
HSV,0_90_64_128_64_128,0
HSV,0_90_64_128_64_192,0
HSV,0_90_64_128_64_256,0
HSV,0_90_64_128_128_64,0
HSV,0_90_64_128_128_128,0
HSV,0_90_64_128_128_192,0
HSV,0_90_64_128_128_256,0
HSV,0_90_64_128_192_64,0
HSV,0_90_64_128_192_128,0
HSV,0_90_64_128_192_192,0
HSV,0_90_64_128_192_256,0
HSV,0_90_64_192_0_64,0
HSV,0_90_64_192_0_128,0
HSV,0_90_64_192_0_192,0
HSV,0_90_64_192_0_256,0
HSV,0_90_64_192_64_64,0
HSV,0_90_64_192_64_128,0
HSV,0_90_64_192_64_192,0
HSV,0_90_64_192_64_256,0
HSV,0_90_64_192_128_64,0
HSV,0_90_64_192_128_128,0
HSV,0_90_64_192_128_192,0
HSV,0_90_64_192_128_256,0
HSV,0_90_64_192_192_64,0
HSV,0_90_64_192_192_128,0
HSV,0_90_64_192_192_192,0
HSV,0_90_64_192_192_256,0
HSV,0_90_64_256_0_64,0
HSV,0_90_64_256_0_128,0
HSV,0_90_64_256_0_192,0
HSV,0_90_64_256_0_256,0
HSV,0_90_64_256_64_64,0
HSV,0_90_64_256_64_128,0
HSV,0_90_64_256_64_192,0
HSV,0_90_64_256_64_256,0
HSV,0_90_64_256_128_64,0
HSV,0_90_64_256_128_128,0
HSV,0_90_64_256_128_192,0
HSV,0_90_64_256_128_256,0
HSV,0_90_64_256_192_64,0
HSV,0_90_64_256_192_128,0
HSV,0_90_64_256_192_192,0
HSV,0_90_64_256_192_256,0
HSV,0_90_128_64_0_64,0
HSV,0_90_128_64_0_128,0
HSV,0_90_128_64_0_192,0
HSV,0_90_128_64_0_256,0
HSV,0_90_128_64_64_64,0
HSV,0_90_128_64_64_128,0
HSV,0_90_128_64_64_192,0
HSV,0_90_128_64_64_256,0
HSV,0_90_128_64_128_64,0
HSV,0_90_128_64_128_128,0
HSV,0_90_128_64_128_192,0
HSV,0_90_128_64_128_256,0
HSV,0_90_128_64_192_64,0
HSV,0_90_128_64_192_128,0
HSV,0_90_128_64_192_192,0
HSV,0_90_128_64_192_256,0
HSV,0_90_128_128_0_64,0
HSV,0_90_128_128_0_128,0
HSV,0_90_128_128_0_192,0
HSV,0_90_128_128_0_256,0
HSV,0_90_128_128_64_64,0
HSV,0_90_128_128_64_128,0
HSV,0_90_128_128_64_192,0
HSV,0_90_128_128_64_256,0
HSV,0_90_128_128_128_64,0
HSV,0_90_128_128_128_128,0
HSV,0_90_128_128_128_192,0
HSV,0_90_128_128_128_256,0
HSV,0_90_128_128_192_64,0
HSV,0_90_128_128_192_128,0
HSV,0_90_128_128_192_192,0
HSV,0_90_128_128_192_256,0
HSV,0_90_128_192_0_64,0
HSV,0_90_128_192_0_128,0
HSV,0_90_128_192_0_192,0
HSV,0_90_128_192_0_256,0
HSV,0_90_128_192_64_64,0
HSV,0_90_128_192_64_128,0
HSV,0_90_128_192_64_192,0
HSV,0_90_128_192_64_256,0
HSV,0_90_128_192_128_64,0
HSV,0_90_128_192_128_128,0
HSV,0_90_128_192_128_192,0
HSV,0_90_128_192_128_256,0
HSV,0_90_128_192_192_64,0
HSV,0_90_128_192_192_128,0
HSV,0_90_128_192_192_192,0
HSV,0_90_128_192_192_256,0
HSV,0_90_128_256_0_64,0
HSV,0_90_128_256_0_128,0
HSV,0_90_128_256_0_192,0
HSV,0_90_128_256_0_256,0
HSV,0_90_128_256_64_64,0
HSV,0_90_128_256_64_128,0
HSV,0_90_128_256_64_192,0
HSV,0_90_128_256_64_256,0
HSV,0_90_128_256_128_64,0
HSV,0_90_128_256_128_128,0
HSV,0_90_128_256_128_192,0
HSV,0_90_128_256_128_256,0
HSV,0_90_128_256_192_64,0
HSV,0_90_128_256_192_128,0
HSV,0_90_128_256_192_192,0
HSV,0_90_128_256_192_256,0
HSV,0_90_192_64_0_64,0
HSV,0_90_192_64_0_128,0
HSV,0_90_192_64_0_192,0
HSV,0_90_192_64_0_256,0
HSV,0_90_192_64_64_64,0
HSV,0_90_192_64_64_128,0
HSV,0_90_192_64_64_192,0
HSV,0_90_192_64_64_256,0
HSV,0_90_192_64_128_64,0
HSV,0_90_192_64_128_128,0
HSV,0_90_192_64_128_192,0
HSV,0_90_192_64_128_256,0
HSV,0_90_192_64_192_64,0
HSV,0_90_192_64_192_128,0
HSV,0_90_192_64_192_192,0
HSV,0_90_192_64_192_256,0
HSV,0_90_192_128_0_64,0
HSV,0_90_192_128_0_128,0
HSV,0_90_192_128_0_192,0
HSV,0_90_192_128_0_256,0
HSV,0_90_192_128_64_64,0
HSV,0_90_192_128_64_128,0
HSV,0_90_192_128_64_192,0
HSV,0_90_192_128_64_256,0
HSV,0_90_192_128_128_64,0
HSV,0_90_192_128_128_128,0
HSV,0_90_192_128_128_192,0
HSV,0_90_192_128_128_256,0
HSV,0_90_192_128_192_64,0
HSV,0_90_192_128_192_128,0
HSV,0_90_192_128_192_192,0
HSV,0_90_192_128_192_256,0
HSV,0_90_192_192_0_64,0
HSV,0_90_192_192_0_128,0
HSV,0_90_192_192_0_192,0
HSV,0_90_192_192_0_256,0
HSV,0_90_192_192_64_64,0
HSV,0_90_192_192_64_128,0
HSV,0_90_192_192_64_192,0
HSV,0_90_192_192_64_256,0
HSV,0_90_192_192_128_64,0
HSV,0_90_192_192_128_128,0
HSV,0_90_192_192_128_192,0
HSV,0_90_192_192_128_256,0
HSV,0_90_192_192_192_64,0
HSV,0_90_192_192_192_128,0
HSV,0_90_192_192_192_192,0
HSV,0_90_192_192_192_256,0
HSV,0_90_192_256_0_64,0
HSV,0_90_192_256_0_128,0
HSV,0_90_192_256_0_192,0
HSV,0_90_192_256_0_256,0
HSV,0_90_192_256_64_64,0
HSV,0_90_192_256_64_128,0
HSV,0_90_192_256_64_192,0
HSV,0_90_192_256_64_256,0
HSV,0_90_192_256_128_64,0
HSV,0_90_192_256_128_128,0
HSV,0_90_192_256_128_192,0
HSV,0_90_192_256_128_256,0
HSV,0_90_192_256_192_64,0
HSV,0_90_192_256_192_128,0
HSV,0_90_192_256_192_192,0
HSV,0_90_192_256_192_256,0
HSV,0_120_0_64_0_64,0
HSV,0_120_0_64_0_128,0
HSV,0_120_0_64_0_192,0
HSV,0_120_0_64_0_256,0
HSV,0_120_0_64_64_64,0
HSV,0_120_0_64_64_128,0
HSV,0_120_0_64_64_192,0
HSV,0_120_0_64_64_256,0
HSV,0_120_0_64_128_64,0
HSV,0_120_0_64_128_128,0
HSV,0_120_0_64_128_192,0
HSV,0_120_0_64_128_256,0
HSV,0_120_0_64_192_64,0
HSV,0_120_0_64_192_128,0
HSV,0_120_0_64_192_192,0
HSV,0_120_0_64_192_256,0
HSV,0_120_0_128_0_64,0
HSV,0_120_0_128_0_128,0
HSV,0_120_0_128_0_192,0
HSV,0_120_0_128_0_256,0
HSV,0_120_0_128_64_64,0
HSV,0_120_0_128_64_128,0
HSV,0_120_0_128_64_192,0
HSV,0_120_0_128_64_256,0
HSV,0_120_0_128_128_64,0
HSV,0_120_0_128_128_128,0
HSV,0_120_0_128_128_192,0
HSV,0_120_0_128_128_256,0
HSV,0_120_0_128_192_64,0
HSV,0_120_0_128_192_128,0
HSV,0_120_0_128_192_192,0
HSV,0_120_0_128_192_256,0
HSV,0_120_0_192_0_64,0
HSV,0_120_0_192_0_128,0
HSV,0_120_0_192_0_192,0
HSV,0_120_0_192_0_256,0
HSV,0_120_0_192_64_64,0
HSV,0_120_0_192_64_128,0
HSV,0_120_0_192_64_192,0
HSV,0_120_0_192_64_256,0
HSV,0_120_0_192_128_64,0
HSV,0_120_0_192_128_128,0
HSV,0_120_0_192_128_192,0
HSV,0_120_0_192_128_256,0
HSV,0_120_0_192_192_64,0
HSV,0_120_0_192_192_128,0
HSV,0_120_0_192_192_192,0
HSV,0_120_0_192_192_256,0
HSV,0_120_0_256_0_64,0
HSV,0_120_0_256_0_128,0
HSV,0_120_0_256_0_192,0
HSV,0_120_0_256_0_256,0
HSV,0_120_0_256_64_64,0
HSV,0_120_0_256_64_128,0
HSV,0_120_0_256_64_192,0
HSV,0_120_0_256_64_256,0
HSV,0_120_0_256_128_64,0
HSV,0_120_0_256_128_128,0
HSV,0_120_0_256_128_192,0
HSV,0_120_0_256_128_256,0
HSV,0_120_0_256_192_64,0
HSV,0_120_0_256_192_128,0
HSV,0_120_0_256_192_192,0
HSV,0_120_0_256_192_256,0
HSV,0_120_64_64_0_64,0
HSV,0_120_64_64_0_128,0
HSV,0_120_64_64_0_192,0
HSV,0_120_64_64_0_256,0
HSV,0_120_64_64_64_64,0
HSV,0_120_64_64_64_128,0
HSV,0_120_64_64_64_192,0
HSV,0_120_64_64_64_256,0
HSV,0_120_64_64_128_64,0
HSV,0_120_64_64_128_128,0
HSV,0_120_64_64_128_192,0
HSV,0_120_64_64_128_256,0
HSV,0_120_64_64_192_64,0
HSV,0_120_64_64_192_128,0
HSV,0_120_64_64_192_192,0
HSV,0_120_64_64_192_256,0
HSV,0_120_64_128_0_64,0
HSV,0_120_64_128_0_128,0
HSV,0_120_64_128_0_192,0
HSV,0_120_64_128_0_256,0
HSV,0_120_64_128_64_64,0
HSV,0_120_64_128_64_128,0
HSV,0_120_64_128_64_192,0
HSV,0_120_64_128_64_256,0
HSV,0_120_64_128_128_64,0
HSV,0_120_64_128_128_128,0
HSV,0_120_64_128_128_192,0
HSV,0_120_64_128_128_256,0
HSV,0_120_64_128_192_64,0
HSV,0_120_64_128_192_128,0
HSV,0_120_64_128_192_192,0
HSV,0_120_64_128_192_256,0
HSV,0_120_64_192_0_64,0
HSV,0_120_64_192_0_128,0
HSV,0_120_64_192_0_192,0
HSV,0_120_64_192_0_256,0
HSV,0_120_64_192_64_64,0
HSV,0_120_64_192_64_128,0
HSV,0_120_64_192_64_192,0
HSV,0_120_64_192_64_256,0
HSV,0_120_64_192_128_64,0
HSV,0_120_64_192_128_128,0
HSV,0_120_64_192_128_192,0
HSV,0_120_64_192_128_256,0
HSV,0_120_64_192_192_64,0
HSV,0_120_64_192_192_128,0
HSV,0_120_64_192_192_192,0
HSV,0_120_64_192_192_256,0
HSV,0_120_64_256_0_64,0
HSV,0_120_64_256_0_128,0
HSV,0_120_64_256_0_192,0
HSV,0_120_64_256_0_256,0
HSV,0_120_64_256_64_64,0
HSV,0_120_64_256_64_128,0
HSV,0_120_64_256_64_192,0
HSV,0_120_64_256_64_256,0
HSV,0_120_64_256_128_64,0
HSV,0_120_64_256_128_128,0
HSV,0_120_64_256_128_192,0
HSV,0_120_64_256_128_256,0
HSV,0_120_64_256_192_64,0
HSV,0_120_64_256_192_128,0
HSV,0_120_64_256_192_192,0
HSV,0_120_64_256_192_256,0
HSV,0_120_128_64_0_64,0
HSV,0_120_128_64_0_128,0
HSV,0_120_128_64_0_192,0
HSV,0_120_128_64_0_256,0
HSV,0_120_128_64_64_64,0
HSV,0_120_128_64_64_128,0
HSV,0_120_128_64_64_192,0
HSV,0_120_128_64_64_256,0
HSV,0_120_128_64_128_64,0
HSV,0_120_128_64_128_128,0
HSV,0_120_128_64_128_192,0
HSV,0_120_128_64_128_256,0
HSV,0_120_128_64_192_64,0
HSV,0_120_128_64_192_128,0
HSV,0_120_128_64_192_192,0
HSV,0_120_128_64_192_256,0
HSV,0_120_128_128_0_64,0
HSV,0_120_128_128_0_128,0
HSV,0_120_128_128_0_192,0
HSV,0_120_128_128_0_256,0
HSV,0_120_128_128_64_64,0
HSV,0_120_128_128_64_128,0
HSV,0_120_128_128_64_192,0
HSV,0_120_128_128_64_256,0
HSV,0_120_128_128_128_64,0
HSV,0_120_128_128_128_128,0
HSV,0_120_128_128_128_192,0
HSV,0_120_128_128_128_256,0
HSV,0_120_128_128_192_64,0
HSV,0_120_128_128_192_128,0
HSV,0_120_128_128_192_192,0
HSV,0_120_128_128_192_256,0
HSV,0_120_128_192_0_64,0
HSV,0_120_128_192_0_128,0
HSV,0_120_128_192_0_192,0
HSV,0_120_128_192_0_256,0
HSV,0_120_128_192_64_64,0
HSV,0_120_128_192_64_128,0
HSV,0_120_128_192_64_192,0
HSV,0_120_128_192_64_256,0
HSV,0_120_128_192_128_64,0
HSV,0_120_128_192_128_128,0
HSV,0_120_128_192_128_192,0
HSV,0_120_128_192_128_256,0
HSV,0_120_128_192_192_64,0
HSV,0_120_128_192_192_128,0
HSV,0_120_128_192_192_192,0
HSV,0_120_128_192_192_256,0
HSV,0_120_128_256_0_64,0
HSV,0_120_128_256_0_128,0
HSV,0_120_128_256_0_192,0
HSV,0_120_128_256_0_256,0
HSV,0_120_128_256_64_64,0
HSV,0_120_128_256_64_128,0
HSV,0_120_128_256_64_192,0
HSV,0_120_128_256_64_256,0
HSV,0_120_128_256_128_64,0
HSV,0_120_128_256_128_128,0
HSV,0_120_128_256_128_192,0
HSV,0_120_128_256_128_256,0
HSV,0_120_128_256_192_64,0
HSV,0_120_128_256_192_128,0
HSV,0_120_128_256_192_192,0
HSV,0_120_128_256_192_256,0
HSV,0_120_192_64_0_64,0
HSV,0_120_192_64_0_128,0
HSV,0_120_192_64_0_192,0
HSV,0_120_192_64_0_256,0
HSV,0_120_192_64_64_64,0
HSV,0_120_192_64_64_128,0
HSV,0_120_192_64_64_192,0
HSV,0_120_192_64_64_256,0
HSV,0_120_192_64_128_64,0
HSV,0_120_192_64_128_128,0
HSV,0_120_192_64_128_192,0
HSV,0_120_192_64_128_256,0
HSV,0_120_192_64_192_64,0
HSV,0_120_192_64_192_128,0
HSV,0_120_192_64_192_192,0
HSV,0_120_192_64_192_256,0
HSV,0_120_192_128_0_64,0
HSV,0_120_192_128_0_128,0
HSV,0_120_192_128_0_192,0
HSV,0_120_192_128_0_256,0
HSV,0_120_192_128_64_64,0
HSV,0_120_192_128_64_128,0
HSV,0_120_192_128_64_192,0
HSV,0_120_192_128_64_256,0
HSV,0_120_192_128_128_64,0
HSV,0_120_192_128_128_128,0
HSV,0_120_192_128_128_192,0
HSV,0_120_192_128_128_256,0
HSV,0_120_192_128_192_64,0
HSV,0_120_192_128_192_128,0
HSV,0_120_192_128_192_192,0
HSV,0_120_192_128_192_256,0
HSV,0_120_192_192_0_64,0
HSV,0_120_192_192_0_128,0
HSV,0_120_192_192_0_192,0
HSV,0_120_192_192_0_256,0
HSV,0_120_192_192_64_64,0
HSV,0_120_192_192_64_128,0
HSV,0_120_192_192_64_192,0
HSV,0_120_192_192_64_256,0
HSV,0_120_192_192_128_64,0
HSV,0_120_192_192_128_128,0
HSV,0_120_192_192_128_192,0
HSV,0_120_192_192_128_256,0
HSV,0_120_192_192_192_64,0
HSV,0_120_192_192_192_128,0
HSV,0_120_192_192_192_192,0
HSV,0_120_192_192_192_256,0
HSV,0_120_192_256_0_64,0
HSV,0_120_192_256_0_128,0
HSV,0_120_192_256_0_192,0
HSV,0_120_192_256_0_256,0
HSV,0_120_192_256_64_64,0
HSV,0_120_192_256_64_128,0
HSV,0_120_192_256_64_192,0
HSV,0_120_192_256_64_256,0
HSV,0_120_192_256_128_64,0
HSV,0_120_192_256_128_128,0
HSV,0_120_192_256_128_192,0
HSV,0_120_192_256_128_256,0
HSV,0_120_192_256_192_64,0
HSV,0_120_192_256_192_128,0
HSV,0_120_192_256_192_192,0
HSV,0_120_192_256_192_256,0
HSV,0_150_0_64_0_64,0
HSV,0_150_0_64_0_128,0
HSV,0_150_0_64_0_192,0
HSV,0_150_0_64_0_256,0
HSV,0_150_0_64_64_64,0
HSV,0_150_0_64_64_128,0
HSV,0_150_0_64_64_192,0
HSV,0_150_0_64_64_256,0
HSV,0_150_0_64_128_64,0
HSV,0_150_0_64_128_128,0
HSV,0_150_0_64_128_192,0
HSV,0_150_0_64_128_256,0
HSV,0_150_0_64_192_64,0
HSV,0_150_0_64_192_128,0
HSV,0_150_0_64_192_192,0
HSV,0_150_0_64_192_256,0
HSV,0_150_0_128_0_64,0
HSV,0_150_0_128_0_128,0
HSV,0_150_0_128_0_192,0
HSV,0_150_0_128_0_256,0
HSV,0_150_0_128_64_64,0
HSV,0_150_0_128_64_128,0
HSV,0_150_0_128_64_192,0
HSV,0_150_0_128_64_256,0
HSV,0_150_0_128_128_64,0
HSV,0_150_0_128_128_128,0
HSV,0_150_0_128_128_192,0
HSV,0_150_0_128_128_256,0
HSV,0_150_0_128_192_64,0
HSV,0_150_0_128_192_128,0
HSV,0_150_0_128_192_192,0
HSV,0_150_0_128_192_256,0
HSV,0_150_0_192_0_64,0
HSV,0_150_0_192_0_128,0
HSV,0_150_0_192_0_192,0
HSV,0_150_0_192_0_256,0
HSV,0_150_0_192_64_64,0
HSV,0_150_0_192_64_128,0
HSV,0_150_0_192_64_192,0
HSV,0_150_0_192_64_256,0
HSV,0_150_0_192_128_64,0
HSV,0_150_0_192_128_128,0
HSV,0_150_0_192_128_192,0
HSV,0_150_0_192_128_256,0
HSV,0_150_0_192_192_64,0
HSV,0_150_0_192_192_128,0
HSV,0_150_0_192_192_192,0
HSV,0_150_0_192_192_256,0
HSV,0_150_0_256_0_64,0
HSV,0_150_0_256_0_128,0
HSV,0_150_0_256_0_192,0
HSV,0_150_0_256_0_256,0
HSV,0_150_0_256_64_64,0
HSV,0_150_0_256_64_128,0
HSV,0_150_0_256_64_192,0
HSV,0_150_0_256_64_256,0
HSV,0_150_0_256_128_64,0
HSV,0_150_0_256_128_128,0
HSV,0_150_0_256_128_192,0
HSV,0_150_0_256_128_256,0
HSV,0_150_0_256_192_64,0
HSV,0_150_0_256_192_128,0
HSV,0_150_0_256_192_192,0
HSV,0_150_0_256_192_256,0
HSV,0_150_64_64_0_64,0
HSV,0_150_64_64_0_128,0
HSV,0_150_64_64_0_192,0
HSV,0_150_64_64_0_256,0
HSV,0_150_64_64_64_64,0
HSV,0_150_64_64_64_128,0
HSV,0_150_64_64_64_192,0
HSV,0_150_64_64_64_256,0
HSV,0_150_64_64_128_64,0
HSV,0_150_64_64_128_128,0
HSV,0_150_64_64_128_192,0
HSV,0_150_64_64_128_256,0
HSV,0_150_64_64_192_64,0
HSV,0_150_64_64_192_128,0
HSV,0_150_64_64_192_192,0
HSV,0_150_64_64_192_256,0
HSV,0_150_64_128_0_64,0
HSV,0_150_64_128_0_128,0
HSV,0_150_64_128_0_192,0
HSV,0_150_64_128_0_256,0
HSV,0_150_64_128_64_64,0
HSV,0_150_64_128_64_128,0
HSV,0_150_64_128_64_192,0
HSV,0_150_64_128_64_256,0
HSV,0_150_64_128_128_64,0
HSV,0_150_64_128_128_128,0
HSV,0_150_64_128_128_192,0
HSV,0_150_64_128_128_256,0
HSV,0_150_64_128_192_64,0
HSV,0_150_64_128_192_128,0
HSV,0_150_64_128_192_192,0
HSV,0_150_64_128_192_256,0
HSV,0_150_64_192_0_64,0
HSV,0_150_64_192_0_128,0
HSV,0_150_64_192_0_192,0
HSV,0_150_64_192_0_256,0
HSV,0_150_64_192_64_64,0
HSV,0_150_64_192_64_128,0
HSV,0_150_64_192_64_192,0
HSV,0_150_64_192_64_256,0
HSV,0_150_64_192_128_64,0
HSV,0_150_64_192_128_128,0
HSV,0_150_64_192_128_192,0
HSV,0_150_64_192_128_256,0
HSV,0_150_64_192_192_64,0
HSV,0_150_64_192_192_128,0
HSV,0_150_64_192_192_192,0
HSV,0_150_64_192_192_256,0
HSV,0_150_64_256_0_64,0
HSV,0_150_64_256_0_128,0
HSV,0_150_64_256_0_192,0
HSV,0_150_64_256_0_256,0
HSV,0_150_64_256_64_64,0
HSV,0_150_64_256_64_128,0
HSV,0_150_64_256_64_192,0
HSV,0_150_64_256_64_256,0
HSV,0_150_64_256_128_64,0
HSV,0_150_64_256_128_128,0
HSV,0_150_64_256_128_192,0
HSV,0_150_64_256_128_256,0
HSV,0_150_64_256_192_64,0
HSV,0_150_64_256_192_128,0
HSV,0_150_64_256_192_192,0
HSV,0_150_64_256_192_256,0
HSV,0_150_128_64_0_64,0
HSV,0_150_128_64_0_128,0
HSV,0_150_128_64_0_192,0
HSV,0_150_128_64_0_256,0
HSV,0_150_128_64_64_64,0
HSV,0_150_128_64_64_128,0
HSV,0_150_128_64_64_192,0
HSV,0_150_128_64_64_256,0
HSV,0_150_128_64_128_64,0
HSV,0_150_128_64_128_128,0
HSV,0_150_128_64_128_192,0
HSV,0_150_128_64_128_256,0
HSV,0_150_128_64_192_64,0
HSV,0_150_128_64_192_128,0
HSV,0_150_128_64_192_192,0
HSV,0_150_128_64_192_256,0
HSV,0_150_128_128_0_64,0
HSV,0_150_128_128_0_128,0
HSV,0_150_128_128_0_192,0
HSV,0_150_128_128_0_256,0
HSV,0_150_128_128_64_64,0
HSV,0_150_128_128_64_128,0
HSV,0_150_128_128_64_192,0
HSV,0_150_128_128_64_256,0
HSV,0_150_128_128_128_64,0
HSV,0_150_128_128_128_128,0
HSV,0_150_128_128_128_192,0
HSV,0_150_128_128_128_256,0
HSV,0_150_128_128_192_64,0
HSV,0_150_128_128_192_128,0
HSV,0_150_128_128_192_192,0
HSV,0_150_128_128_192_256,0
HSV,0_150_128_192_0_64,0
HSV,0_150_128_192_0_128,0
HSV,0_150_128_192_0_192,0
HSV,0_150_128_192_0_256,0
HSV,0_150_128_192_64_64,0
HSV,0_150_128_192_64_128,0
HSV,0_150_128_192_64_192,0
HSV,0_150_128_192_64_256,0
HSV,0_150_128_192_128_64,0
HSV,0_150_128_192_128_128,0
HSV,0_150_128_192_128_192,0
HSV,0_150_128_192_128_256,0
HSV,0_150_128_192_192_64,0
HSV,0_150_128_192_192_128,0
HSV,0_150_128_192_192_192,0
HSV,0_150_128_192_192_256,0
HSV,0_150_128_256_0_64,0
HSV,0_150_128_256_0_128,0
HSV,0_150_128_256_0_192,0
HSV,0_150_128_256_0_256,0
HSV,0_150_128_256_64_64,0
HSV,0_150_128_256_64_128,0
HSV,0_150_128_256_64_192,0
HSV,0_150_128_256_64_256,0
HSV,0_150_128_256_128_64,0
HSV,0_150_128_256_128_128,0
HSV,0_150_128_256_128_192,0
HSV,0_150_128_256_128_256,0
HSV,0_150_128_256_192_64,0
HSV,0_150_128_256_192_128,0
HSV,0_150_128_256_192_192,0
HSV,0_150_128_256_192_256,0
HSV,0_150_192_64_0_64,0
HSV,0_150_192_64_0_128,0
HSV,0_150_192_64_0_192,0
HSV,0_150_192_64_0_256,0
HSV,0_150_192_64_64_64,0
HSV,0_150_192_64_64_128,0
HSV,0_150_192_64_64_192,0
HSV,0_150_192_64_64_256,0
HSV,0_150_192_64_128_64,0
HSV,0_150_192_64_128_128,0
HSV,0_150_192_64_128_192,0
HSV,0_150_192_64_128_256,0
HSV,0_150_192_64_192_64,0
HSV,0_150_192_64_192_128,0
HSV,0_150_192_64_192_192,0
HSV,0_150_192_64_192_256,0
HSV,0_150_192_128_0_64,0
HSV,0_150_192_128_0_128,0
HSV,0_150_192_128_0_192,0
HSV,0_150_192_128_0_256,0
HSV,0_150_192_128_64_64,0
HSV,0_150_192_128_64_128,0
HSV,0_150_192_128_64_192,0
HSV,0_150_192_128_64_256,0
HSV,0_150_192_128_128_64,0
HSV,0_150_192_128_128_128,0
HSV,0_150_192_128_128_192,0
HSV,0_150_192_128_128_256,0
HSV,0_150_192_128_192_64,0
HSV,0_150_192_128_192_128,0
HSV,0_150_192_128_192_192,0
HSV,0_150_192_128_192_256,0
HSV,0_150_192_192_0_64,0
HSV,0_150_192_192_0_128,0
HSV,0_150_192_192_0_192,0
HSV,0_150_192_192_0_256,0
HSV,0_150_192_192_64_64,0
HSV,0_150_192_192_64_128,0
HSV,0_150_192_192_64_192,0
HSV,0_150_192_192_64_256,0
HSV,0_150_192_192_128_64,0
HSV,0_150_192_192_128_128,0
HSV,0_150_192_192_128_192,0
HSV,0_150_192_192_128_256,0
HSV,0_150_192_192_192_64,0
HSV,0_150_192_192_192_128,0
HSV,0_150_192_192_192_192,0
HSV,0_150_192_192_192_256,0
HSV,0_150_192_256_0_64,0
HSV,0_150_192_256_0_128,0
HSV,0_150_192_256_0_192,0
HSV,0_150_192_256_0_256,0
HSV,0_150_192_256_64_64,0
HSV,0_150_192_256_64_128,0
HSV,0_150_192_256_64_192,0
HSV,0_150_192_256_64_256,0
HSV,0_150_192_256_128_64,0
HSV,0_150_192_256_128_128,0
HSV,0_150_192_256_128_192,0
HSV,0_150_192_256_128_256,0
HSV,0_150_192_256_192_64,0
HSV,0_150_192_256_192_128,0
HSV,0_150_192_256_192_192,0
HSV,0_150_192_256_192_256,0
HSV,0_180_0_64_0_64,0
HSV,0_180_0_64_0_128,0
HSV,0_180_0_64_0_192,0
HSV,0_180_0_64_0_256,0
HSV,0_180_0_64_64_64,0
HSV,0_180_0_64_64_128,0
HSV,0_180_0_64_64_192,0
HSV,0_180_0_64_64_256,0
HSV,0_180_0_64_128_64,0
HSV,0_180_0_64_128_128,0
HSV,0_180_0_64_128_192,0
HSV,0_180_0_64_128_256,0
HSV,0_180_0_64_192_64,0
HSV,0_180_0_64_192_128,0
HSV,0_180_0_64_192_192,0
HSV,0_180_0_64_192_256,0
HSV,0_180_0_128_0_64,0
HSV,0_180_0_128_0_128,0
HSV,0_180_0_128_0_192,0
HSV,0_180_0_128_0_256,0
HSV,0_180_0_128_64_64,0
HSV,0_180_0_128_64_128,0
HSV,0_180_0_128_64_192,0
HSV,0_180_0_128_64_256,0
HSV,0_180_0_128_128_64,0
HSV,0_180_0_128_128_128,0
HSV,0_180_0_128_128_192,0
HSV,0_180_0_128_128_256,0
HSV,0_180_0_128_192_64,0
HSV,0_180_0_128_192_128,0
HSV,0_180_0_128_192_192,0
HSV,0_180_0_128_192_256,0
HSV,0_180_0_192_0_64,0
HSV,0_180_0_192_0_128,0
HSV,0_180_0_192_0_192,0
HSV,0_180_0_192_0_256,0
HSV,0_180_0_192_64_64,0
HSV,0_180_0_192_64_128,0
HSV,0_180_0_192_64_192,0
HSV,0_180_0_192_64_256,0
HSV,0_180_0_192_128_64,0
HSV,0_180_0_192_128_128,0
HSV,0_180_0_192_128_192,0
HSV,0_180_0_192_128_256,0
HSV,0_180_0_192_192_64,0
HSV,0_180_0_192_192_128,0
HSV,0_180_0_192_192_192,0
HSV,0_180_0_192_192_256,0
HSV,0_180_0_256_0_64,0
HSV,0_180_0_256_0_128,0
HSV,0_180_0_256_0_192,0
HSV,0_180_0_256_0_256,0
HSV,0_180_0_256_64_64,0
HSV,0_180_0_256_64_128,0
HSV,0_180_0_256_64_192,0
HSV,0_180_0_256_64_256,0
HSV,0_180_0_256_128_64,0
HSV,0_180_0_256_128_128,0
HSV,0_180_0_256_128_192,0
HSV,0_180_0_256_128_256,0
HSV,0_180_0_256_192_64,0
HSV,0_180_0_256_192_128,0
HSV,0_180_0_256_192_192,0
HSV,0_180_0_256_192_256,0
HSV,0_180_64_64_0_64,0
HSV,0_180_64_64_0_128,0
HSV,0_180_64_64_0_192,0
HSV,0_180_64_64_0_256,0
HSV,0_180_64_64_64_64,0
HSV,0_180_64_64_64_128,0
HSV,0_180_64_64_64_192,0
HSV,0_180_64_64_64_256,0
HSV,0_180_64_64_128_64,0
HSV,0_180_64_64_128_128,0
HSV,0_180_64_64_128_192,0
HSV,0_180_64_64_128_256,0
HSV,0_180_64_64_192_64,0
HSV,0_180_64_64_192_128,0
HSV,0_180_64_64_192_192,0
HSV,0_180_64_64_192_256,0
HSV,0_180_64_128_0_64,0
HSV,0_180_64_128_0_128,0
HSV,0_180_64_128_0_192,0
HSV,0_180_64_128_0_256,0
HSV,0_180_64_128_64_64,0
HSV,0_180_64_128_64_128,0
HSV,0_180_64_128_64_192,0
HSV,0_180_64_128_64_256,0
HSV,0_180_64_128_128_64,0
HSV,0_180_64_128_128_128,0
HSV,0_180_64_128_128_192,0
HSV,0_180_64_128_128_256,0
HSV,0_180_64_128_192_64,0
HSV,0_180_64_128_192_128,0
HSV,0_180_64_128_192_192,0
HSV,0_180_64_128_192_256,0
HSV,0_180_64_192_0_64,0
HSV,0_180_64_192_0_128,0
HSV,0_180_64_192_0_192,0
HSV,0_180_64_192_0_256,0
HSV,0_180_64_192_64_64,0
HSV,0_180_64_192_64_128,0
HSV,0_180_64_192_64_192,0
HSV,0_180_64_192_64_256,0
HSV,0_180_64_192_128_64,0
HSV,0_180_64_192_128_128,0
HSV,0_180_64_192_128_192,0
HSV,0_180_64_192_128_256,0
HSV,0_180_64_192_192_64,0
HSV,0_180_64_192_192_128,0
HSV,0_180_64_192_192_192,0
HSV,0_180_64_192_192_256,0
HSV,0_180_64_256_0_64,0
HSV,0_180_64_256_0_128,0
HSV,0_180_64_256_0_192,0
HSV,0_180_64_256_0_256,0
HSV,0_180_64_256_64_64,0
HSV,0_180_64_256_64_128,0
HSV,0_180_64_256_64_192,0
HSV,0_180_64_256_64_256,0
HSV,0_180_64_256_128_64,0
HSV,0_180_64_256_128_128,0
HSV,0_180_64_256_128_192,0
HSV,0_180_64_256_128_256,0
HSV,0_180_64_256_192_64,0
HSV,0_180_64_256_192_128,0
HSV,0_180_64_256_192_192,0
HSV,0_180_64_256_192_256,0
HSV,0_180_128_64_0_64,0
HSV,0_180_128_64_0_128,0
HSV,0_180_128_64_0_192,0
HSV,0_180_128_64_0_256,0
HSV,0_180_128_64_64_64,0
HSV,0_180_128_64_64_128,0
HSV,0_180_128_64_64_192,0
HSV,0_180_128_64_64_256,0
HSV,0_180_128_64_128_64,0
HSV,0_180_128_64_128_128,0
HSV,0_180_128_64_128_192,0
HSV,0_180_128_64_128_256,0
HSV,0_180_128_64_192_64,0
HSV,0_180_128_64_192_128,0
HSV,0_180_128_64_192_192,0
HSV,0_180_128_64_192_256,0
HSV,0_180_128_128_0_64,0
HSV,0_180_128_128_0_128,0
HSV,0_180_128_128_0_192,0
HSV,0_180_128_128_0_256,0
HSV,0_180_128_128_64_64,0
HSV,0_180_128_128_64_128,0
HSV,0_180_128_128_64_192,0
HSV,0_180_128_128_64_256,0
HSV,0_180_128_128_128_64,0
HSV,0_180_128_128_128_128,0
HSV,0_180_128_128_128_192,0
HSV,0_180_128_128_128_256,0
HSV,0_180_128_128_192_64,0
HSV,0_180_128_128_192_128,0
HSV,0_180_128_128_192_192,0
HSV,0_180_128_128_192_256,0
HSV,0_180_128_192_0_64,0
HSV,0_180_128_192_0_128,0
HSV,0_180_128_192_0_192,0
HSV,0_180_128_192_0_256,0
HSV,0_180_128_192_64_64,0
HSV,0_180_128_192_64_128,0
HSV,0_180_128_192_64_192,0
HSV,0_180_128_192_64_256,0
HSV,0_180_128_192_128_64,0
HSV,0_180_128_192_128_128,0
HSV,0_180_128_192_128_192,0
HSV,0_180_128_192_128_256,0
HSV,0_180_128_192_192_64,0
HSV,0_180_128_192_192_128,0
HSV,0_180_128_192_192_192,0
HSV,0_180_128_192_192_256,0
HSV,0_180_128_256_0_64,0
HSV,0_180_128_256_0_128,0
HSV,0_180_128_256_0_192,0
HSV,0_180_128_256_0_256,0
HSV,0_180_128_256_64_64,0
HSV,0_180_128_256_64_128,0
HSV,0_180_128_256_64_192,0
HSV,0_180_128_256_64_256,0
HSV,0_180_128_256_128_64,0
HSV,0_180_128_256_128_128,0
HSV,0_180_128_256_128_192,0
HSV,0_180_128_256_128_256,0
HSV,0_180_128_256_192_64,0
HSV,0_180_128_256_192_128,0
HSV,0_180_128_256_192_192,0
HSV,0_180_128_256_192_256,0
HSV,0_180_192_64_0_64,0
HSV,0_180_192_64_0_128,0
HSV,0_180_192_64_0_192,0
HSV,0_180_192_64_0_256,0
HSV,0_180_192_64_64_64,0
HSV,0_180_192_64_64_128,0
HSV,0_180_192_64_64_192,0
HSV,0_180_192_64_64_256,0
HSV,0_180_192_64_128_64,0
HSV,0_180_192_64_128_128,0
HSV,0_180_192_64_128_192,0
HSV,0_180_192_64_128_256,0
HSV,0_180_192_64_192_64,0
HSV,0_180_192_64_192_128,0
HSV,0_180_192_64_192_192,0
HSV,0_180_192_64_192_256,0
HSV,0_180_192_128_0_64,0
HSV,0_180_192_128_0_128,0
HSV,0_180_192_128_0_192,0
HSV,0_180_192_128_0_256,0
HSV,0_180_192_128_64_64,0
HSV,0_180_192_128_64_128,0
HSV,0_180_192_128_64_192,0
HSV,0_180_192_128_64_256,0
HSV,0_180_192_128_128_64,0
HSV,0_180_192_128_128_128,0
HSV,0_180_192_128_128_192,0
HSV,0_180_192_128_128_256,0
HSV,0_180_192_128_192_64,0
HSV,0_180_192_128_192_128,0
HSV,0_180_192_128_192_192,0
HSV,0_180_192_128_192_256,0
HSV,0_180_192_192_0_64,0
HSV,0_180_192_192_0_128,0
HSV,0_180_192_192_0_192,0
HSV,0_180_192_192_0_256,0
HSV,0_180_192_192_64_64,0
HSV,0_180_192_192_64_128,0
HSV,0_180_192_192_64_192,0
HSV,0_180_192_192_64_256,0
HSV,0_180_192_192_128_64,0
HSV,0_180_192_192_128_128,0
HSV,0_180_192_192_128_192,0
HSV,0_180_192_192_128_256,0
HSV,0_180_192_192_192_64,0
HSV,0_180_192_192_192_128,0
HSV,0_180_192_192_192_192,0
HSV,0_180_192_192_192_256,0
HSV,0_180_192_256_0_64,0
HSV,0_180_192_256_0_128,0
HSV,0_180_192_256_0_192,0
HSV,0_180_192_256_0_256,0
HSV,0_180_192_256_64_64,0
HSV,0_180_192_256_64_128,0
HSV,0_180_192_256_64_192,0
HSV,0_180_192_256_64_256,0
HSV,0_180_192_256_128_64,0
HSV,0_180_192_256_128_128,0
HSV,0_180_192_256_128_192,0
HSV,0_180_192_256_128_256,0
HSV,0_180_192_256_192_64,0
HSV,0_180_192_256_192_128,0
HSV,0_180_192_256_192_192,0
HSV,0_180_192_256_192_256,0
HSV,30_30_0_64_0_64,0
HSV,30_30_0_64_0_128,0
HSV,30_30_0_64_0_192,0
HSV,30_30_0_64_0_256,0
HSV,30_30_0_64_64_64,0
HSV,30_30_0_64_64_128,0
HSV,30_30_0_64_64_192,0
HSV,30_30_0_64_64_256,0
HSV,30_30_0_64_128_64,0
HSV,30_30_0_64_128_128,0
HSV,30_30_0_64_128_192,0
HSV,30_30_0_64_128_256,0
HSV,30_30_0_64_192_64,0
HSV,30_30_0_64_192_128,0
HSV,30_30_0_64_192_192,0
HSV,30_30_0_64_192_256,0
HSV,30_30_0_128_0_64,0
HSV,30_30_0_128_0_128,0
HSV,30_30_0_128_0_192,0
HSV,30_30_0_128_0_256,0
HSV,30_30_0_128_64_64,0
HSV,30_30_0_128_64_128,0
HSV,30_30_0_128_64_192,0
HSV,30_30_0_128_64_256,0
HSV,30_30_0_128_128_64,0
HSV,30_30_0_128_128_128,0
HSV,30_30_0_128_128_192,0
HSV,30_30_0_128_128_256,0
HSV,30_30_0_128_192_64,0
HSV,30_30_0_128_192_128,0
HSV,30_30_0_128_192_192,0
HSV,30_30_0_128_192_256,0
HSV,30_30_0_192_0_64,0
HSV,30_30_0_192_0_128,0
HSV,30_30_0_192_0_192,0
HSV,30_30_0_192_0_256,0
HSV,30_30_0_192_64_64,0
HSV,30_30_0_192_64_128,0
HSV,30_30_0_192_64_192,0
HSV,30_30_0_192_64_256,0
HSV,30_30_0_192_128_64,0
HSV,30_30_0_192_128_128,0
HSV,30_30_0_192_128_192,0
HSV,30_30_0_192_128_256,0
HSV,30_30_0_192_192_64,0
HSV,30_30_0_192_192_128,0
HSV,30_30_0_192_192_192,0
HSV,30_30_0_192_192_256,0
HSV,30_30_0_256_0_64,0
HSV,30_30_0_256_0_128,0
HSV,30_30_0_256_0_192,0
HSV,30_30_0_256_0_256,0
HSV,30_30_0_256_64_64,0
HSV,30_30_0_256_64_128,0
HSV,30_30_0_256_64_192,0
HSV,30_30_0_256_64_256,0
HSV,30_30_0_256_128_64,0
HSV,30_30_0_256_128_128,0
HSV,30_30_0_256_128_192,0
HSV,30_30_0_256_128_256,0
HSV,30_30_0_256_192_64,0
HSV,30_30_0_256_192_128,0
HSV,30_30_0_256_192_192,0
HSV,30_30_0_256_192_256,0
HSV,30_30_64_64_0_64,0
HSV,30_30_64_64_0_128,0
HSV,30_30_64_64_0_192,0
HSV,30_30_64_64_0_256,0
HSV,30_30_64_64_64_64,0
HSV,30_30_64_64_64_128,0
HSV,30_30_64_64_64_192,0
HSV,30_30_64_64_64_256,0
HSV,30_30_64_64_128_64,0
HSV,30_30_64_64_128_128,0
HSV,30_30_64_64_128_192,0
HSV,30_30_64_64_128_256,0
HSV,30_30_64_64_192_64,0
HSV,30_30_64_64_192_128,0
HSV,30_30_64_64_192_192,0
HSV,30_30_64_64_192_256,0
HSV,30_30_64_128_0_64,0
HSV,30_30_64_128_0_128,0
HSV,30_30_64_128_0_192,0
HSV,30_30_64_128_0_256,0
HSV,30_30_64_128_64_64,0
HSV,30_30_64_128_64_128,0
HSV,30_30_64_128_64_192,0
HSV,30_30_64_128_64_256,0
HSV,30_30_64_128_128_64,0
HSV,30_30_64_128_128_128,0
HSV,30_30_64_128_128_192,0
HSV,30_30_64_128_128_256,0
HSV,30_30_64_128_192_64,0
HSV,30_30_64_128_192_128,0
HSV,30_30_64_128_192_192,0
HSV,30_30_64_128_192_256,0
HSV,30_30_64_192_0_64,0
HSV,30_30_64_192_0_128,0
HSV,30_30_64_192_0_192,0
HSV,30_30_64_192_0_256,0
HSV,30_30_64_192_64_64,0
HSV,30_30_64_192_64_128,0
HSV,30_30_64_192_64_192,0
HSV,30_30_64_192_64_256,0
HSV,30_30_64_192_128_64,0
HSV,30_30_64_192_128_128,0
HSV,30_30_64_192_128_192,0
HSV,30_30_64_192_128_256,0
HSV,30_30_64_192_192_64,0
HSV,30_30_64_192_192_128,0
HSV,30_30_64_192_192_192,0
HSV,30_30_64_192_192_256,0
HSV,30_30_64_256_0_64,0
HSV,30_30_64_256_0_128,0
HSV,30_30_64_256_0_192,0
HSV,30_30_64_256_0_256,0
HSV,30_30_64_256_64_64,0
HSV,30_30_64_256_64_128,0
HSV,30_30_64_256_64_192,0
HSV,30_30_64_256_64_256,0
HSV,30_30_64_256_128_64,0
HSV,30_30_64_256_128_128,0
HSV,30_30_64_256_128_192,0
HSV,30_30_64_256_128_256,0
HSV,30_30_64_256_192_64,0
HSV,30_30_64_256_192_128,0
HSV,30_30_64_256_192_192,0
HSV,30_30_64_256_192_256,0
HSV,30_30_128_64_0_64,0
HSV,30_30_128_64_0_128,0
HSV,30_30_128_64_0_192,0
HSV,30_30_128_64_0_256,0
HSV,30_30_128_64_64_64,0
HSV,30_30_128_64_64_128,0
HSV,30_30_128_64_64_192,0
HSV,30_30_128_64_64_256,0
HSV,30_30_128_64_128_64,0
HSV,30_30_128_64_128_128,0
HSV,30_30_128_64_128_192,0
HSV,30_30_128_64_128_256,0
HSV,30_30_128_64_192_64,0
HSV,30_30_128_64_192_128,0
HSV,30_30_128_64_192_192,0
HSV,30_30_128_64_192_256,0
HSV,30_30_128_128_0_64,0
HSV,30_30_128_128_0_128,0
HSV,30_30_128_128_0_192,0
HSV,30_30_128_128_0_256,0
HSV,30_30_128_128_64_64,0
HSV,30_30_128_128_64_128,0
HSV,30_30_128_128_64_192,0
HSV,30_30_128_128_64_256,0
HSV,30_30_128_128_128_64,0
HSV,30_30_128_128_128_128,0
HSV,30_30_128_128_128_192,0
HSV,30_30_128_128_128_256,0
HSV,30_30_128_128_192_64,0
HSV,30_30_128_128_192_128,0
HSV,30_30_128_128_192_192,0
HSV,30_30_128_128_192_256,0
HSV,30_30_128_192_0_64,0
HSV,30_30_128_192_0_128,0
HSV,30_30_128_192_0_192,0
HSV,30_30_128_192_0_256,0
HSV,30_30_128_192_64_64,0
HSV,30_30_128_192_64_128,0
HSV,30_30_128_192_64_192,0
HSV,30_30_128_192_64_256,0
HSV,30_30_128_192_128_64,0
HSV,30_30_128_192_128_128,0
HSV,30_30_128_192_128_192,0
HSV,30_30_128_192_128_256,0
HSV,30_30_128_192_192_64,0
HSV,30_30_128_192_192_128,0
HSV,30_30_128_192_192_192,0
HSV,30_30_128_192_192_256,0
HSV,30_30_128_256_0_64,0
HSV,30_30_128_256_0_128,0
HSV,30_30_128_256_0_192,0
HSV,30_30_128_256_0_256,0
HSV,30_30_128_256_64_64,0
HSV,30_30_128_256_64_128,0
HSV,30_30_128_256_64_192,0
HSV,30_30_128_256_64_256,0
HSV,30_30_128_256_128_64,0
HSV,30_30_128_256_128_128,0
HSV,30_30_128_256_128_192,0
HSV,30_30_128_256_128_256,0
HSV,30_30_128_256_192_64,0
HSV,30_30_128_256_192_128,0
HSV,30_30_128_256_192_192,0
HSV,30_30_128_256_192_256,0
HSV,30_30_192_64_0_64,0
HSV,30_30_192_64_0_128,0
HSV,30_30_192_64_0_192,0
HSV,30_30_192_64_0_256,0
HSV,30_30_192_64_64_64,0
HSV,30_30_192_64_64_128,0
HSV,30_30_192_64_64_192,0
HSV,30_30_192_64_64_256,0
HSV,30_30_192_64_128_64,0
HSV,30_30_192_64_128_128,0
HSV,30_30_192_64_128_192,0
HSV,30_30_192_64_128_256,0
HSV,30_30_192_64_192_64,0
HSV,30_30_192_64_192_128,0
HSV,30_30_192_64_192_192,0
HSV,30_30_192_64_192_256,0
HSV,30_30_192_128_0_64,0
HSV,30_30_192_128_0_128,0
HSV,30_30_192_128_0_192,0
HSV,30_30_192_128_0_256,0
HSV,30_30_192_128_64_64,0
HSV,30_30_192_128_64_128,0
HSV,30_30_192_128_64_192,0
HSV,30_30_192_128_64_256,0
HSV,30_30_192_128_128_64,0
HSV,30_30_192_128_128_128,0
HSV,30_30_192_128_128_192,0
HSV,30_30_192_128_128_256,0
HSV,30_30_192_128_192_64,0
HSV,30_30_192_128_192_128,0
HSV,30_30_192_128_192_192,0
HSV,30_30_192_128_192_256,0
HSV,30_30_192_192_0_64,0
HSV,30_30_192_192_0_128,0
HSV,30_30_192_192_0_192,0
HSV,30_30_192_192_0_256,0
HSV,30_30_192_192_64_64,0
HSV,30_30_192_192_64_128,0
HSV,30_30_192_192_64_192,0
HSV,30_30_192_192_64_256,0
HSV,30_30_192_192_128_64,0
HSV,30_30_192_192_128_128,0
HSV,30_30_192_192_128_192,0
HSV,30_30_192_192_128_256,0
HSV,30_30_192_192_192_64,0
HSV,30_30_192_192_192_128,0
HSV,30_30_192_192_192_192,0
HSV,30_30_192_192_192_256,0
HSV,30_30_192_256_0_64,0
HSV,30_30_192_256_0_128,0
HSV,30_30_192_256_0_192,0
HSV,30_30_192_256_0_256,0
HSV,30_30_192_256_64_64,0
HSV,30_30_192_256_64_128,0
HSV,30_30_192_256_64_192,0
HSV,30_30_192_256_64_256,0
HSV,30_30_192_256_128_64,0
HSV,30_30_192_256_128_128,0
HSV,30_30_192_256_128_192,0
HSV,30_30_192_256_128_256,0
HSV,30_30_192_256_192_64,0
HSV,30_30_192_256_192_128,0
HSV,30_30_192_256_192_192,0
HSV,30_30_192_256_192_256,0
HSV,30_60_0_64_0_64,0
HSV,30_60_0_64_0_128,0
HSV,30_60_0_64_0_192,0
HSV,30_60_0_64_0_256,0
HSV,30_60_0_64_64_64,0
HSV,30_60_0_64_64_128,0
HSV,30_60_0_64_64_192,0
HSV,30_60_0_64_64_256,0
HSV,30_60_0_64_128_64,0
HSV,30_60_0_64_128_128,0
HSV,30_60_0_64_128_192,0
HSV,30_60_0_64_128_256,0
HSV,30_60_0_64_192_64,0
HSV,30_60_0_64_192_128,0
HSV,30_60_0_64_192_192,0
HSV,30_60_0_64_192_256,0
HSV,30_60_0_128_0_64,0
HSV,30_60_0_128_0_128,0
HSV,30_60_0_128_0_192,0
HSV,30_60_0_128_0_256,0
HSV,30_60_0_128_64_64,0
HSV,30_60_0_128_64_128,0
HSV,30_60_0_128_64_192,0
HSV,30_60_0_128_64_256,0
HSV,30_60_0_128_128_64,0
HSV,30_60_0_128_128_128,0
HSV,30_60_0_128_128_192,0
HSV,30_60_0_128_128_256,0
HSV,30_60_0_128_192_64,0
HSV,30_60_0_128_192_128,0
HSV,30_60_0_128_192_192,0
HSV,30_60_0_128_192_256,0
HSV,30_60_0_192_0_64,0
HSV,30_60_0_192_0_128,0
HSV,30_60_0_192_0_192,0
HSV,30_60_0_192_0_256,0
HSV,30_60_0_192_64_64,0
HSV,30_60_0_192_64_128,0
HSV,30_60_0_192_64_192,0
HSV,30_60_0_192_64_256,0
HSV,30_60_0_192_128_64,0
HSV,30_60_0_192_128_128,0
HSV,30_60_0_192_128_192,0
HSV,30_60_0_192_128_256,0
HSV,30_60_0_192_192_64,0
HSV,30_60_0_192_192_128,0
HSV,30_60_0_192_192_192,0
HSV,30_60_0_192_192_256,0
HSV,30_60_0_256_0_64,0
HSV,30_60_0_256_0_128,0
HSV,30_60_0_256_0_192,0
HSV,30_60_0_256_0_256,0
HSV,30_60_0_256_64_64,0
HSV,30_60_0_256_64_128,0
HSV,30_60_0_256_64_192,0
HSV,30_60_0_256_64_256,0
HSV,30_60_0_256_128_64,0
HSV,30_60_0_256_128_128,0
HSV,30_60_0_256_128_192,0
HSV,30_60_0_256_128_256,0
HSV,30_60_0_256_192_64,0
HSV,30_60_0_256_192_128,0
HSV,30_60_0_256_192_192,0
HSV,30_60_0_256_192_256,0
HSV,30_60_64_64_0_64,0
HSV,30_60_64_64_0_128,0
HSV,30_60_64_64_0_192,0
HSV,30_60_64_64_0_256,0
HSV,30_60_64_64_64_64,0
HSV,30_60_64_64_64_128,0
HSV,30_60_64_64_64_192,0
HSV,30_60_64_64_64_256,0
HSV,30_60_64_64_128_64,0
HSV,30_60_64_64_128_128,0
HSV,30_60_64_64_128_192,0
HSV,30_60_64_64_128_256,0
HSV,30_60_64_64_192_64,0
HSV,30_60_64_64_192_128,0
HSV,30_60_64_64_192_192,0
HSV,30_60_64_64_192_256,0
HSV,30_60_64_128_0_64,0
HSV,30_60_64_128_0_128,0
HSV,30_60_64_128_0_192,0
HSV,30_60_64_128_0_256,0
HSV,30_60_64_128_64_64,0
HSV,30_60_64_128_64_128,0
HSV,30_60_64_128_64_192,0
HSV,30_60_64_128_64_256,0
HSV,30_60_64_128_128_64,0
HSV,30_60_64_128_128_128,0
HSV,30_60_64_128_128_192,0
HSV,30_60_64_128_128_256,0
HSV,30_60_64_128_192_64,0
HSV,30_60_64_128_192_128,0
HSV,30_60_64_128_192_192,0
HSV,30_60_64_128_192_256,0
HSV,30_60_64_192_0_64,0
HSV,30_60_64_192_0_128,0
HSV,30_60_64_192_0_192,0
HSV,30_60_64_192_0_256,0
HSV,30_60_64_192_64_64,0
HSV,30_60_64_192_64_128,0
HSV,30_60_64_192_64_192,0
HSV,30_60_64_192_64_256,0
HSV,30_60_64_192_128_64,0
HSV,30_60_64_192_128_128,0
HSV,30_60_64_192_128_192,0
HSV,30_60_64_192_128_256,0
HSV,30_60_64_192_192_64,0
HSV,30_60_64_192_192_128,0
HSV,30_60_64_192_192_192,0
HSV,30_60_64_192_192_256,0
HSV,30_60_64_256_0_64,0
HSV,30_60_64_256_0_128,0
HSV,30_60_64_256_0_192,0
HSV,30_60_64_256_0_256,0
HSV,30_60_64_256_64_64,0
HSV,30_60_64_256_64_128,0
HSV,30_60_64_256_64_192,0
HSV,30_60_64_256_64_256,0
HSV,30_60_64_256_128_64,0
HSV,30_60_64_256_128_128,0
HSV,30_60_64_256_128_192,0
HSV,30_60_64_256_128_256,0
HSV,30_60_64_256_192_64,0
HSV,30_60_64_256_192_128,0
HSV,30_60_64_256_192_192,0
HSV,30_60_64_256_192_256,0
HSV,30_60_128_64_0_64,0
HSV,30_60_128_64_0_128,0
HSV,30_60_128_64_0_192,0
HSV,30_60_128_64_0_256,0
HSV,30_60_128_64_64_64,0
HSV,30_60_128_64_64_128,0
HSV,30_60_128_64_64_192,0
HSV,30_60_128_64_64_256,0
HSV,30_60_128_64_128_64,0
HSV,30_60_128_64_128_128,0
HSV,30_60_128_64_128_192,0
HSV,30_60_128_64_128_256,0
HSV,30_60_128_64_192_64,0
HSV,30_60_128_64_192_128,0
HSV,30_60_128_64_192_192,0
HSV,30_60_128_64_192_256,0
HSV,30_60_128_128_0_64,0
HSV,30_60_128_128_0_128,0
HSV,30_60_128_128_0_192,0
HSV,30_60_128_128_0_256,0
HSV,30_60_128_128_64_64,0
HSV,30_60_128_128_64_128,0
HSV,30_60_128_128_64_192,0
HSV,30_60_128_128_64_256,0
HSV,30_60_128_128_128_64,0
HSV,30_60_128_128_128_128,0
HSV,30_60_128_128_128_192,0
HSV,30_60_128_128_128_256,0
HSV,30_60_128_128_192_64,0
HSV,30_60_128_128_192_128,0
HSV,30_60_128_128_192_192,0
HSV,30_60_128_128_192_256,0
HSV,30_60_128_192_0_64,0
HSV,30_60_128_192_0_128,0
HSV,30_60_128_192_0_192,0
HSV,30_60_128_192_0_256,0
HSV,30_60_128_192_64_64,0
HSV,30_60_128_192_64_128,0
HSV,30_60_128_192_64_192,0
HSV,30_60_128_192_64_256,0
HSV,30_60_128_192_128_64,0
HSV,30_60_128_192_128_128,0
HSV,30_60_128_192_128_192,0
HSV,30_60_128_192_128_256,0
HSV,30_60_128_192_192_64,0
HSV,30_60_128_192_192_128,0
HSV,30_60_128_192_192_192,0
HSV,30_60_128_192_192_256,0
HSV,30_60_128_256_0_64,0
HSV,30_60_128_256_0_128,0
HSV,30_60_128_256_0_192,0
HSV,30_60_128_256_0_256,0
HSV,30_60_128_256_64_64,0
HSV,30_60_128_256_64_128,0
HSV,30_60_128_256_64_192,0
HSV,30_60_128_256_64_256,0
HSV,30_60_128_256_128_64,0
HSV,30_60_128_256_128_128,0
HSV,30_60_128_256_128_192,0
HSV,30_60_128_256_128_256,0
HSV,30_60_128_256_192_64,0
HSV,30_60_128_256_192_128,0
HSV,30_60_128_256_192_192,0
HSV,30_60_128_256_192_256,0
HSV,30_60_192_64_0_64,0
HSV,30_60_192_64_0_128,0
HSV,30_60_192_64_0_192,0
HSV,30_60_192_64_0_256,0
HSV,30_60_192_64_64_64,0
HSV,30_60_192_64_64_128,0
HSV,30_60_192_64_64_192,0
HSV,30_60_192_64_64_256,0
HSV,30_60_192_64_128_64,0
HSV,30_60_192_64_128_128,0
HSV,30_60_192_64_128_192,0
HSV,30_60_192_64_128_256,0
HSV,30_60_192_64_192_64,0
HSV,30_60_192_64_192_128,0
HSV,30_60_192_64_192_192,0
HSV,30_60_192_64_192_256,0
HSV,30_60_192_128_0_64,0
HSV,30_60_192_128_0_128,0
HSV,30_60_192_128_0_192,0
HSV,30_60_192_128_0_256,0
HSV,30_60_192_128_64_64,0
HSV,30_60_192_128_64_128,0
HSV,30_60_192_128_64_192,0
HSV,30_60_192_128_64_256,0
HSV,30_60_192_128_128_64,0
HSV,30_60_192_128_128_128,0
HSV,30_60_192_128_128_192,0
HSV,30_60_192_128_128_256,0
HSV,30_60_192_128_192_64,0
HSV,30_60_192_128_192_128,0
HSV,30_60_192_128_192_192,0
HSV,30_60_192_128_192_256,0
HSV,30_60_192_192_0_64,0
HSV,30_60_192_192_0_128,0
HSV,30_60_192_192_0_192,0
HSV,30_60_192_192_0_256,0
HSV,30_60_192_192_64_64,0
HSV,30_60_192_192_64_128,0
HSV,30_60_192_192_64_192,0
HSV,30_60_192_192_64_256,0
HSV,30_60_192_192_128_64,0
HSV,30_60_192_192_128_128,0
HSV,30_60_192_192_128_192,0
HSV,30_60_192_192_128_256,0
HSV,30_60_192_192_192_64,0
HSV,30_60_192_192_192_128,0
HSV,30_60_192_192_192_192,0
HSV,30_60_192_192_192_256,0
HSV,30_60_192_256_0_64,0
HSV,30_60_192_256_0_128,0
HSV,30_60_192_256_0_192,0
HSV,30_60_192_256_0_256,0
HSV,30_60_192_256_64_64,0
HSV,30_60_192_256_64_128,0
HSV,30_60_192_256_64_192,0
HSV,30_60_192_256_64_256,0
HSV,30_60_192_256_128_64,0
HSV,30_60_192_256_128_128,0
HSV,30_60_192_256_128_192,0
HSV,30_60_192_256_128_256,0
HSV,30_60_192_256_192_64,0
HSV,30_60_192_256_192_128,0
HSV,30_60_192_256_192_192,0
HSV,30_60_192_256_192_256,0
HSV,30_90_0_64_0_64,0
HSV,30_90_0_64_0_128,0
HSV,30_90_0_64_0_192,0
HSV,30_90_0_64_0_256,0
HSV,30_90_0_64_64_64,0
HSV,30_90_0_64_64_128,0
HSV,30_90_0_64_64_192,0
HSV,30_90_0_64_64_256,0
HSV,30_90_0_64_128_64,0
HSV,30_90_0_64_128_128,0
HSV,30_90_0_64_128_192,0
HSV,30_90_0_64_128_256,0
HSV,30_90_0_64_192_64,0
HSV,30_90_0_64_192_128,0
HSV,30_90_0_64_192_192,0
HSV,30_90_0_64_192_256,0
HSV,30_90_0_128_0_64,0
HSV,30_90_0_128_0_128,0
HSV,30_90_0_128_0_192,0
HSV,30_90_0_128_0_256,0
HSV,30_90_0_128_64_64,0
HSV,30_90_0_128_64_128,0
HSV,30_90_0_128_64_192,0
HSV,30_90_0_128_64_256,0
HSV,30_90_0_128_128_64,0
HSV,30_90_0_128_128_128,0
HSV,30_90_0_128_128_192,0
HSV,30_90_0_128_128_256,0
HSV,30_90_0_128_192_64,0
HSV,30_90_0_128_192_128,0
HSV,30_90_0_128_192_192,0
HSV,30_90_0_128_192_256,0
HSV,30_90_0_192_0_64,0
HSV,30_90_0_192_0_128,0
HSV,30_90_0_192_0_192,0
HSV,30_90_0_192_0_256,0
HSV,30_90_0_192_64_64,0
HSV,30_90_0_192_64_128,0
HSV,30_90_0_192_64_192,0
HSV,30_90_0_192_64_256,0
HSV,30_90_0_192_128_64,0
HSV,30_90_0_192_128_128,0
HSV,30_90_0_192_128_192,0
HSV,30_90_0_192_128_256,0
HSV,30_90_0_192_192_64,0
HSV,30_90_0_192_192_128,0
HSV,30_90_0_192_192_192,0
HSV,30_90_0_192_192_256,0
HSV,30_90_0_256_0_64,0
HSV,30_90_0_256_0_128,0
HSV,30_90_0_256_0_192,0
HSV,30_90_0_256_0_256,0
HSV,30_90_0_256_64_64,0
HSV,30_90_0_256_64_128,0
HSV,30_90_0_256_64_192,0
HSV,30_90_0_256_64_256,0
HSV,30_90_0_256_128_64,0
HSV,30_90_0_256_128_128,0
HSV,30_90_0_256_128_192,0
HSV,30_90_0_256_128_256,0
HSV,30_90_0_256_192_64,0
HSV,30_90_0_256_192_128,0
HSV,30_90_0_256_192_192,0
HSV,30_90_0_256_192_256,0
HSV,30_90_64_64_0_64,0
HSV,30_90_64_64_0_128,0
HSV,30_90_64_64_0_192,0
HSV,30_90_64_64_0_256,0
HSV,30_90_64_64_64_64,0
HSV,30_90_64_64_64_128,0
HSV,30_90_64_64_64_192,0
HSV,30_90_64_64_64_256,0
HSV,30_90_64_64_128_64,0
HSV,30_90_64_64_128_128,0
HSV,30_90_64_64_128_192,0
HSV,30_90_64_64_128_256,0
HSV,30_90_64_64_192_64,0
HSV,30_90_64_64_192_128,0
HSV,30_90_64_64_192_192,0
HSV,30_90_64_64_192_256,0
HSV,30_90_64_128_0_64,0
HSV,30_90_64_128_0_128,0
HSV,30_90_64_128_0_192,0
HSV,30_90_64_128_0_256,0
HSV,30_90_64_128_64_64,0
HSV,30_90_64_128_64_128,0
HSV,30_90_64_128_64_192,0
HSV,30_90_64_128_64_256,0
HSV,30_90_64_128_128_64,0
HSV,30_90_64_128_128_128,0
HSV,30_90_64_128_128_192,0
HSV,30_90_64_128_128_256,0
HSV,30_90_64_128_192_64,0
HSV,30_90_64_128_192_128,0
HSV,30_90_64_128_192_192,0
HSV,30_90_64_128_192_256,0
HSV,30_90_64_192_0_64,0
HSV,30_90_64_192_0_128,0
HSV,30_90_64_192_0_192,0
HSV,30_90_64_192_0_256,0
HSV,30_90_64_192_64_64,0
HSV,30_90_64_192_64_128,0
HSV,30_90_64_192_64_192,0
HSV,30_90_64_192_64_256,0
HSV,30_90_64_192_128_64,0
HSV,30_90_64_192_128_128,0
HSV,30_90_64_192_128_192,0
HSV,30_90_64_192_128_256,0
HSV,30_90_64_192_192_64,0
HSV,30_90_64_192_192_128,0
HSV,30_90_64_192_192_192,0
HSV,30_90_64_192_192_256,0
HSV,30_90_64_256_0_64,0
HSV,30_90_64_256_0_128,0
HSV,30_90_64_256_0_192,0
HSV,30_90_64_256_0_256,0
HSV,30_90_64_256_64_64,0
HSV,30_90_64_256_64_128,0
HSV,30_90_64_256_64_192,0
HSV,30_90_64_256_64_256,0
HSV,30_90_64_256_128_64,0
HSV,30_90_64_256_128_128,0
HSV,30_90_64_256_128_192,0
HSV,30_90_64_256_128_256,0
HSV,30_90_64_256_192_64,0
HSV,30_90_64_256_192_128,0
HSV,30_90_64_256_192_192,0
HSV,30_90_64_256_192_256,0
HSV,30_90_128_64_0_64,0
HSV,30_90_128_64_0_128,0
HSV,30_90_128_64_0_192,0
HSV,30_90_128_64_0_256,0
HSV,30_90_128_64_64_64,0
HSV,30_90_128_64_64_128,0
HSV,30_90_128_64_64_192,0
HSV,30_90_128_64_64_256,0
HSV,30_90_128_64_128_64,0
HSV,30_90_128_64_128_128,0
HSV,30_90_128_64_128_192,0
HSV,30_90_128_64_128_256,0
HSV,30_90_128_64_192_64,0
HSV,30_90_128_64_192_128,0
HSV,30_90_128_64_192_192,0
HSV,30_90_128_64_192_256,0
HSV,30_90_128_128_0_64,0
HSV,30_90_128_128_0_128,0
HSV,30_90_128_128_0_192,0
HSV,30_90_128_128_0_256,0
HSV,30_90_128_128_64_64,0
HSV,30_90_128_128_64_128,0
HSV,30_90_128_128_64_192,0
HSV,30_90_128_128_64_256,0
HSV,30_90_128_128_128_64,0
HSV,30_90_128_128_128_128,0
HSV,30_90_128_128_128_192,0
HSV,30_90_128_128_128_256,0
HSV,30_90_128_128_192_64,0
HSV,30_90_128_128_192_128,0
HSV,30_90_128_128_192_192,0
HSV,30_90_128_128_192_256,0
HSV,30_90_128_192_0_64,0
HSV,30_90_128_192_0_128,0
HSV,30_90_128_192_0_192,0
HSV,30_90_128_192_0_256,0
HSV,30_90_128_192_64_64,0
HSV,30_90_128_192_64_128,0
HSV,30_90_128_192_64_192,0
HSV,30_90_128_192_64_256,0
HSV,30_90_128_192_128_64,0
HSV,30_90_128_192_128_128,0
HSV,30_90_128_192_128_192,0
HSV,30_90_128_192_128_256,0
HSV,30_90_128_192_192_64,0
HSV,30_90_128_192_192_128,0
HSV,30_90_128_192_192_192,0
HSV,30_90_128_192_192_256,0
HSV,30_90_128_256_0_64,0
HSV,30_90_128_256_0_128,0
HSV,30_90_128_256_0_192,0
HSV,30_90_128_256_0_256,0
HSV,30_90_128_256_64_64,0
HSV,30_90_128_256_64_128,0
HSV,30_90_128_256_64_192,0
HSV,30_90_128_256_64_256,0
HSV,30_90_128_256_128_64,0
HSV,30_90_128_256_128_128,0
HSV,30_90_128_256_128_192,0
HSV,30_90_128_256_128_256,0
HSV,30_90_128_256_192_64,0
HSV,30_90_128_256_192_128,0
HSV,30_90_128_256_192_192,0
HSV,30_90_128_256_192_256,0
HSV,30_90_192_64_0_64,0
HSV,30_90_192_64_0_128,0
HSV,30_90_192_64_0_192,0
HSV,30_90_192_64_0_256,0
HSV,30_90_192_64_64_64,0
HSV,30_90_192_64_64_128,0
HSV,30_90_192_64_64_192,0
HSV,30_90_192_64_64_256,0
HSV,30_90_192_64_128_64,0
HSV,30_90_192_64_128_128,0
HSV,30_90_192_64_128_192,0
HSV,30_90_192_64_128_256,0
HSV,30_90_192_64_192_64,0
HSV,30_90_192_64_192_128,0
HSV,30_90_192_64_192_192,0
HSV,30_90_192_64_192_256,0
HSV,30_90_192_128_0_64,0
HSV,30_90_192_128_0_128,0
HSV,30_90_192_128_0_192,0
HSV,30_90_192_128_0_256,0
HSV,30_90_192_128_64_64,0
HSV,30_90_192_128_64_128,0
HSV,30_90_192_128_64_192,0
HSV,30_90_192_128_64_256,0
HSV,30_90_192_128_128_64,0
HSV,30_90_192_128_128_128,0
HSV,30_90_192_128_128_192,0
HSV,30_90_192_128_128_256,0
HSV,30_90_192_128_192_64,0
HSV,30_90_192_128_192_128,0
HSV,30_90_192_128_192_192,0
HSV,30_90_192_128_192_256,0
HSV,30_90_192_192_0_64,0
HSV,30_90_192_192_0_128,0
HSV,30_90_192_192_0_192,0
HSV,30_90_192_192_0_256,0
HSV,30_90_192_192_64_64,0
HSV,30_90_192_192_64_128,0
HSV,30_90_192_192_64_192,0
HSV,30_90_192_192_64_256,0
HSV,30_90_192_192_128_64,0
HSV,30_90_192_192_128_128,0
HSV,30_90_192_192_128_192,0
HSV,30_90_192_192_128_256,0
HSV,30_90_192_192_192_64,0
HSV,30_90_192_192_192_128,0
HSV,30_90_192_192_192_192,0
HSV,30_90_192_192_192_256,0
HSV,30_90_192_256_0_64,0
HSV,30_90_192_256_0_128,0
HSV,30_90_192_256_0_192,0
HSV,30_90_192_256_0_256,0
HSV,30_90_192_256_64_64,0
HSV,30_90_192_256_64_128,0
HSV,30_90_192_256_64_192,0
HSV,30_90_192_256_64_256,0
HSV,30_90_192_256_128_64,0
HSV,30_90_192_256_128_128,0
HSV,30_90_192_256_128_192,0
HSV,30_90_192_256_128_256,0
HSV,30_90_192_256_192_64,0
HSV,30_90_192_256_192_128,0
HSV,30_90_192_256_192_192,0
HSV,30_90_192_256_192_256,0
HSV,30_120_0_64_0_64,0
HSV,30_120_0_64_0_128,0
HSV,30_120_0_64_0_192,0
HSV,30_120_0_64_0_256,0
HSV,30_120_0_64_64_64,0
HSV,30_120_0_64_64_128,0
HSV,30_120_0_64_64_192,0
HSV,30_120_0_64_64_256,0
HSV,30_120_0_64_128_64,0
HSV,30_120_0_64_128_128,0
HSV,30_120_0_64_128_192,0
HSV,30_120_0_64_128_256,0
HSV,30_120_0_64_192_64,0
HSV,30_120_0_64_192_128,0
HSV,30_120_0_64_192_192,0
HSV,30_120_0_64_192_256,0
HSV,30_120_0_128_0_64,0
HSV,30_120_0_128_0_128,0
HSV,30_120_0_128_0_192,0
HSV,30_120_0_128_0_256,0
HSV,30_120_0_128_64_64,0
HSV,30_120_0_128_64_128,0
HSV,30_120_0_128_64_192,0
HSV,30_120_0_128_64_256,0
HSV,30_120_0_128_128_64,0
HSV,30_120_0_128_128_128,0
HSV,30_120_0_128_128_192,0
HSV,30_120_0_128_128_256,0
HSV,30_120_0_128_192_64,0
HSV,30_120_0_128_192_128,0
HSV,30_120_0_128_192_192,0
HSV,30_120_0_128_192_256,0
HSV,30_120_0_192_0_64,0
HSV,30_120_0_192_0_128,0
HSV,30_120_0_192_0_192,0
HSV,30_120_0_192_0_256,0
HSV,30_120_0_192_64_64,0
HSV,30_120_0_192_64_128,0
HSV,30_120_0_192_64_192,0
HSV,30_120_0_192_64_256,0
HSV,30_120_0_192_128_64,0
HSV,30_120_0_192_128_128,0
HSV,30_120_0_192_128_192,0
HSV,30_120_0_192_128_256,0
HSV,30_120_0_192_192_64,0
HSV,30_120_0_192_192_128,0
HSV,30_120_0_192_192_192,0
HSV,30_120_0_192_192_256,0
HSV,30_120_0_256_0_64,0
HSV,30_120_0_256_0_128,0
HSV,30_120_0_256_0_192,0
HSV,30_120_0_256_0_256,0
HSV,30_120_0_256_64_64,0
HSV,30_120_0_256_64_128,0
HSV,30_120_0_256_64_192,0
HSV,30_120_0_256_64_256,0
HSV,30_120_0_256_128_64,0
HSV,30_120_0_256_128_128,0
HSV,30_120_0_256_128_192,0
HSV,30_120_0_256_128_256,0
HSV,30_120_0_256_192_64,0
HSV,30_120_0_256_192_128,0
HSV,30_120_0_256_192_192,0
HSV,30_120_0_256_192_256,0
HSV,30_120_64_64_0_64,0
HSV,30_120_64_64_0_128,0
HSV,30_120_64_64_0_192,0
HSV,30_120_64_64_0_256,0
HSV,30_120_64_64_64_64,0
HSV,30_120_64_64_64_128,0
HSV,30_120_64_64_64_192,0
HSV,30_120_64_64_64_256,0
HSV,30_120_64_64_128_64,0
HSV,30_120_64_64_128_128,0
HSV,30_120_64_64_128_192,0
HSV,30_120_64_64_128_256,0
HSV,30_120_64_64_192_64,0
HSV,30_120_64_64_192_128,0
HSV,30_120_64_64_192_192,0
HSV,30_120_64_64_192_256,0
HSV,30_120_64_128_0_64,0
HSV,30_120_64_128_0_128,0
HSV,30_120_64_128_0_192,0
HSV,30_120_64_128_0_256,0
HSV,30_120_64_128_64_64,0
HSV,30_120_64_128_64_128,0
HSV,30_120_64_128_64_192,0
HSV,30_120_64_128_64_256,0
HSV,30_120_64_128_128_64,0
HSV,30_120_64_128_128_128,0
HSV,30_120_64_128_128_192,0
HSV,30_120_64_128_128_256,0
HSV,30_120_64_128_192_64,0
HSV,30_120_64_128_192_128,0
HSV,30_120_64_128_192_192,0
HSV,30_120_64_128_192_256,0
HSV,30_120_64_192_0_64,0
HSV,30_120_64_192_0_128,0
HSV,30_120_64_192_0_192,0
HSV,30_120_64_192_0_256,0
HSV,30_120_64_192_64_64,0
HSV,30_120_64_192_64_128,0
HSV,30_120_64_192_64_192,0
HSV,30_120_64_192_64_256,0
HSV,30_120_64_192_128_64,0
HSV,30_120_64_192_128_128,0
HSV,30_120_64_192_128_192,0
HSV,30_120_64_192_128_256,0
HSV,30_120_64_192_192_64,0
HSV,30_120_64_192_192_128,0
HSV,30_120_64_192_192_192,0
HSV,30_120_64_192_192_256,0
HSV,30_120_64_256_0_64,0
HSV,30_120_64_256_0_128,0
HSV,30_120_64_256_0_192,0
HSV,30_120_64_256_0_256,0
HSV,30_120_64_256_64_64,0
HSV,30_120_64_256_64_128,0
HSV,30_120_64_256_64_192,0
HSV,30_120_64_256_64_256,0
HSV,30_120_64_256_128_64,0
HSV,30_120_64_256_128_128,0
HSV,30_120_64_256_128_192,0
HSV,30_120_64_256_128_256,0
HSV,30_120_64_256_192_64,0
HSV,30_120_64_256_192_128,0
HSV,30_120_64_256_192_192,0
HSV,30_120_64_256_192_256,0
HSV,30_120_128_64_0_64,0
HSV,30_120_128_64_0_128,0
HSV,30_120_128_64_0_192,0
HSV,30_120_128_64_0_256,0
HSV,30_120_128_64_64_64,0
HSV,30_120_128_64_64_128,0
HSV,30_120_128_64_64_192,0
HSV,30_120_128_64_64_256,0
HSV,30_120_128_64_128_64,0
HSV,30_120_128_64_128_128,0
HSV,30_120_128_64_128_192,0
HSV,30_120_128_64_128_256,0
HSV,30_120_128_64_192_64,0
HSV,30_120_128_64_192_128,0
HSV,30_120_128_64_192_192,0
HSV,30_120_128_64_192_256,0
HSV,30_120_128_128_0_64,0
HSV,30_120_128_128_0_128,0
HSV,30_120_128_128_0_192,0
HSV,30_120_128_128_0_256,0
HSV,30_120_128_128_64_64,0
HSV,30_120_128_128_64_128,0
HSV,30_120_128_128_64_192,0
HSV,30_120_128_128_64_256,0
HSV,30_120_128_128_128_64,0
HSV,30_120_128_128_128_128,0
HSV,30_120_128_128_128_192,0
HSV,30_120_128_128_128_256,0
HSV,30_120_128_128_192_64,0
HSV,30_120_128_128_192_128,0
HSV,30_120_128_128_192_192,0
HSV,30_120_128_128_192_256,0
HSV,30_120_128_192_0_64,0
HSV,30_120_128_192_0_128,0
HSV,30_120_128_192_0_192,0
HSV,30_120_128_192_0_256,0
HSV,30_120_128_192_64_64,0
HSV,30_120_128_192_64_128,0
HSV,30_120_128_192_64_192,0
HSV,30_120_128_192_64_256,0
HSV,30_120_128_192_128_64,0
HSV,30_120_128_192_128_128,0
HSV,30_120_128_192_128_192,0
HSV,30_120_128_192_128_256,0
HSV,30_120_128_192_192_64,0
HSV,30_120_128_192_192_128,0
HSV,30_120_128_192_192_192,0
HSV,30_120_128_192_192_256,0
HSV,30_120_128_256_0_64,0
HSV,30_120_128_256_0_128,0
HSV,30_120_128_256_0_192,0
HSV,30_120_128_256_0_256,0
HSV,30_120_128_256_64_64,0
HSV,30_120_128_256_64_128,0
HSV,30_120_128_256_64_192,0
HSV,30_120_128_256_64_256,0
HSV,30_120_128_256_128_64,0
HSV,30_120_128_256_128_128,0
HSV,30_120_128_256_128_192,0
HSV,30_120_128_256_128_256,0
HSV,30_120_128_256_192_64,0
HSV,30_120_128_256_192_128,0
HSV,30_120_128_256_192_192,0
HSV,30_120_128_256_192_256,0
HSV,30_120_192_64_0_64,0
HSV,30_120_192_64_0_128,0
HSV,30_120_192_64_0_192,0
HSV,30_120_192_64_0_256,0
HSV,30_120_192_64_64_64,0
HSV,30_120_192_64_64_128,0
HSV,30_120_192_64_64_192,0
HSV,30_120_192_64_64_256,0
HSV,30_120_192_64_128_64,0
HSV,30_120_192_64_128_128,0
HSV,30_120_192_64_128_192,0
HSV,30_120_192_64_128_256,0
HSV,30_120_192_64_192_64,0
HSV,30_120_192_64_192_128,0
HSV,30_120_192_64_192_192,0
HSV,30_120_192_64_192_256,0
HSV,30_120_192_128_0_64,0
HSV,30_120_192_128_0_128,0
HSV,30_120_192_128_0_192,0
HSV,30_120_192_128_0_256,0
HSV,30_120_192_128_64_64,0
HSV,30_120_192_128_64_128,0
HSV,30_120_192_128_64_192,0
HSV,30_120_192_128_64_256,0
HSV,30_120_192_128_128_64,0
HSV,30_120_192_128_128_128,0
HSV,30_120_192_128_128_192,0
HSV,30_120_192_128_128_256,0
HSV,30_120_192_128_192_64,0
HSV,30_120_192_128_192_128,0
HSV,30_120_192_128_192_192,0
HSV,30_120_192_128_192_256,0
HSV,30_120_192_192_0_64,0
HSV,30_120_192_192_0_128,0
HSV,30_120_192_192_0_192,0
HSV,30_120_192_192_0_256,0
HSV,30_120_192_192_64_64,0
HSV,30_120_192_192_64_128,0
HSV,30_120_192_192_64_192,0
HSV,30_120_192_192_64_256,0
HSV,30_120_192_192_128_64,0
HSV,30_120_192_192_128_128,0
HSV,30_120_192_192_128_192,0
HSV,30_120_192_192_128_256,0
HSV,30_120_192_192_192_64,0
HSV,30_120_192_192_192_128,0
HSV,30_120_192_192_192_192,0
HSV,30_120_192_192_192_256,0
HSV,30_120_192_256_0_64,0
HSV,30_120_192_256_0_128,0
HSV,30_120_192_256_0_192,0
HSV,30_120_192_256_0_256,0
HSV,30_120_192_256_64_64,0
HSV,30_120_192_256_64_128,0
HSV,30_120_192_256_64_192,0
HSV,30_120_192_256_64_256,0
HSV,30_120_192_256_128_64,0
HSV,30_120_192_256_128_128,0
HSV,30_120_192_256_128_192,0
HSV,30_120_192_256_128_256,0
HSV,30_120_192_256_192_64,0
HSV,30_120_192_256_192_128,0
HSV,30_120_192_256_192_192,0
HSV,30_120_192_256_192_256,0
HSV,30_150_0_64_0_64,0
HSV,30_150_0_64_0_128,0
HSV,30_150_0_64_0_192,0
HSV,30_150_0_64_0_256,0
HSV,30_150_0_64_64_64,0
HSV,30_150_0_64_64_128,0
HSV,30_150_0_64_64_192,0
HSV,30_150_0_64_64_256,0
HSV,30_150_0_64_128_64,0
HSV,30_150_0_64_128_128,0
HSV,30_150_0_64_128_192,0
HSV,30_150_0_64_128_256,0
HSV,30_150_0_64_192_64,0
HSV,30_150_0_64_192_128,0
HSV,30_150_0_64_192_192,0
HSV,30_150_0_64_192_256,0
HSV,30_150_0_128_0_64,0
HSV,30_150_0_128_0_128,0
HSV,30_150_0_128_0_192,0
HSV,30_150_0_128_0_256,0
HSV,30_150_0_128_64_64,0
HSV,30_150_0_128_64_128,0
HSV,30_150_0_128_64_192,0
HSV,30_150_0_128_64_256,0
HSV,30_150_0_128_128_64,0
HSV,30_150_0_128_128_128,0
HSV,30_150_0_128_128_192,0
HSV,30_150_0_128_128_256,0
HSV,30_150_0_128_192_64,0
HSV,30_150_0_128_192_128,0
HSV,30_150_0_128_192_192,0
HSV,30_150_0_128_192_256,0
HSV,30_150_0_192_0_64,0
HSV,30_150_0_192_0_128,0
HSV,30_150_0_192_0_192,0
HSV,30_150_0_192_0_256,0
HSV,30_150_0_192_64_64,0
HSV,30_150_0_192_64_128,0
HSV,30_150_0_192_64_192,0
HSV,30_150_0_192_64_256,0
HSV,30_150_0_192_128_64,0
HSV,30_150_0_192_128_128,0
HSV,30_150_0_192_128_192,0
HSV,30_150_0_192_128_256,0
HSV,30_150_0_192_192_64,0
HSV,30_150_0_192_192_128,0
HSV,30_150_0_192_192_192,0
HSV,30_150_0_192_192_256,0
HSV,30_150_0_256_0_64,0
HSV,30_150_0_256_0_128,0
HSV,30_150_0_256_0_192,0
HSV,30_150_0_256_0_256,0
HSV,30_150_0_256_64_64,0
HSV,30_150_0_256_64_128,0
HSV,30_150_0_256_64_192,0
HSV,30_150_0_256_64_256,0
HSV,30_150_0_256_128_64,0
HSV,30_150_0_256_128_128,0
HSV,30_150_0_256_128_192,0
HSV,30_150_0_256_128_256,0
HSV,30_150_0_256_192_64,0
HSV,30_150_0_256_192_128,0
HSV,30_150_0_256_192_192,0
HSV,30_150_0_256_192_256,0
HSV,30_150_64_64_0_64,0
HSV,30_150_64_64_0_128,0
HSV,30_150_64_64_0_192,0
HSV,30_150_64_64_0_256,0
HSV,30_150_64_64_64_64,0
HSV,30_150_64_64_64_128,0
HSV,30_150_64_64_64_192,0
HSV,30_150_64_64_64_256,0
HSV,30_150_64_64_128_64,0
HSV,30_150_64_64_128_128,0
HSV,30_150_64_64_128_192,0
HSV,30_150_64_64_128_256,0
HSV,30_150_64_64_192_64,0
HSV,30_150_64_64_192_128,0
HSV,30_150_64_64_192_192,0
HSV,30_150_64_64_192_256,0
HSV,30_150_64_128_0_64,0
HSV,30_150_64_128_0_128,0
HSV,30_150_64_128_0_192,0
HSV,30_150_64_128_0_256,0
HSV,30_150_64_128_64_64,0
HSV,30_150_64_128_64_128,0
HSV,30_150_64_128_64_192,0
HSV,30_150_64_128_64_256,0
HSV,30_150_64_128_128_64,0
HSV,30_150_64_128_128_128,0
HSV,30_150_64_128_128_192,0
HSV,30_150_64_128_128_256,0
HSV,30_150_64_128_192_64,0
HSV,30_150_64_128_192_128,0
HSV,30_150_64_128_192_192,0
HSV,30_150_64_128_192_256,0
HSV,30_150_64_192_0_64,0
HSV,30_150_64_192_0_128,0
HSV,30_150_64_192_0_192,0
HSV,30_150_64_192_0_256,0
HSV,30_150_64_192_64_64,0
HSV,30_150_64_192_64_128,0
HSV,30_150_64_192_64_192,0
HSV,30_150_64_192_64_256,0
HSV,30_150_64_192_128_64,0
HSV,30_150_64_192_128_128,0
HSV,30_150_64_192_128_192,0
HSV,30_150_64_192_128_256,0
HSV,30_150_64_192_192_64,0
HSV,30_150_64_192_192_128,0
HSV,30_150_64_192_192_192,0
HSV,30_150_64_192_192_256,0
HSV,30_150_64_256_0_64,0
HSV,30_150_64_256_0_128,0
HSV,30_150_64_256_0_192,0
HSV,30_150_64_256_0_256,0
HSV,30_150_64_256_64_64,0
HSV,30_150_64_256_64_128,0
HSV,30_150_64_256_64_192,0
HSV,30_150_64_256_64_256,0
HSV,30_150_64_256_128_64,0
HSV,30_150_64_256_128_128,0
HSV,30_150_64_256_128_192,0
HSV,30_150_64_256_128_256,0
HSV,30_150_64_256_192_64,0
HSV,30_150_64_256_192_128,0
HSV,30_150_64_256_192_192,0
HSV,30_150_64_256_192_256,0
HSV,30_150_128_64_0_64,0
HSV,30_150_128_64_0_128,0
HSV,30_150_128_64_0_192,0
HSV,30_150_128_64_0_256,0
HSV,30_150_128_64_64_64,0
HSV,30_150_128_64_64_128,0
HSV,30_150_128_64_64_192,0
HSV,30_150_128_64_64_256,0
HSV,30_150_128_64_128_64,0
HSV,30_150_128_64_128_128,0
HSV,30_150_128_64_128_192,0
HSV,30_150_128_64_128_256,0
HSV,30_150_128_64_192_64,0
HSV,30_150_128_64_192_128,0
HSV,30_150_128_64_192_192,0
HSV,30_150_128_64_192_256,0
HSV,30_150_128_128_0_64,0
HSV,30_150_128_128_0_128,0
HSV,30_150_128_128_0_192,0
HSV,30_150_128_128_0_256,0
HSV,30_150_128_128_64_64,0
HSV,30_150_128_128_64_128,0
HSV,30_150_128_128_64_192,0
HSV,30_150_128_128_64_256,0
HSV,30_150_128_128_128_64,0
HSV,30_150_128_128_128_128,0
HSV,30_150_128_128_128_192,0
HSV,30_150_128_128_128_256,0
HSV,30_150_128_128_192_64,0
HSV,30_150_128_128_192_128,0
HSV,30_150_128_128_192_192,0
HSV,30_150_128_128_192_256,0
HSV,30_150_128_192_0_64,0
HSV,30_150_128_192_0_128,0
HSV,30_150_128_192_0_192,0
HSV,30_150_128_192_0_256,0
HSV,30_150_128_192_64_64,0
HSV,30_150_128_192_64_128,0
HSV,30_150_128_192_64_192,0
HSV,30_150_128_192_64_256,0
HSV,30_150_128_192_128_64,0
HSV,30_150_128_192_128_128,0
HSV,30_150_128_192_128_192,0
HSV,30_150_128_192_128_256,0
HSV,30_150_128_192_192_64,0
HSV,30_150_128_192_192_128,0
HSV,30_150_128_192_192_192,0
HSV,30_150_128_192_192_256,0
HSV,30_150_128_256_0_64,0
HSV,30_150_128_256_0_128,0
HSV,30_150_128_256_0_192,0
HSV,30_150_128_256_0_256,0
HSV,30_150_128_256_64_64,0
HSV,30_150_128_256_64_128,0
HSV,30_150_128_256_64_192,0
HSV,30_150_128_256_64_256,0
HSV,30_150_128_256_128_64,0
HSV,30_150_128_256_128_128,0
HSV,30_150_128_256_128_192,0
HSV,30_150_128_256_128_256,0
HSV,30_150_128_256_192_64,0
HSV,30_150_128_256_192_128,0
HSV,30_150_128_256_192_192,0
HSV,30_150_128_256_192_256,0
HSV,30_150_192_64_0_64,0
HSV,30_150_192_64_0_128,0
HSV,30_150_192_64_0_192,0
HSV,30_150_192_64_0_256,0
HSV,30_150_192_64_64_64,0
HSV,30_150_192_64_64_128,0
HSV,30_150_192_64_64_192,0
HSV,30_150_192_64_64_256,0
HSV,30_150_192_64_128_64,0
HSV,30_150_192_64_128_128,0
HSV,30_150_192_64_128_192,0
HSV,30_150_192_64_128_256,0
HSV,30_150_192_64_192_64,0
HSV,30_150_192_64_192_128,0
HSV,30_150_192_64_192_192,0
HSV,30_150_192_64_192_256,0
HSV,30_150_192_128_0_64,0
HSV,30_150_192_128_0_128,0
HSV,30_150_192_128_0_192,0
HSV,30_150_192_128_0_256,0
HSV,30_150_192_128_64_64,0
HSV,30_150_192_128_64_128,0
HSV,30_150_192_128_64_192,0
HSV,30_150_192_128_64_256,0
HSV,30_150_192_128_128_64,0
HSV,30_150_192_128_128_128,0
HSV,30_150_192_128_128_192,0
HSV,30_150_192_128_128_256,0
HSV,30_150_192_128_192_64,0
HSV,30_150_192_128_192_128,0
HSV,30_150_192_128_192_192,0
HSV,30_150_192_128_192_256,0
HSV,30_150_192_192_0_64,0
HSV,30_150_192_192_0_128,0
HSV,30_150_192_192_0_192,0
HSV,30_150_192_192_0_256,0
HSV,30_150_192_192_64_64,0
HSV,30_150_192_192_64_128,0
HSV,30_150_192_192_64_192,0
HSV,30_150_192_192_64_256,0
HSV,30_150_192_192_128_64,0
HSV,30_150_192_192_128_128,0
HSV,30_150_192_192_128_192,0
HSV,30_150_192_192_128_256,0
HSV,30_150_192_192_192_64,0
HSV,30_150_192_192_192_128,0
HSV,30_150_192_192_192_192,0
HSV,30_150_192_192_192_256,0
HSV,30_150_192_256_0_64,0
HSV,30_150_192_256_0_128,0
HSV,30_150_192_256_0_192,0
HSV,30_150_192_256_0_256,0
HSV,30_150_192_256_64_64,0
HSV,30_150_192_256_64_128,0
HSV,30_150_192_256_64_192,0
HSV,30_150_192_256_64_256,0
HSV,30_150_192_256_128_64,0
HSV,30_150_192_256_128_128,0
HSV,30_150_192_256_128_192,0
HSV,30_150_192_256_128_256,0
HSV,30_150_192_256_192_64,0
HSV,30_150_192_256_192_128,0
HSV,30_150_192_256_192_192,0
HSV,30_150_192_256_192_256,0
HSV,30_180_0_64_0_64,0
HSV,30_180_0_64_0_128,0
HSV,30_180_0_64_0_192,0
HSV,30_180_0_64_0_256,0
HSV,30_180_0_64_64_64,0
HSV,30_180_0_64_64_128,0
HSV,30_180_0_64_64_192,0
HSV,30_180_0_64_64_256,0
HSV,30_180_0_64_128_64,0
HSV,30_180_0_64_128_128,0
HSV,30_180_0_64_128_192,0
HSV,30_180_0_64_128_256,0
HSV,30_180_0_64_192_64,0
HSV,30_180_0_64_192_128,0
HSV,30_180_0_64_192_192,0
HSV,30_180_0_64_192_256,0
HSV,30_180_0_128_0_64,0
HSV,30_180_0_128_0_128,0
HSV,30_180_0_128_0_192,0
HSV,30_180_0_128_0_256,0
HSV,30_180_0_128_64_64,0
HSV,30_180_0_128_64_128,0
HSV,30_180_0_128_64_192,0
HSV,30_180_0_128_64_256,0
HSV,30_180_0_128_128_64,0
HSV,30_180_0_128_128_128,0
HSV,30_180_0_128_128_192,0
HSV,30_180_0_128_128_256,0
HSV,30_180_0_128_192_64,0
HSV,30_180_0_128_192_128,0
HSV,30_180_0_128_192_192,0
HSV,30_180_0_128_192_256,0
HSV,30_180_0_192_0_64,0
HSV,30_180_0_192_0_128,0
HSV,30_180_0_192_0_192,0
HSV,30_180_0_192_0_256,0
HSV,30_180_0_192_64_64,0
HSV,30_180_0_192_64_128,0
HSV,30_180_0_192_64_192,0
HSV,30_180_0_192_64_256,0
HSV,30_180_0_192_128_64,0
HSV,30_180_0_192_128_128,0
HSV,30_180_0_192_128_192,0
HSV,30_180_0_192_128_256,0
HSV,30_180_0_192_192_64,0
HSV,30_180_0_192_192_128,0
HSV,30_180_0_192_192_192,0
HSV,30_180_0_192_192_256,0
HSV,30_180_0_256_0_64,0
HSV,30_180_0_256_0_128,0
HSV,30_180_0_256_0_192,0
HSV,30_180_0_256_0_256,0
HSV,30_180_0_256_64_64,0
HSV,30_180_0_256_64_128,0
HSV,30_180_0_256_64_192,0
HSV,30_180_0_256_64_256,0
HSV,30_180_0_256_128_64,0
HSV,30_180_0_256_128_128,0
HSV,30_180_0_256_128_192,0
HSV,30_180_0_256_128_256,0
HSV,30_180_0_256_192_64,0
HSV,30_180_0_256_192_128,0
HSV,30_180_0_256_192_192,0
HSV,30_180_0_256_192_256,0
HSV,30_180_64_64_0_64,0
HSV,30_180_64_64_0_128,0
HSV,30_180_64_64_0_192,0
HSV,30_180_64_64_0_256,0
HSV,30_180_64_64_64_64,0
HSV,30_180_64_64_64_128,0
HSV,30_180_64_64_64_192,0
HSV,30_180_64_64_64_256,0
HSV,30_180_64_64_128_64,0
HSV,30_180_64_64_128_128,0
HSV,30_180_64_64_128_192,0
HSV,30_180_64_64_128_256,0
HSV,30_180_64_64_192_64,0
HSV,30_180_64_64_192_128,0
HSV,30_180_64_64_192_192,0
HSV,30_180_64_64_192_256,0
HSV,30_180_64_128_0_64,0
HSV,30_180_64_128_0_128,0
HSV,30_180_64_128_0_192,0
HSV,30_180_64_128_0_256,0
HSV,30_180_64_128_64_64,0
HSV,30_180_64_128_64_128,0
HSV,30_180_64_128_64_192,0
HSV,30_180_64_128_64_256,0
HSV,30_180_64_128_128_64,0
HSV,30_180_64_128_128_128,0
HSV,30_180_64_128_128_192,0
HSV,30_180_64_128_128_256,0
HSV,30_180_64_128_192_64,0
HSV,30_180_64_128_192_128,0
HSV,30_180_64_128_192_192,0
HSV,30_180_64_128_192_256,0
HSV,30_180_64_192_0_64,0
HSV,30_180_64_192_0_128,0
HSV,30_180_64_192_0_192,0
HSV,30_180_64_192_0_256,0
HSV,30_180_64_192_64_64,0
HSV,30_180_64_192_64_128,0
HSV,30_180_64_192_64_192,0
HSV,30_180_64_192_64_256,0
HSV,30_180_64_192_128_64,0
HSV,30_180_64_192_128_128,0
HSV,30_180_64_192_128_192,0
HSV,30_180_64_192_128_256,0
HSV,30_180_64_192_192_64,0
HSV,30_180_64_192_192_128,0
HSV,30_180_64_192_192_192,0
HSV,30_180_64_192_192_256,0
HSV,30_180_64_256_0_64,0
HSV,30_180_64_256_0_128,0
HSV,30_180_64_256_0_192,0
HSV,30_180_64_256_0_256,0
HSV,30_180_64_256_64_64,0
HSV,30_180_64_256_64_128,0
HSV,30_180_64_256_64_192,0
HSV,30_180_64_256_64_256,0
HSV,30_180_64_256_128_64,0
HSV,30_180_64_256_128_128,0
HSV,30_180_64_256_128_192,0
HSV,30_180_64_256_128_256,0
HSV,30_180_64_256_192_64,0
HSV,30_180_64_256_192_128,0
HSV,30_180_64_256_192_192,0
HSV,30_180_64_256_192_256,0
HSV,30_180_128_64_0_64,0
HSV,30_180_128_64_0_128,0
HSV,30_180_128_64_0_192,0
HSV,30_180_128_64_0_256,0
HSV,30_180_128_64_64_64,0
HSV,30_180_128_64_64_128,0
HSV,30_180_128_64_64_192,0
HSV,30_180_128_64_64_256,0
HSV,30_180_128_64_128_64,0
HSV,30_180_128_64_128_128,0
HSV,30_180_128_64_128_192,0
HSV,30_180_128_64_128_256,0
HSV,30_180_128_64_192_64,0
HSV,30_180_128_64_192_128,0
HSV,30_180_128_64_192_192,0
HSV,30_180_128_64_192_256,0
HSV,30_180_128_128_0_64,0
HSV,30_180_128_128_0_128,0
HSV,30_180_128_128_0_192,0
HSV,30_180_128_128_0_256,0
HSV,30_180_128_128_64_64,0
HSV,30_180_128_128_64_128,0
HSV,30_180_128_128_64_192,0
HSV,30_180_128_128_64_256,0
HSV,30_180_128_128_128_64,0
HSV,30_180_128_128_128_128,0
HSV,30_180_128_128_128_192,0
HSV,30_180_128_128_128_256,0
HSV,30_180_128_128_192_64,0
HSV,30_180_128_128_192_128,0
HSV,30_180_128_128_192_192,0
HSV,30_180_128_128_192_256,0
HSV,30_180_128_192_0_64,0
HSV,30_180_128_192_0_128,0
HSV,30_180_128_192_0_192,0
HSV,30_180_128_192_0_256,0
HSV,30_180_128_192_64_64,0
HSV,30_180_128_192_64_128,0
HSV,30_180_128_192_64_192,0
HSV,30_180_128_192_64_256,0
HSV,30_180_128_192_128_64,0
HSV,30_180_128_192_128_128,0
HSV,30_180_128_192_128_192,0
HSV,30_180_128_192_128_256,0
HSV,30_180_128_192_192_64,0
HSV,30_180_128_192_192_128,0
HSV,30_180_128_192_192_192,0
HSV,30_180_128_192_192_256,0
HSV,30_180_128_256_0_64,0
HSV,30_180_128_256_0_128,0
HSV,30_180_128_256_0_192,0
HSV,30_180_128_256_0_256,0
HSV,30_180_128_256_64_64,0
HSV,30_180_128_256_64_128,0
HSV,30_180_128_256_64_192,0
HSV,30_180_128_256_64_256,0
HSV,30_180_128_256_128_64,0
HSV,30_180_128_256_128_128,0
HSV,30_180_128_256_128_192,0
HSV,30_180_128_256_128_256,0
HSV,30_180_128_256_192_64,0
HSV,30_180_128_256_192_128,0
HSV,30_180_128_256_192_192,0
HSV,30_180_128_256_192_256,0
HSV,30_180_192_64_0_64,0
HSV,30_180_192_64_0_128,0
HSV,30_180_192_64_0_192,0
HSV,30_180_192_64_0_256,0
HSV,30_180_192_64_64_64,0
HSV,30_180_192_64_64_128,0
HSV,30_180_192_64_64_192,0
HSV,30_180_192_64_64_256,0
HSV,30_180_192_64_128_64,0
HSV,30_180_192_64_128_128,0
HSV,30_180_192_64_128_192,0
HSV,30_180_192_64_128_256,0
HSV,30_180_192_64_192_64,0
HSV,30_180_192_64_192_128,0
HSV,30_180_192_64_192_192,0
HSV,30_180_192_64_192_256,0
HSV,30_180_192_128_0_64,0
HSV,30_180_192_128_0_128,0
HSV,30_180_192_128_0_192,0
HSV,30_180_192_128_0_256,0
HSV,30_180_192_128_64_64,0
HSV,30_180_192_128_64_128,0
HSV,30_180_192_128_64_192,0
HSV,30_180_192_128_64_256,0
HSV,30_180_192_128_128_64,0
HSV,30_180_192_128_128_128,0
HSV,30_180_192_128_128_192,0
HSV,30_180_192_128_128_256,0
HSV,30_180_192_128_192_64,0
HSV,30_180_192_128_192_128,0
HSV,30_180_192_128_192_192,0
HSV,30_180_192_128_192_256,0
HSV,30_180_192_192_0_64,0
HSV,30_180_192_192_0_128,0
HSV,30_180_192_192_0_192,0
HSV,30_180_192_192_0_256,0
HSV,30_180_192_192_64_64,0
HSV,30_180_192_192_64_128,0
HSV,30_180_192_192_64_192,0
HSV,30_180_192_192_64_256,0
HSV,30_180_192_192_128_64,0
HSV,30_180_192_192_128_128,0
HSV,30_180_192_192_128_192,0
HSV,30_180_192_192_128_256,0
HSV,30_180_192_192_192_64,0
HSV,30_180_192_192_192_128,0
HSV,30_180_192_192_192_192,0
HSV,30_180_192_192_192_256,0
HSV,30_180_192_256_0_64,0
HSV,30_180_192_256_0_128,0
HSV,30_180_192_256_0_192,0
HSV,30_180_192_256_0_256,0
HSV,30_180_192_256_64_64,0
HSV,30_180_192_256_64_128,0
HSV,30_180_192_256_64_192,0
HSV,30_180_192_256_64_256,0
HSV,30_180_192_256_128_64,0
HSV,30_180_192_256_128_128,0
HSV,30_180_192_256_128_192,0
HSV,30_180_192_256_128_256,0
HSV,30_180_192_256_192_64,0
HSV,30_180_192_256_192_128,0
HSV,30_180_192_256_192_192,0
HSV,30_180_192_256_192_256,0
HSV,60_30_0_64_0_64,0
HSV,60_30_0_64_0_128,0
HSV,60_30_0_64_0_192,0
HSV,60_30_0_64_0_256,0
HSV,60_30_0_64_64_64,0
HSV,60_30_0_64_64_128,0
HSV,60_30_0_64_64_192,0
HSV,60_30_0_64_64_256,0
HSV,60_30_0_64_128_64,0
HSV,60_30_0_64_128_128,0
HSV,60_30_0_64_128_192,0
HSV,60_30_0_64_128_256,0
HSV,60_30_0_64_192_64,0
HSV,60_30_0_64_192_128,0
HSV,60_30_0_64_192_192,0
HSV,60_30_0_64_192_256,0
HSV,60_30_0_128_0_64,0
HSV,60_30_0_128_0_128,0
HSV,60_30_0_128_0_192,0
HSV,60_30_0_128_0_256,0
HSV,60_30_0_128_64_64,0
HSV,60_30_0_128_64_128,0
HSV,60_30_0_128_64_192,0
HSV,60_30_0_128_64_256,0
HSV,60_30_0_128_128_64,0
HSV,60_30_0_128_128_128,0
HSV,60_30_0_128_128_192,0
HSV,60_30_0_128_128_256,0
HSV,60_30_0_128_192_64,0
HSV,60_30_0_128_192_128,0
HSV,60_30_0_128_192_192,0
HSV,60_30_0_128_192_256,0
HSV,60_30_0_192_0_64,0
HSV,60_30_0_192_0_128,0
HSV,60_30_0_192_0_192,0
HSV,60_30_0_192_0_256,0
HSV,60_30_0_192_64_64,0
HSV,60_30_0_192_64_128,0
HSV,60_30_0_192_64_192,0
HSV,60_30_0_192_64_256,0
HSV,60_30_0_192_128_64,0
HSV,60_30_0_192_128_128,0
HSV,60_30_0_192_128_192,0
HSV,60_30_0_192_128_256,0
HSV,60_30_0_192_192_64,0
HSV,60_30_0_192_192_128,0
HSV,60_30_0_192_192_192,0
HSV,60_30_0_192_192_256,0
HSV,60_30_0_256_0_64,0
HSV,60_30_0_256_0_128,0
HSV,60_30_0_256_0_192,0
HSV,60_30_0_256_0_256,0
HSV,60_30_0_256_64_64,0
HSV,60_30_0_256_64_128,0
HSV,60_30_0_256_64_192,0
HSV,60_30_0_256_64_256,0
HSV,60_30_0_256_128_64,0
HSV,60_30_0_256_128_128,0
HSV,60_30_0_256_128_192,0
HSV,60_30_0_256_128_256,0
HSV,60_30_0_256_192_64,0
HSV,60_30_0_256_192_128,0
HSV,60_30_0_256_192_192,0
HSV,60_30_0_256_192_256,0
HSV,60_30_64_64_0_64,0
HSV,60_30_64_64_0_128,0
HSV,60_30_64_64_0_192,0
HSV,60_30_64_64_0_256,0
HSV,60_30_64_64_64_64,0
HSV,60_30_64_64_64_128,0
HSV,60_30_64_64_64_192,0
HSV,60_30_64_64_64_256,0
HSV,60_30_64_64_128_64,0
HSV,60_30_64_64_128_128,0
HSV,60_30_64_64_128_192,0
HSV,60_30_64_64_128_256,0
HSV,60_30_64_64_192_64,0
HSV,60_30_64_64_192_128,0
HSV,60_30_64_64_192_192,0
HSV,60_30_64_64_192_256,0
HSV,60_30_64_128_0_64,0
HSV,60_30_64_128_0_128,0
HSV,60_30_64_128_0_192,0
HSV,60_30_64_128_0_256,0
HSV,60_30_64_128_64_64,0
HSV,60_30_64_128_64_128,0
HSV,60_30_64_128_64_192,0
HSV,60_30_64_128_64_256,0
HSV,60_30_64_128_128_64,0
HSV,60_30_64_128_128_128,0
HSV,60_30_64_128_128_192,0
HSV,60_30_64_128_128_256,0
HSV,60_30_64_128_192_64,0
HSV,60_30_64_128_192_128,0
HSV,60_30_64_128_192_192,0
HSV,60_30_64_128_192_256,0
HSV,60_30_64_192_0_64,0
HSV,60_30_64_192_0_128,0
HSV,60_30_64_192_0_192,0
HSV,60_30_64_192_0_256,0
HSV,60_30_64_192_64_64,0
HSV,60_30_64_192_64_128,0
HSV,60_30_64_192_64_192,0
HSV,60_30_64_192_64_256,0
HSV,60_30_64_192_128_64,0
HSV,60_30_64_192_128_128,0
HSV,60_30_64_192_128_192,0
HSV,60_30_64_192_128_256,0
HSV,60_30_64_192_192_64,0
HSV,60_30_64_192_192_128,0
HSV,60_30_64_192_192_192,0
HSV,60_30_64_192_192_256,0
HSV,60_30_64_256_0_64,0
HSV,60_30_64_256_0_128,0
HSV,60_30_64_256_0_192,0
HSV,60_30_64_256_0_256,0
HSV,60_30_64_256_64_64,0
HSV,60_30_64_256_64_128,0
HSV,60_30_64_256_64_192,0
HSV,60_30_64_256_64_256,0
HSV,60_30_64_256_128_64,0
HSV,60_30_64_256_128_128,0
HSV,60_30_64_256_128_192,0
HSV,60_30_64_256_128_256,0
HSV,60_30_64_256_192_64,0
HSV,60_30_64_256_192_128,0
HSV,60_30_64_256_192_192,0
HSV,60_30_64_256_192_256,0
HSV,60_30_128_64_0_64,0
HSV,60_30_128_64_0_128,0
HSV,60_30_128_64_0_192,0
HSV,60_30_128_64_0_256,0
HSV,60_30_128_64_64_64,0
HSV,60_30_128_64_64_128,0
HSV,60_30_128_64_64_192,0
HSV,60_30_128_64_64_256,0
HSV,60_30_128_64_128_64,0
HSV,60_30_128_64_128_128,0
HSV,60_30_128_64_128_192,0
HSV,60_30_128_64_128_256,0
HSV,60_30_128_64_192_64,0
HSV,60_30_128_64_192_128,0
HSV,60_30_128_64_192_192,0
HSV,60_30_128_64_192_256,0
HSV,60_30_128_128_0_64,0
HSV,60_30_128_128_0_128,0
HSV,60_30_128_128_0_192,0
HSV,60_30_128_128_0_256,0
HSV,60_30_128_128_64_64,0
HSV,60_30_128_128_64_128,0
HSV,60_30_128_128_64_192,0
HSV,60_30_128_128_64_256,0
HSV,60_30_128_128_128_64,0
HSV,60_30_128_128_128_128,0
HSV,60_30_128_128_128_192,0
HSV,60_30_128_128_128_256,0
HSV,60_30_128_128_192_64,0
HSV,60_30_128_128_192_128,0
HSV,60_30_128_128_192_192,0
HSV,60_30_128_128_192_256,0
HSV,60_30_128_192_0_64,0
HSV,60_30_128_192_0_128,0
HSV,60_30_128_192_0_192,0
HSV,60_30_128_192_0_256,0
HSV,60_30_128_192_64_64,0
HSV,60_30_128_192_64_128,0
HSV,60_30_128_192_64_192,0
HSV,60_30_128_192_64_256,0
HSV,60_30_128_192_128_64,0
HSV,60_30_128_192_128_128,0
HSV,60_30_128_192_128_192,0
HSV,60_30_128_192_128_256,0
HSV,60_30_128_192_192_64,0
HSV,60_30_128_192_192_128,0
HSV,60_30_128_192_192_192,0
HSV,60_30_128_192_192_256,0
HSV,60_30_128_256_0_64,0
HSV,60_30_128_256_0_128,0
HSV,60_30_128_256_0_192,0
HSV,60_30_128_256_0_256,0
HSV,60_30_128_256_64_64,0
HSV,60_30_128_256_64_128,0
HSV,60_30_128_256_64_192,0
HSV,60_30_128_256_64_256,0
HSV,60_30_128_256_128_64,0
HSV,60_30_128_256_128_128,0
HSV,60_30_128_256_128_192,0
HSV,60_30_128_256_128_256,0
HSV,60_30_128_256_192_64,0
HSV,60_30_128_256_192_128,0
HSV,60_30_128_256_192_192,0
HSV,60_30_128_256_192_256,0
HSV,60_30_192_64_0_64,0
HSV,60_30_192_64_0_128,0
HSV,60_30_192_64_0_192,0
HSV,60_30_192_64_0_256,0
HSV,60_30_192_64_64_64,0
HSV,60_30_192_64_64_128,0
HSV,60_30_192_64_64_192,0
HSV,60_30_192_64_64_256,0
HSV,60_30_192_64_128_64,0
HSV,60_30_192_64_128_128,0
HSV,60_30_192_64_128_192,0
HSV,60_30_192_64_128_256,0
HSV,60_30_192_64_192_64,0
HSV,60_30_192_64_192_128,0
HSV,60_30_192_64_192_192,0
HSV,60_30_192_64_192_256,0
HSV,60_30_192_128_0_64,0
HSV,60_30_192_128_0_128,0
HSV,60_30_192_128_0_192,0
HSV,60_30_192_128_0_256,0
HSV,60_30_192_128_64_64,0
HSV,60_30_192_128_64_128,0
HSV,60_30_192_128_64_192,0
HSV,60_30_192_128_64_256,0
HSV,60_30_192_128_128_64,0
HSV,60_30_192_128_128_128,0
HSV,60_30_192_128_128_192,0
HSV,60_30_192_128_128_256,0
HSV,60_30_192_128_192_64,0
HSV,60_30_192_128_192_128,0
HSV,60_30_192_128_192_192,0
HSV,60_30_192_128_192_256,0
HSV,60_30_192_192_0_64,0
HSV,60_30_192_192_0_128,0
HSV,60_30_192_192_0_192,0
HSV,60_30_192_192_0_256,0
HSV,60_30_192_192_64_64,0
HSV,60_30_192_192_64_128,0
HSV,60_30_192_192_64_192,0
HSV,60_30_192_192_64_256,0
HSV,60_30_192_192_128_64,0
HSV,60_30_192_192_128_128,0
HSV,60_30_192_192_128_192,0
HSV,60_30_192_192_128_256,0
HSV,60_30_192_192_192_64,0
HSV,60_30_192_192_192_128,0
HSV,60_30_192_192_192_192,0
HSV,60_30_192_192_192_256,0
HSV,60_30_192_256_0_64,0
HSV,60_30_192_256_0_128,0
HSV,60_30_192_256_0_192,0
HSV,60_30_192_256_0_256,0
HSV,60_30_192_256_64_64,0
HSV,60_30_192_256_64_128,0
HSV,60_30_192_256_64_192,0
HSV,60_30_192_256_64_256,0
HSV,60_30_192_256_128_64,0
HSV,60_30_192_256_128_128,0
HSV,60_30_192_256_128_192,0
HSV,60_30_192_256_128_256,0
HSV,60_30_192_256_192_64,0
HSV,60_30_192_256_192_128,0
HSV,60_30_192_256_192_192,0
HSV,60_30_192_256_192_256,0
HSV,60_60_0_64_0_64,0
HSV,60_60_0_64_0_128,0
HSV,60_60_0_64_0_192,0
HSV,60_60_0_64_0_256,0
HSV,60_60_0_64_64_64,0
HSV,60_60_0_64_64_128,0
HSV,60_60_0_64_64_192,0
HSV,60_60_0_64_64_256,0
HSV,60_60_0_64_128_64,0
HSV,60_60_0_64_128_128,0
HSV,60_60_0_64_128_192,0
HSV,60_60_0_64_128_256,0
HSV,60_60_0_64_192_64,0
HSV,60_60_0_64_192_128,0
HSV,60_60_0_64_192_192,0
HSV,60_60_0_64_192_256,0
HSV,60_60_0_128_0_64,0
HSV,60_60_0_128_0_128,0
HSV,60_60_0_128_0_192,0
HSV,60_60_0_128_0_256,0
HSV,60_60_0_128_64_64,0
HSV,60_60_0_128_64_128,0
HSV,60_60_0_128_64_192,0
HSV,60_60_0_128_64_256,0
HSV,60_60_0_128_128_64,0
HSV,60_60_0_128_128_128,0
HSV,60_60_0_128_128_192,0
HSV,60_60_0_128_128_256,0
HSV,60_60_0_128_192_64,0
HSV,60_60_0_128_192_128,0
HSV,60_60_0_128_192_192,0
HSV,60_60_0_128_192_256,0
HSV,60_60_0_192_0_64,0
HSV,60_60_0_192_0_128,0
HSV,60_60_0_192_0_192,0
HSV,60_60_0_192_0_256,0
HSV,60_60_0_192_64_64,0
HSV,60_60_0_192_64_128,0
HSV,60_60_0_192_64_192,0
HSV,60_60_0_192_64_256,0
HSV,60_60_0_192_128_64,0
HSV,60_60_0_192_128_128,0
HSV,60_60_0_192_128_192,0
HSV,60_60_0_192_128_256,0
HSV,60_60_0_192_192_64,0
HSV,60_60_0_192_192_128,0
HSV,60_60_0_192_192_192,0
HSV,60_60_0_192_192_256,0
HSV,60_60_0_256_0_64,0
HSV,60_60_0_256_0_128,0
HSV,60_60_0_256_0_192,0
HSV,60_60_0_256_0_256,0
HSV,60_60_0_256_64_64,0
HSV,60_60_0_256_64_128,0
HSV,60_60_0_256_64_192,0
HSV,60_60_0_256_64_256,0
HSV,60_60_0_256_128_64,0
HSV,60_60_0_256_128_128,0
HSV,60_60_0_256_128_192,0
HSV,60_60_0_256_128_256,0
HSV,60_60_0_256_192_64,0
HSV,60_60_0_256_192_128,0
HSV,60_60_0_256_192_192,0
HSV,60_60_0_256_192_256,0
HSV,60_60_64_64_0_64,0
HSV,60_60_64_64_0_128,0
HSV,60_60_64_64_0_192,0
HSV,60_60_64_64_0_256,0
HSV,60_60_64_64_64_64,0
HSV,60_60_64_64_64_128,0
HSV,60_60_64_64_64_192,0
HSV,60_60_64_64_64_256,0
HSV,60_60_64_64_128_64,0
HSV,60_60_64_64_128_128,0
HSV,60_60_64_64_128_192,0
HSV,60_60_64_64_128_256,0
HSV,60_60_64_64_192_64,0
HSV,60_60_64_64_192_128,0
HSV,60_60_64_64_192_192,0
HSV,60_60_64_64_192_256,0
HSV,60_60_64_128_0_64,0
HSV,60_60_64_128_0_128,0
HSV,60_60_64_128_0_192,0
HSV,60_60_64_128_0_256,0
HSV,60_60_64_128_64_64,0
HSV,60_60_64_128_64_128,0
HSV,60_60_64_128_64_192,0
HSV,60_60_64_128_64_256,0
HSV,60_60_64_128_128_64,0
HSV,60_60_64_128_128_128,0
HSV,60_60_64_128_128_192,0
HSV,60_60_64_128_128_256,0
HSV,60_60_64_128_192_64,0
HSV,60_60_64_128_192_128,0
HSV,60_60_64_128_192_192,0
HSV,60_60_64_128_192_256,0
HSV,60_60_64_192_0_64,0
HSV,60_60_64_192_0_128,0
HSV,60_60_64_192_0_192,0
HSV,60_60_64_192_0_256,0
HSV,60_60_64_192_64_64,0
HSV,60_60_64_192_64_128,0
HSV,60_60_64_192_64_192,0
HSV,60_60_64_192_64_256,0
HSV,60_60_64_192_128_64,0
HSV,60_60_64_192_128_128,0
HSV,60_60_64_192_128_192,0
HSV,60_60_64_192_128_256,0
HSV,60_60_64_192_192_64,0
HSV,60_60_64_192_192_128,0
HSV,60_60_64_192_192_192,0
HSV,60_60_64_192_192_256,0
HSV,60_60_64_256_0_64,0
HSV,60_60_64_256_0_128,0
HSV,60_60_64_256_0_192,0
HSV,60_60_64_256_0_256,0
HSV,60_60_64_256_64_64,0
HSV,60_60_64_256_64_128,0
HSV,60_60_64_256_64_192,0
HSV,60_60_64_256_64_256,0
HSV,60_60_64_256_128_64,0
HSV,60_60_64_256_128_128,0
HSV,60_60_64_256_128_192,0
HSV,60_60_64_256_128_256,0
HSV,60_60_64_256_192_64,0
HSV,60_60_64_256_192_128,0
HSV,60_60_64_256_192_192,0
HSV,60_60_64_256_192_256,0
HSV,60_60_128_64_0_64,0
HSV,60_60_128_64_0_128,0
HSV,60_60_128_64_0_192,0
HSV,60_60_128_64_0_256,0
HSV,60_60_128_64_64_64,0
HSV,60_60_128_64_64_128,0
HSV,60_60_128_64_64_192,0
HSV,60_60_128_64_64_256,0
HSV,60_60_128_64_128_64,0
HSV,60_60_128_64_128_128,0
HSV,60_60_128_64_128_192,0
HSV,60_60_128_64_128_256,0
HSV,60_60_128_64_192_64,0
HSV,60_60_128_64_192_128,0
HSV,60_60_128_64_192_192,0
HSV,60_60_128_64_192_256,0
HSV,60_60_128_128_0_64,0
HSV,60_60_128_128_0_128,0
HSV,60_60_128_128_0_192,0
HSV,60_60_128_128_0_256,0
HSV,60_60_128_128_64_64,0
HSV,60_60_128_128_64_128,0
HSV,60_60_128_128_64_192,0
HSV,60_60_128_128_64_256,0
HSV,60_60_128_128_128_64,0
HSV,60_60_128_128_128_128,0
HSV,60_60_128_128_128_192,0
HSV,60_60_128_128_128_256,0
HSV,60_60_128_128_192_64,0
HSV,60_60_128_128_192_128,0
HSV,60_60_128_128_192_192,0
HSV,60_60_128_128_192_256,0
HSV,60_60_128_192_0_64,0
HSV,60_60_128_192_0_128,0
HSV,60_60_128_192_0_192,0
HSV,60_60_128_192_0_256,0
HSV,60_60_128_192_64_64,0
HSV,60_60_128_192_64_128,0
HSV,60_60_128_192_64_192,0
HSV,60_60_128_192_64_256,0
HSV,60_60_128_192_128_64,0
HSV,60_60_128_192_128_128,0
HSV,60_60_128_192_128_192,0
HSV,60_60_128_192_128_256,0
HSV,60_60_128_192_192_64,0
HSV,60_60_128_192_192_128,0
HSV,60_60_128_192_192_192,0
HSV,60_60_128_192_192_256,0
HSV,60_60_128_256_0_64,0
HSV,60_60_128_256_0_128,0
HSV,60_60_128_256_0_192,0
HSV,60_60_128_256_0_256,0
HSV,60_60_128_256_64_64,0
HSV,60_60_128_256_64_128,0
HSV,60_60_128_256_64_192,0
HSV,60_60_128_256_64_256,0
HSV,60_60_128_256_128_64,0
HSV,60_60_128_256_128_128,0
HSV,60_60_128_256_128_192,0
HSV,60_60_128_256_128_256,0
HSV,60_60_128_256_192_64,0
HSV,60_60_128_256_192_128,0
HSV,60_60_128_256_192_192,0
HSV,60_60_128_256_192_256,0
HSV,60_60_192_64_0_64,0
HSV,60_60_192_64_0_128,0
HSV,60_60_192_64_0_192,0
HSV,60_60_192_64_0_256,0
HSV,60_60_192_64_64_64,0
HSV,60_60_192_64_64_128,0
HSV,60_60_192_64_64_192,0
HSV,60_60_192_64_64_256,0
HSV,60_60_192_64_128_64,0
HSV,60_60_192_64_128_128,0
HSV,60_60_192_64_128_192,0
HSV,60_60_192_64_128_256,0
HSV,60_60_192_64_192_64,0
HSV,60_60_192_64_192_128,0
HSV,60_60_192_64_192_192,0
HSV,60_60_192_64_192_256,0
HSV,60_60_192_128_0_64,0
HSV,60_60_192_128_0_128,0
HSV,60_60_192_128_0_192,0
HSV,60_60_192_128_0_256,0
HSV,60_60_192_128_64_64,0
HSV,60_60_192_128_64_128,0
HSV,60_60_192_128_64_192,0
HSV,60_60_192_128_64_256,0
HSV,60_60_192_128_128_64,0
HSV,60_60_192_128_128_128,0
HSV,60_60_192_128_128_192,0
HSV,60_60_192_128_128_256,0
HSV,60_60_192_128_192_64,0
HSV,60_60_192_128_192_128,0
HSV,60_60_192_128_192_192,0
HSV,60_60_192_128_192_256,0
HSV,60_60_192_192_0_64,0
HSV,60_60_192_192_0_128,0
HSV,60_60_192_192_0_192,0
HSV,60_60_192_192_0_256,0
HSV,60_60_192_192_64_64,0
HSV,60_60_192_192_64_128,0
HSV,60_60_192_192_64_192,0
HSV,60_60_192_192_64_256,0
HSV,60_60_192_192_128_64,0
HSV,60_60_192_192_128_128,0
HSV,60_60_192_192_128_192,0
HSV,60_60_192_192_128_256,0
HSV,60_60_192_192_192_64,0
HSV,60_60_192_192_192_128,0
HSV,60_60_192_192_192_192,0
HSV,60_60_192_192_192_256,0
HSV,60_60_192_256_0_64,0
HSV,60_60_192_256_0_128,0
HSV,60_60_192_256_0_192,0
HSV,60_60_192_256_0_256,0
HSV,60_60_192_256_64_64,0
HSV,60_60_192_256_64_128,0
HSV,60_60_192_256_64_192,0
HSV,60_60_192_256_64_256,0
HSV,60_60_192_256_128_64,0
HSV,60_60_192_256_128_128,0
HSV,60_60_192_256_128_192,0
HSV,60_60_192_256_128_256,0
HSV,60_60_192_256_192_64,0
HSV,60_60_192_256_192_128,0
HSV,60_60_192_256_192_192,0
HSV,60_60_192_256_192_256,0
HSV,60_90_0_64_0_64,0
HSV,60_90_0_64_0_128,0
HSV,60_90_0_64_0_192,0
HSV,60_90_0_64_0_256,0
HSV,60_90_0_64_64_64,0
HSV,60_90_0_64_64_128,0
HSV,60_90_0_64_64_192,0
HSV,60_90_0_64_64_256,0
HSV,60_90_0_64_128_64,0
HSV,60_90_0_64_128_128,0
HSV,60_90_0_64_128_192,0
HSV,60_90_0_64_128_256,0
HSV,60_90_0_64_192_64,0
HSV,60_90_0_64_192_128,0
HSV,60_90_0_64_192_192,0
HSV,60_90_0_64_192_256,0
HSV,60_90_0_128_0_64,0
HSV,60_90_0_128_0_128,0
HSV,60_90_0_128_0_192,0
HSV,60_90_0_128_0_256,0
HSV,60_90_0_128_64_64,0
HSV,60_90_0_128_64_128,0
HSV,60_90_0_128_64_192,0
HSV,60_90_0_128_64_256,0
HSV,60_90_0_128_128_64,0
HSV,60_90_0_128_128_128,0
HSV,60_90_0_128_128_192,0
HSV,60_90_0_128_128_256,0
HSV,60_90_0_128_192_64,0
HSV,60_90_0_128_192_128,0
HSV,60_90_0_128_192_192,0
HSV,60_90_0_128_192_256,0
HSV,60_90_0_192_0_64,0
HSV,60_90_0_192_0_128,0
HSV,60_90_0_192_0_192,0
HSV,60_90_0_192_0_256,0
HSV,60_90_0_192_64_64,0
HSV,60_90_0_192_64_128,0
HSV,60_90_0_192_64_192,0
HSV,60_90_0_192_64_256,0
HSV,60_90_0_192_128_64,0
HSV,60_90_0_192_128_128,0
HSV,60_90_0_192_128_192,0
HSV,60_90_0_192_128_256,0
HSV,60_90_0_192_192_64,0
HSV,60_90_0_192_192_128,0
HSV,60_90_0_192_192_192,0
HSV,60_90_0_192_192_256,0
HSV,60_90_0_256_0_64,0
HSV,60_90_0_256_0_128,0
HSV,60_90_0_256_0_192,0
HSV,60_90_0_256_0_256,0
HSV,60_90_0_256_64_64,0
HSV,60_90_0_256_64_128,0
HSV,60_90_0_256_64_192,0
HSV,60_90_0_256_64_256,0
HSV,60_90_0_256_128_64,0
HSV,60_90_0_256_128_128,0
HSV,60_90_0_256_128_192,0
HSV,60_90_0_256_128_256,0
HSV,60_90_0_256_192_64,0
HSV,60_90_0_256_192_128,0
HSV,60_90_0_256_192_192,0
HSV,60_90_0_256_192_256,0
HSV,60_90_64_64_0_64,0
HSV,60_90_64_64_0_128,0
HSV,60_90_64_64_0_192,0
HSV,60_90_64_64_0_256,0
HSV,60_90_64_64_64_64,0
HSV,60_90_64_64_64_128,0
HSV,60_90_64_64_64_192,0
HSV,60_90_64_64_64_256,0
HSV,60_90_64_64_128_64,0
HSV,60_90_64_64_128_128,0
HSV,60_90_64_64_128_192,0
HSV,60_90_64_64_128_256,0
HSV,60_90_64_64_192_64,0
HSV,60_90_64_64_192_128,0
HSV,60_90_64_64_192_192,0
HSV,60_90_64_64_192_256,0
HSV,60_90_64_128_0_64,0
HSV,60_90_64_128_0_128,0
HSV,60_90_64_128_0_192,0
HSV,60_90_64_128_0_256,0
HSV,60_90_64_128_64_64,0
HSV,60_90_64_128_64_128,0
HSV,60_90_64_128_64_192,0
HSV,60_90_64_128_64_256,0
HSV,60_90_64_128_128_64,0
HSV,60_90_64_128_128_128,0
HSV,60_90_64_128_128_192,0
HSV,60_90_64_128_128_256,0
HSV,60_90_64_128_192_64,0
HSV,60_90_64_128_192_128,0
HSV,60_90_64_128_192_192,0
HSV,60_90_64_128_192_256,0
HSV,60_90_64_192_0_64,0
HSV,60_90_64_192_0_128,0
HSV,60_90_64_192_0_192,0
HSV,60_90_64_192_0_256,0
HSV,60_90_64_192_64_64,0
HSV,60_90_64_192_64_128,0
HSV,60_90_64_192_64_192,0
HSV,60_90_64_192_64_256,0
HSV,60_90_64_192_128_64,0
HSV,60_90_64_192_128_128,0
HSV,60_90_64_192_128_192,0
HSV,60_90_64_192_128_256,0
HSV,60_90_64_192_192_64,0
HSV,60_90_64_192_192_128,0
HSV,60_90_64_192_192_192,0
HSV,60_90_64_192_192_256,0
HSV,60_90_64_256_0_64,0
HSV,60_90_64_256_0_128,0
HSV,60_90_64_256_0_192,0
HSV,60_90_64_256_0_256,0
HSV,60_90_64_256_64_64,0
HSV,60_90_64_256_64_128,0
HSV,60_90_64_256_64_192,0
HSV,60_90_64_256_64_256,0
HSV,60_90_64_256_128_64,0
HSV,60_90_64_256_128_128,0
HSV,60_90_64_256_128_192,0
HSV,60_90_64_256_128_256,0
HSV,60_90_64_256_192_64,0
HSV,60_90_64_256_192_128,0
HSV,60_90_64_256_192_192,0
HSV,60_90_64_256_192_256,0
HSV,60_90_128_64_0_64,0
HSV,60_90_128_64_0_128,0
HSV,60_90_128_64_0_192,0
HSV,60_90_128_64_0_256,0
HSV,60_90_128_64_64_64,0
HSV,60_90_128_64_64_128,0
HSV,60_90_128_64_64_192,0
HSV,60_90_128_64_64_256,0
HSV,60_90_128_64_128_64,0
HSV,60_90_128_64_128_128,0
HSV,60_90_128_64_128_192,0
HSV,60_90_128_64_128_256,0
HSV,60_90_128_64_192_64,0
HSV,60_90_128_64_192_128,0
HSV,60_90_128_64_192_192,0
HSV,60_90_128_64_192_256,0
HSV,60_90_128_128_0_64,0
HSV,60_90_128_128_0_128,0
HSV,60_90_128_128_0_192,0
HSV,60_90_128_128_0_256,0
HSV,60_90_128_128_64_64,0
HSV,60_90_128_128_64_128,0
HSV,60_90_128_128_64_192,0
HSV,60_90_128_128_64_256,0
HSV,60_90_128_128_128_64,0
HSV,60_90_128_128_128_128,0
HSV,60_90_128_128_128_192,0
HSV,60_90_128_128_128_256,0
HSV,60_90_128_128_192_64,0
HSV,60_90_128_128_192_128,0
HSV,60_90_128_128_192_192,0
HSV,60_90_128_128_192_256,0
HSV,60_90_128_192_0_64,0
HSV,60_90_128_192_0_128,0
HSV,60_90_128_192_0_192,0
HSV,60_90_128_192_0_256,0
HSV,60_90_128_192_64_64,0
HSV,60_90_128_192_64_128,0
HSV,60_90_128_192_64_192,0
HSV,60_90_128_192_64_256,0
HSV,60_90_128_192_128_64,0
HSV,60_90_128_192_128_128,0
HSV,60_90_128_192_128_192,0
HSV,60_90_128_192_128_256,0
HSV,60_90_128_192_192_64,0
HSV,60_90_128_192_192_128,0
HSV,60_90_128_192_192_192,0
HSV,60_90_128_192_192_256,0
HSV,60_90_128_256_0_64,0
HSV,60_90_128_256_0_128,0
HSV,60_90_128_256_0_192,0
HSV,60_90_128_256_0_256,0
HSV,60_90_128_256_64_64,0
HSV,60_90_128_256_64_128,0
HSV,60_90_128_256_64_192,0
HSV,60_90_128_256_64_256,0
HSV,60_90_128_256_128_64,0
HSV,60_90_128_256_128_128,0
HSV,60_90_128_256_128_192,0
HSV,60_90_128_256_128_256,0
HSV,60_90_128_256_192_64,0
HSV,60_90_128_256_192_128,0
HSV,60_90_128_256_192_192,0
HSV,60_90_128_256_192_256,0
HSV,60_90_192_64_0_64,0
HSV,60_90_192_64_0_128,0
HSV,60_90_192_64_0_192,0
HSV,60_90_192_64_0_256,0
HSV,60_90_192_64_64_64,0
HSV,60_90_192_64_64_128,0
HSV,60_90_192_64_64_192,0
HSV,60_90_192_64_64_256,0
HSV,60_90_192_64_128_64,0
HSV,60_90_192_64_128_128,0
HSV,60_90_192_64_128_192,0
HSV,60_90_192_64_128_256,0
HSV,60_90_192_64_192_64,0
HSV,60_90_192_64_192_128,0
HSV,60_90_192_64_192_192,0
HSV,60_90_192_64_192_256,0
HSV,60_90_192_128_0_64,0
HSV,60_90_192_128_0_128,0
HSV,60_90_192_128_0_192,0
HSV,60_90_192_128_0_256,0
HSV,60_90_192_128_64_64,0
HSV,60_90_192_128_64_128,0
HSV,60_90_192_128_64_192,0
HSV,60_90_192_128_64_256,0
HSV,60_90_192_128_128_64,0
HSV,60_90_192_128_128_128,0
HSV,60_90_192_128_128_192,0
HSV,60_90_192_128_128_256,0
HSV,60_90_192_128_192_64,0
HSV,60_90_192_128_192_128,0
HSV,60_90_192_128_192_192,0
HSV,60_90_192_128_192_256,0
HSV,60_90_192_192_0_64,0
HSV,60_90_192_192_0_128,0
HSV,60_90_192_192_0_192,0
HSV,60_90_192_192_0_256,0
HSV,60_90_192_192_64_64,0
HSV,60_90_192_192_64_128,0
HSV,60_90_192_192_64_192,0
HSV,60_90_192_192_64_256,0
HSV,60_90_192_192_128_64,0
HSV,60_90_192_192_128_128,0
HSV,60_90_192_192_128_192,0
HSV,60_90_192_192_128_256,0
HSV,60_90_192_192_192_64,0
HSV,60_90_192_192_192_128,0
HSV,60_90_192_192_192_192,0
HSV,60_90_192_192_192_256,0
HSV,60_90_192_256_0_64,0
HSV,60_90_192_256_0_128,0
HSV,60_90_192_256_0_192,0
HSV,60_90_192_256_0_256,0
HSV,60_90_192_256_64_64,0
HSV,60_90_192_256_64_128,0
HSV,60_90_192_256_64_192,0
HSV,60_90_192_256_64_256,0
HSV,60_90_192_256_128_64,0
HSV,60_90_192_256_128_128,0
HSV,60_90_192_256_128_192,0
HSV,60_90_192_256_128_256,0
HSV,60_90_192_256_192_64,0
HSV,60_90_192_256_192_128,0
HSV,60_90_192_256_192_192,0
HSV,60_90_192_256_192_256,0
HSV,60_120_0_64_0_64,0
HSV,60_120_0_64_0_128,0
HSV,60_120_0_64_0_192,0
HSV,60_120_0_64_0_256,0
HSV,60_120_0_64_64_64,0
HSV,60_120_0_64_64_128,0
HSV,60_120_0_64_64_192,0
HSV,60_120_0_64_64_256,0
HSV,60_120_0_64_128_64,0
HSV,60_120_0_64_128_128,0
HSV,60_120_0_64_128_192,0
HSV,60_120_0_64_128_256,0
HSV,60_120_0_64_192_64,0
HSV,60_120_0_64_192_128,0
HSV,60_120_0_64_192_192,0
HSV,60_120_0_64_192_256,0
HSV,60_120_0_128_0_64,0
HSV,60_120_0_128_0_128,0
HSV,60_120_0_128_0_192,0
HSV,60_120_0_128_0_256,0
HSV,60_120_0_128_64_64,0
HSV,60_120_0_128_64_128,0
HSV,60_120_0_128_64_192,0
HSV,60_120_0_128_64_256,0
HSV,60_120_0_128_128_64,0
HSV,60_120_0_128_128_128,0
HSV,60_120_0_128_128_192,0
HSV,60_120_0_128_128_256,0
HSV,60_120_0_128_192_64,0
HSV,60_120_0_128_192_128,0
HSV,60_120_0_128_192_192,0
HSV,60_120_0_128_192_256,0
HSV,60_120_0_192_0_64,0
HSV,60_120_0_192_0_128,0
HSV,60_120_0_192_0_192,0
HSV,60_120_0_192_0_256,0
HSV,60_120_0_192_64_64,0
HSV,60_120_0_192_64_128,0
HSV,60_120_0_192_64_192,0
HSV,60_120_0_192_64_256,0
HSV,60_120_0_192_128_64,0
HSV,60_120_0_192_128_128,0
HSV,60_120_0_192_128_192,0
HSV,60_120_0_192_128_256,0
HSV,60_120_0_192_192_64,0
HSV,60_120_0_192_192_128,0
HSV,60_120_0_192_192_192,0
HSV,60_120_0_192_192_256,0
HSV,60_120_0_256_0_64,0
HSV,60_120_0_256_0_128,0
HSV,60_120_0_256_0_192,0
HSV,60_120_0_256_0_256,0
HSV,60_120_0_256_64_64,0
HSV,60_120_0_256_64_128,0
HSV,60_120_0_256_64_192,0
HSV,60_120_0_256_64_256,0
HSV,60_120_0_256_128_64,0
HSV,60_120_0_256_128_128,0
HSV,60_120_0_256_128_192,0
HSV,60_120_0_256_128_256,0
HSV,60_120_0_256_192_64,0
HSV,60_120_0_256_192_128,0
HSV,60_120_0_256_192_192,0
HSV,60_120_0_256_192_256,0
HSV,60_120_64_64_0_64,0
HSV,60_120_64_64_0_128,0
HSV,60_120_64_64_0_192,0
HSV,60_120_64_64_0_256,0
HSV,60_120_64_64_64_64,0
HSV,60_120_64_64_64_128,0
HSV,60_120_64_64_64_192,0
HSV,60_120_64_64_64_256,0
HSV,60_120_64_64_128_64,0
HSV,60_120_64_64_128_128,0
HSV,60_120_64_64_128_192,0
HSV,60_120_64_64_128_256,0
HSV,60_120_64_64_192_64,0
HSV,60_120_64_64_192_128,0
HSV,60_120_64_64_192_192,0
HSV,60_120_64_64_192_256,0
HSV,60_120_64_128_0_64,0
HSV,60_120_64_128_0_128,0
HSV,60_120_64_128_0_192,0
HSV,60_120_64_128_0_256,0
HSV,60_120_64_128_64_64,0
HSV,60_120_64_128_64_128,0
HSV,60_120_64_128_64_192,0
HSV,60_120_64_128_64_256,0
HSV,60_120_64_128_128_64,0
HSV,60_120_64_128_128_128,0
HSV,60_120_64_128_128_192,0
HSV,60_120_64_128_128_256,0
HSV,60_120_64_128_192_64,0
HSV,60_120_64_128_192_128,0
HSV,60_120_64_128_192_192,0
HSV,60_120_64_128_192_256,0
HSV,60_120_64_192_0_64,0
HSV,60_120_64_192_0_128,0
HSV,60_120_64_192_0_192,0
HSV,60_120_64_192_0_256,0
HSV,60_120_64_192_64_64,0
HSV,60_120_64_192_64_128,0
HSV,60_120_64_192_64_192,0
HSV,60_120_64_192_64_256,0
HSV,60_120_64_192_128_64,0
HSV,60_120_64_192_128_128,0
HSV,60_120_64_192_128_192,0
HSV,60_120_64_192_128_256,0
HSV,60_120_64_192_192_64,0
HSV,60_120_64_192_192_128,0
HSV,60_120_64_192_192_192,0
HSV,60_120_64_192_192_256,0
HSV,60_120_64_256_0_64,0
HSV,60_120_64_256_0_128,0
HSV,60_120_64_256_0_192,0
HSV,60_120_64_256_0_256,0
HSV,60_120_64_256_64_64,0
HSV,60_120_64_256_64_128,0
HSV,60_120_64_256_64_192,0
HSV,60_120_64_256_64_256,0
HSV,60_120_64_256_128_64,0
HSV,60_120_64_256_128_128,0
HSV,60_120_64_256_128_192,0
HSV,60_120_64_256_128_256,0
HSV,60_120_64_256_192_64,0
HSV,60_120_64_256_192_128,0
HSV,60_120_64_256_192_192,0
HSV,60_120_64_256_192_256,0
HSV,60_120_128_64_0_64,0
HSV,60_120_128_64_0_128,0
HSV,60_120_128_64_0_192,0
HSV,60_120_128_64_0_256,0
HSV,60_120_128_64_64_64,0
HSV,60_120_128_64_64_128,0
HSV,60_120_128_64_64_192,0
HSV,60_120_128_64_64_256,0
HSV,60_120_128_64_128_64,0
HSV,60_120_128_64_128_128,0
HSV,60_120_128_64_128_192,0
HSV,60_120_128_64_128_256,0
HSV,60_120_128_64_192_64,0
HSV,60_120_128_64_192_128,0
HSV,60_120_128_64_192_192,0
HSV,60_120_128_64_192_256,0
HSV,60_120_128_128_0_64,0
HSV,60_120_128_128_0_128,0
HSV,60_120_128_128_0_192,0
HSV,60_120_128_128_0_256,0
HSV,60_120_128_128_64_64,0
HSV,60_120_128_128_64_128,0
HSV,60_120_128_128_64_192,0
HSV,60_120_128_128_64_256,0
HSV,60_120_128_128_128_64,0
HSV,60_120_128_128_128_128,0
HSV,60_120_128_128_128_192,0
HSV,60_120_128_128_128_256,0
HSV,60_120_128_128_192_64,0
HSV,60_120_128_128_192_128,0
HSV,60_120_128_128_192_192,0
HSV,60_120_128_128_192_256,0
HSV,60_120_128_192_0_64,0
HSV,60_120_128_192_0_128,0
HSV,60_120_128_192_0_192,0
HSV,60_120_128_192_0_256,0
HSV,60_120_128_192_64_64,0
HSV,60_120_128_192_64_128,0
HSV,60_120_128_192_64_192,0
HSV,60_120_128_192_64_256,0
HSV,60_120_128_192_128_64,0
HSV,60_120_128_192_128_128,0
HSV,60_120_128_192_128_192,0
HSV,60_120_128_192_128_256,0
HSV,60_120_128_192_192_64,0
HSV,60_120_128_192_192_128,0
HSV,60_120_128_192_192_192,0
HSV,60_120_128_192_192_256,0
HSV,60_120_128_256_0_64,0
HSV,60_120_128_256_0_128,0
HSV,60_120_128_256_0_192,0
HSV,60_120_128_256_0_256,0
HSV,60_120_128_256_64_64,0
HSV,60_120_128_256_64_128,0
HSV,60_120_128_256_64_192,0
HSV,60_120_128_256_64_256,0
HSV,60_120_128_256_128_64,0
HSV,60_120_128_256_128_128,0
HSV,60_120_128_256_128_192,0
HSV,60_120_128_256_128_256,0
HSV,60_120_128_256_192_64,0
HSV,60_120_128_256_192_128,0
HSV,60_120_128_256_192_192,0
HSV,60_120_128_256_192_256,0
HSV,60_120_192_64_0_64,0
HSV,60_120_192_64_0_128,0
HSV,60_120_192_64_0_192,0
HSV,60_120_192_64_0_256,0
HSV,60_120_192_64_64_64,0
HSV,60_120_192_64_64_128,0
HSV,60_120_192_64_64_192,0
HSV,60_120_192_64_64_256,0
HSV,60_120_192_64_128_64,0
HSV,60_120_192_64_128_128,0
HSV,60_120_192_64_128_192,0
HSV,60_120_192_64_128_256,0
HSV,60_120_192_64_192_64,0
HSV,60_120_192_64_192_128,0
HSV,60_120_192_64_192_192,0
HSV,60_120_192_64_192_256,0
HSV,60_120_192_128_0_64,0
HSV,60_120_192_128_0_128,0
HSV,60_120_192_128_0_192,0
HSV,60_120_192_128_0_256,0
HSV,60_120_192_128_64_64,0
HSV,60_120_192_128_64_128,0
HSV,60_120_192_128_64_192,0
HSV,60_120_192_128_64_256,0
HSV,60_120_192_128_128_64,0
HSV,60_120_192_128_128_128,0
HSV,60_120_192_128_128_192,0
HSV,60_120_192_128_128_256,0
HSV,60_120_192_128_192_64,0
HSV,60_120_192_128_192_128,0
HSV,60_120_192_128_192_192,0
HSV,60_120_192_128_192_256,0
HSV,60_120_192_192_0_64,0
HSV,60_120_192_192_0_128,0
HSV,60_120_192_192_0_192,0
HSV,60_120_192_192_0_256,0
HSV,60_120_192_192_64_64,0
HSV,60_120_192_192_64_128,0
HSV,60_120_192_192_64_192,0
HSV,60_120_192_192_64_256,0
HSV,60_120_192_192_128_64,0
HSV,60_120_192_192_128_128,0
HSV,60_120_192_192_128_192,0
HSV,60_120_192_192_128_256,0
HSV,60_120_192_192_192_64,0
HSV,60_120_192_192_192_128,0
HSV,60_120_192_192_192_192,0
HSV,60_120_192_192_192_256,0
HSV,60_120_192_256_0_64,0
HSV,60_120_192_256_0_128,0
HSV,60_120_192_256_0_192,0
HSV,60_120_192_256_0_256,0
HSV,60_120_192_256_64_64,0
HSV,60_120_192_256_64_128,0
HSV,60_120_192_256_64_192,0
HSV,60_120_192_256_64_256,0
HSV,60_120_192_256_128_64,0
HSV,60_120_192_256_128_128,0
HSV,60_120_192_256_128_192,0
HSV,60_120_192_256_128_256,0
HSV,60_120_192_256_192_64,0
HSV,60_120_192_256_192_128,0
HSV,60_120_192_256_192_192,0
HSV,60_120_192_256_192_256,0
HSV,60_150_0_64_0_64,0
HSV,60_150_0_64_0_128,0
HSV,60_150_0_64_0_192,0
HSV,60_150_0_64_0_256,0
HSV,60_150_0_64_64_64,0
HSV,60_150_0_64_64_128,0
HSV,60_150_0_64_64_192,0
HSV,60_150_0_64_64_256,0
HSV,60_150_0_64_128_64,0
HSV,60_150_0_64_128_128,0
HSV,60_150_0_64_128_192,0
HSV,60_150_0_64_128_256,0
HSV,60_150_0_64_192_64,0
HSV,60_150_0_64_192_128,0
HSV,60_150_0_64_192_192,0
HSV,60_150_0_64_192_256,0
HSV,60_150_0_128_0_64,0
HSV,60_150_0_128_0_128,0
HSV,60_150_0_128_0_192,0
HSV,60_150_0_128_0_256,0
HSV,60_150_0_128_64_64,0
HSV,60_150_0_128_64_128,0
HSV,60_150_0_128_64_192,0
HSV,60_150_0_128_64_256,0
HSV,60_150_0_128_128_64,0
HSV,60_150_0_128_128_128,0
HSV,60_150_0_128_128_192,0
HSV,60_150_0_128_128_256,0
HSV,60_150_0_128_192_64,0
HSV,60_150_0_128_192_128,0
HSV,60_150_0_128_192_192,0
HSV,60_150_0_128_192_256,0
HSV,60_150_0_192_0_64,0
HSV,60_150_0_192_0_128,0
HSV,60_150_0_192_0_192,0
HSV,60_150_0_192_0_256,0
HSV,60_150_0_192_64_64,0
HSV,60_150_0_192_64_128,0
HSV,60_150_0_192_64_192,0
HSV,60_150_0_192_64_256,0
HSV,60_150_0_192_128_64,0
HSV,60_150_0_192_128_128,0
HSV,60_150_0_192_128_192,0
HSV,60_150_0_192_128_256,0
HSV,60_150_0_192_192_64,0
HSV,60_150_0_192_192_128,0
HSV,60_150_0_192_192_192,0
HSV,60_150_0_192_192_256,0
HSV,60_150_0_256_0_64,0
HSV,60_150_0_256_0_128,0
HSV,60_150_0_256_0_192,0
HSV,60_150_0_256_0_256,0
HSV,60_150_0_256_64_64,0
HSV,60_150_0_256_64_128,0
HSV,60_150_0_256_64_192,0
HSV,60_150_0_256_64_256,0
HSV,60_150_0_256_128_64,0
HSV,60_150_0_256_128_128,0
HSV,60_150_0_256_128_192,0
HSV,60_150_0_256_128_256,0
HSV,60_150_0_256_192_64,0
HSV,60_150_0_256_192_128,0
HSV,60_150_0_256_192_192,0
HSV,60_150_0_256_192_256,0
HSV,60_150_64_64_0_64,0
HSV,60_150_64_64_0_128,0
HSV,60_150_64_64_0_192,0
HSV,60_150_64_64_0_256,0
HSV,60_150_64_64_64_64,0
HSV,60_150_64_64_64_128,0
HSV,60_150_64_64_64_192,0
HSV,60_150_64_64_64_256,0
HSV,60_150_64_64_128_64,0
HSV,60_150_64_64_128_128,0
HSV,60_150_64_64_128_192,0
HSV,60_150_64_64_128_256,0
HSV,60_150_64_64_192_64,0
HSV,60_150_64_64_192_128,0
HSV,60_150_64_64_192_192,0
HSV,60_150_64_64_192_256,0
HSV,60_150_64_128_0_64,0
HSV,60_150_64_128_0_128,0
HSV,60_150_64_128_0_192,0
HSV,60_150_64_128_0_256,0
HSV,60_150_64_128_64_64,0
HSV,60_150_64_128_64_128,0
HSV,60_150_64_128_64_192,0
HSV,60_150_64_128_64_256,0
HSV,60_150_64_128_128_64,0
HSV,60_150_64_128_128_128,0
HSV,60_150_64_128_128_192,0
HSV,60_150_64_128_128_256,0
HSV,60_150_64_128_192_64,0
HSV,60_150_64_128_192_128,0
HSV,60_150_64_128_192_192,0
HSV,60_150_64_128_192_256,0
HSV,60_150_64_192_0_64,0
HSV,60_150_64_192_0_128,0
HSV,60_150_64_192_0_192,0
HSV,60_150_64_192_0_256,0
HSV,60_150_64_192_64_64,0
HSV,60_150_64_192_64_128,0
HSV,60_150_64_192_64_192,0
HSV,60_150_64_192_64_256,0
HSV,60_150_64_192_128_64,0
HSV,60_150_64_192_128_128,0
HSV,60_150_64_192_128_192,0
HSV,60_150_64_192_128_256,0
HSV,60_150_64_192_192_64,0
HSV,60_150_64_192_192_128,0
HSV,60_150_64_192_192_192,0
HSV,60_150_64_192_192_256,0
HSV,60_150_64_256_0_64,0
HSV,60_150_64_256_0_128,0
HSV,60_150_64_256_0_192,0
HSV,60_150_64_256_0_256,0
HSV,60_150_64_256_64_64,0
HSV,60_150_64_256_64_128,0
HSV,60_150_64_256_64_192,0
HSV,60_150_64_256_64_256,0
HSV,60_150_64_256_128_64,0
HSV,60_150_64_256_128_128,0
HSV,60_150_64_256_128_192,0
HSV,60_150_64_256_128_256,0
HSV,60_150_64_256_192_64,0
HSV,60_150_64_256_192_128,0
HSV,60_150_64_256_192_192,0
HSV,60_150_64_256_192_256,0
HSV,60_150_128_64_0_64,0
HSV,60_150_128_64_0_128,0
HSV,60_150_128_64_0_192,0
HSV,60_150_128_64_0_256,0
HSV,60_150_128_64_64_64,0
HSV,60_150_128_64_64_128,0
HSV,60_150_128_64_64_192,0
HSV,60_150_128_64_64_256,0
HSV,60_150_128_64_128_64,0
HSV,60_150_128_64_128_128,0
HSV,60_150_128_64_128_192,0
HSV,60_150_128_64_128_256,0
HSV,60_150_128_64_192_64,0
HSV,60_150_128_64_192_128,0
HSV,60_150_128_64_192_192,0
HSV,60_150_128_64_192_256,0
HSV,60_150_128_128_0_64,0
HSV,60_150_128_128_0_128,0
HSV,60_150_128_128_0_192,0
HSV,60_150_128_128_0_256,0
HSV,60_150_128_128_64_64,0
HSV,60_150_128_128_64_128,0
HSV,60_150_128_128_64_192,0
HSV,60_150_128_128_64_256,0
HSV,60_150_128_128_128_64,0
HSV,60_150_128_128_128_128,0
HSV,60_150_128_128_128_192,0
HSV,60_150_128_128_128_256,0
HSV,60_150_128_128_192_64,0
HSV,60_150_128_128_192_128,0
HSV,60_150_128_128_192_192,0
HSV,60_150_128_128_192_256,0
HSV,60_150_128_192_0_64,0
HSV,60_150_128_192_0_128,0
HSV,60_150_128_192_0_192,0
HSV,60_150_128_192_0_256,0
HSV,60_150_128_192_64_64,0
HSV,60_150_128_192_64_128,0
HSV,60_150_128_192_64_192,0
HSV,60_150_128_192_64_256,0
HSV,60_150_128_192_128_64,0
HSV,60_150_128_192_128_128,0
HSV,60_150_128_192_128_192,0
HSV,60_150_128_192_128_256,0
HSV,60_150_128_192_192_64,0
HSV,60_150_128_192_192_128,0
HSV,60_150_128_192_192_192,0
HSV,60_150_128_192_192_256,0
HSV,60_150_128_256_0_64,0
HSV,60_150_128_256_0_128,0
HSV,60_150_128_256_0_192,0
HSV,60_150_128_256_0_256,0
HSV,60_150_128_256_64_64,0
HSV,60_150_128_256_64_128,0
HSV,60_150_128_256_64_192,0
HSV,60_150_128_256_64_256,0
HSV,60_150_128_256_128_64,0
HSV,60_150_128_256_128_128,0
HSV,60_150_128_256_128_192,0
HSV,60_150_128_256_128_256,0
HSV,60_150_128_256_192_64,0
HSV,60_150_128_256_192_128,0
HSV,60_150_128_256_192_192,0
HSV,60_150_128_256_192_256,0
HSV,60_150_192_64_0_64,0
HSV,60_150_192_64_0_128,0
HSV,60_150_192_64_0_192,0
HSV,60_150_192_64_0_256,0
HSV,60_150_192_64_64_64,0
HSV,60_150_192_64_64_128,0
HSV,60_150_192_64_64_192,0
HSV,60_150_192_64_64_256,0
HSV,60_150_192_64_128_64,0
HSV,60_150_192_64_128_128,0
HSV,60_150_192_64_128_192,0
HSV,60_150_192_64_128_256,0
HSV,60_150_192_64_192_64,0
HSV,60_150_192_64_192_128,0
HSV,60_150_192_64_192_192,0
HSV,60_150_192_64_192_256,0
HSV,60_150_192_128_0_64,0
HSV,60_150_192_128_0_128,0
HSV,60_150_192_128_0_192,0
HSV,60_150_192_128_0_256,0
HSV,60_150_192_128_64_64,0
HSV,60_150_192_128_64_128,0
HSV,60_150_192_128_64_192,0
HSV,60_150_192_128_64_256,0
HSV,60_150_192_128_128_64,0
HSV,60_150_192_128_128_128,0
HSV,60_150_192_128_128_192,0
HSV,60_150_192_128_128_256,0
HSV,60_150_192_128_192_64,0
HSV,60_150_192_128_192_128,0
HSV,60_150_192_128_192_192,0
HSV,60_150_192_128_192_256,0
HSV,60_150_192_192_0_64,0
HSV,60_150_192_192_0_128,0
HSV,60_150_192_192_0_192,0
HSV,60_150_192_192_0_256,0
HSV,60_150_192_192_64_64,0
HSV,60_150_192_192_64_128,0
HSV,60_150_192_192_64_192,0
HSV,60_150_192_192_64_256,0
HSV,60_150_192_192_128_64,0
HSV,60_150_192_192_128_128,0
HSV,60_150_192_192_128_192,0
HSV,60_150_192_192_128_256,0
HSV,60_150_192_192_192_64,0
HSV,60_150_192_192_192_128,0
HSV,60_150_192_192_192_192,0
HSV,60_150_192_192_192_256,0
HSV,60_150_192_256_0_64,0
HSV,60_150_192_256_0_128,0
HSV,60_150_192_256_0_192,0
HSV,60_150_192_256_0_256,0
HSV,60_150_192_256_64_64,0
HSV,60_150_192_256_64_128,0
HSV,60_150_192_256_64_192,0
HSV,60_150_192_256_64_256,0
HSV,60_150_192_256_128_64,0
HSV,60_150_192_256_128_128,0
HSV,60_150_192_256_128_192,0
HSV,60_150_192_256_128_256,0
HSV,60_150_192_256_192_64,0
HSV,60_150_192_256_192_128,0
HSV,60_150_192_256_192_192,0
HSV,60_150_192_256_192_256,0
HSV,60_180_0_64_0_64,0
HSV,60_180_0_64_0_128,0
HSV,60_180_0_64_0_192,0
HSV,60_180_0_64_0_256,0
HSV,60_180_0_64_64_64,0
HSV,60_180_0_64_64_128,0
HSV,60_180_0_64_64_192,0
HSV,60_180_0_64_64_256,0
HSV,60_180_0_64_128_64,0
HSV,60_180_0_64_128_128,0
HSV,60_180_0_64_128_192,0
HSV,60_180_0_64_128_256,0
HSV,60_180_0_64_192_64,0
HSV,60_180_0_64_192_128,0
HSV,60_180_0_64_192_192,0
HSV,60_180_0_64_192_256,0
HSV,60_180_0_128_0_64,0
HSV,60_180_0_128_0_128,0
HSV,60_180_0_128_0_192,0
HSV,60_180_0_128_0_256,0
HSV,60_180_0_128_64_64,0
HSV,60_180_0_128_64_128,0
HSV,60_180_0_128_64_192,0
HSV,60_180_0_128_64_256,0
HSV,60_180_0_128_128_64,0
HSV,60_180_0_128_128_128,0
HSV,60_180_0_128_128_192,0
HSV,60_180_0_128_128_256,0
HSV,60_180_0_128_192_64,0
HSV,60_180_0_128_192_128,0
HSV,60_180_0_128_192_192,0
HSV,60_180_0_128_192_256,0
HSV,60_180_0_192_0_64,0
HSV,60_180_0_192_0_128,0
HSV,60_180_0_192_0_192,0
HSV,60_180_0_192_0_256,0
HSV,60_180_0_192_64_64,0
HSV,60_180_0_192_64_128,0
HSV,60_180_0_192_64_192,0
HSV,60_180_0_192_64_256,0
HSV,60_180_0_192_128_64,0
HSV,60_180_0_192_128_128,0
HSV,60_180_0_192_128_192,0
HSV,60_180_0_192_128_256,0
HSV,60_180_0_192_192_64,0
HSV,60_180_0_192_192_128,0
HSV,60_180_0_192_192_192,0
HSV,60_180_0_192_192_256,0
HSV,60_180_0_256_0_64,0
HSV,60_180_0_256_0_128,0
HSV,60_180_0_256_0_192,0
HSV,60_180_0_256_0_256,0
HSV,60_180_0_256_64_64,0
HSV,60_180_0_256_64_128,0
HSV,60_180_0_256_64_192,0
HSV,60_180_0_256_64_256,0
HSV,60_180_0_256_128_64,0
HSV,60_180_0_256_128_128,0
HSV,60_180_0_256_128_192,0
HSV,60_180_0_256_128_256,0
HSV,60_180_0_256_192_64,0
HSV,60_180_0_256_192_128,0
HSV,60_180_0_256_192_192,0
HSV,60_180_0_256_192_256,0
HSV,60_180_64_64_0_64,0
HSV,60_180_64_64_0_128,0
HSV,60_180_64_64_0_192,0
HSV,60_180_64_64_0_256,0
HSV,60_180_64_64_64_64,0
HSV,60_180_64_64_64_128,0
HSV,60_180_64_64_64_192,0
HSV,60_180_64_64_64_256,0
HSV,60_180_64_64_128_64,0
HSV,60_180_64_64_128_128,0
HSV,60_180_64_64_128_192,0
HSV,60_180_64_64_128_256,0
HSV,60_180_64_64_192_64,0
HSV,60_180_64_64_192_128,0
HSV,60_180_64_64_192_192,0
HSV,60_180_64_64_192_256,0
HSV,60_180_64_128_0_64,0
HSV,60_180_64_128_0_128,0
HSV,60_180_64_128_0_192,0
HSV,60_180_64_128_0_256,0
HSV,60_180_64_128_64_64,0
HSV,60_180_64_128_64_128,0
HSV,60_180_64_128_64_192,0
HSV,60_180_64_128_64_256,0
HSV,60_180_64_128_128_64,0
HSV,60_180_64_128_128_128,0
HSV,60_180_64_128_128_192,0
HSV,60_180_64_128_128_256,0
HSV,60_180_64_128_192_64,0
HSV,60_180_64_128_192_128,0
HSV,60_180_64_128_192_192,0
HSV,60_180_64_128_192_256,0
HSV,60_180_64_192_0_64,0
HSV,60_180_64_192_0_128,0
HSV,60_180_64_192_0_192,0
HSV,60_180_64_192_0_256,0
HSV,60_180_64_192_64_64,0
HSV,60_180_64_192_64_128,0
HSV,60_180_64_192_64_192,0
HSV,60_180_64_192_64_256,0
HSV,60_180_64_192_128_64,0
HSV,60_180_64_192_128_128,0
HSV,60_180_64_192_128_192,0
HSV,60_180_64_192_128_256,0
HSV,60_180_64_192_192_64,0
HSV,60_180_64_192_192_128,0
HSV,60_180_64_192_192_192,0
HSV,60_180_64_192_192_256,0
HSV,60_180_64_256_0_64,0
HSV,60_180_64_256_0_128,0
HSV,60_180_64_256_0_192,0
HSV,60_180_64_256_0_256,0
HSV,60_180_64_256_64_64,0
HSV,60_180_64_256_64_128,0
HSV,60_180_64_256_64_192,0
HSV,60_180_64_256_64_256,0
HSV,60_180_64_256_128_64,0
HSV,60_180_64_256_128_128,0
HSV,60_180_64_256_128_192,0
HSV,60_180_64_256_128_256,0
HSV,60_180_64_256_192_64,0
HSV,60_180_64_256_192_128,0
HSV,60_180_64_256_192_192,0
HSV,60_180_64_256_192_256,0
HSV,60_180_128_64_0_64,0
HSV,60_180_128_64_0_128,0
HSV,60_180_128_64_0_192,0
HSV,60_180_128_64_0_256,0
HSV,60_180_128_64_64_64,0
HSV,60_180_128_64_64_128,0
HSV,60_180_128_64_64_192,0
HSV,60_180_128_64_64_256,0
HSV,60_180_128_64_128_64,0
HSV,60_180_128_64_128_128,0
HSV,60_180_128_64_128_192,0
HSV,60_180_128_64_128_256,0
HSV,60_180_128_64_192_64,0
HSV,60_180_128_64_192_128,0
HSV,60_180_128_64_192_192,0
HSV,60_180_128_64_192_256,0
HSV,60_180_128_128_0_64,0
HSV,60_180_128_128_0_128,0
HSV,60_180_128_128_0_192,0
HSV,60_180_128_128_0_256,0
HSV,60_180_128_128_64_64,0
HSV,60_180_128_128_64_128,0
HSV,60_180_128_128_64_192,0
HSV,60_180_128_128_64_256,0
HSV,60_180_128_128_128_64,0
HSV,60_180_128_128_128_128,0
HSV,60_180_128_128_128_192,0
HSV,60_180_128_128_128_256,0
HSV,60_180_128_128_192_64,0
HSV,60_180_128_128_192_128,0
HSV,60_180_128_128_192_192,0
HSV,60_180_128_128_192_256,0
HSV,60_180_128_192_0_64,0
HSV,60_180_128_192_0_128,0
HSV,60_180_128_192_0_192,0
HSV,60_180_128_192_0_256,0
HSV,60_180_128_192_64_64,0
HSV,60_180_128_192_64_128,0
HSV,60_180_128_192_64_192,0
HSV,60_180_128_192_64_256,0
HSV,60_180_128_192_128_64,0
HSV,60_180_128_192_128_128,0
HSV,60_180_128_192_128_192,0
HSV,60_180_128_192_128_256,0
HSV,60_180_128_192_192_64,0
HSV,60_180_128_192_192_128,0
HSV,60_180_128_192_192_192,0
HSV,60_180_128_192_192_256,0
HSV,60_180_128_256_0_64,0
HSV,60_180_128_256_0_128,0
HSV,60_180_128_256_0_192,0
HSV,60_180_128_256_0_256,0
HSV,60_180_128_256_64_64,0
HSV,60_180_128_256_64_128,0
HSV,60_180_128_256_64_192,0
HSV,60_180_128_256_64_256,0
HSV,60_180_128_256_128_64,0
HSV,60_180_128_256_128_128,0
HSV,60_180_128_256_128_192,0
HSV,60_180_128_256_128_256,0
HSV,60_180_128_256_192_64,0
HSV,60_180_128_256_192_128,0
HSV,60_180_128_256_192_192,0
HSV,60_180_128_256_192_256,0
HSV,60_180_192_64_0_64,0
HSV,60_180_192_64_0_128,0
HSV,60_180_192_64_0_192,0
HSV,60_180_192_64_0_256,0
HSV,60_180_192_64_64_64,0
HSV,60_180_192_64_64_128,0
HSV,60_180_192_64_64_192,0
HSV,60_180_192_64_64_256,0
HSV,60_180_192_64_128_64,0
HSV,60_180_192_64_128_128,0
HSV,60_180_192_64_128_192,0
HSV,60_180_192_64_128_256,0
HSV,60_180_192_64_192_64,0
HSV,60_180_192_64_192_128,0
HSV,60_180_192_64_192_192,0
HSV,60_180_192_64_192_256,0
HSV,60_180_192_128_0_64,0
HSV,60_180_192_128_0_128,0
HSV,60_180_192_128_0_192,0
HSV,60_180_192_128_0_256,0
HSV,60_180_192_128_64_64,0
HSV,60_180_192_128_64_128,0
HSV,60_180_192_128_64_192,0
HSV,60_180_192_128_64_256,0
HSV,60_180_192_128_128_64,0
HSV,60_180_192_128_128_128,0
HSV,60_180_192_128_128_192,0
HSV,60_180_192_128_128_256,0
HSV,60_180_192_128_192_64,0
HSV,60_180_192_128_192_128,0
HSV,60_180_192_128_192_192,0
HSV,60_180_192_128_192_256,0
HSV,60_180_192_192_0_64,0
HSV,60_180_192_192_0_128,0
HSV,60_180_192_192_0_192,0
HSV,60_180_192_192_0_256,0
HSV,60_180_192_192_64_64,0
HSV,60_180_192_192_64_128,0
HSV,60_180_192_192_64_192,0
HSV,60_180_192_192_64_256,0
HSV,60_180_192_192_128_64,0
HSV,60_180_192_192_128_128,0
HSV,60_180_192_192_128_192,0
HSV,60_180_192_192_128_256,0
HSV,60_180_192_192_192_64,0
HSV,60_180_192_192_192_128,0
HSV,60_180_192_192_192_192,0
HSV,60_180_192_192_192_256,0
HSV,60_180_192_256_0_64,0
HSV,60_180_192_256_0_128,0
HSV,60_180_192_256_0_192,0
HSV,60_180_192_256_0_256,0
HSV,60_180_192_256_64_64,0
HSV,60_180_192_256_64_128,0
HSV,60_180_192_256_64_192,0
HSV,60_180_192_256_64_256,0
HSV,60_180_192_256_128_64,0
HSV,60_180_192_256_128_128,0
HSV,60_180_192_256_128_192,0
HSV,60_180_192_256_128_256,0
HSV,60_180_192_256_192_64,0
HSV,60_180_192_256_192_128,0
HSV,60_180_192_256_192_192,0
HSV,60_180_192_256_192_256,0
HSV,90_30_0_64_0_64,0
HSV,90_30_0_64_0_128,0
HSV,90_30_0_64_0_192,0
HSV,90_30_0_64_0_256,0
HSV,90_30_0_64_64_64,0
HSV,90_30_0_64_64_128,0
HSV,90_30_0_64_64_192,0
HSV,90_30_0_64_64_256,0
HSV,90_30_0_64_128_64,0
HSV,90_30_0_64_128_128,0
HSV,90_30_0_64_128_192,0
HSV,90_30_0_64_128_256,0
HSV,90_30_0_64_192_64,0
HSV,90_30_0_64_192_128,0
HSV,90_30_0_64_192_192,0
HSV,90_30_0_64_192_256,0
HSV,90_30_0_128_0_64,0
HSV,90_30_0_128_0_128,0
HSV,90_30_0_128_0_192,0
HSV,90_30_0_128_0_256,0
HSV,90_30_0_128_64_64,0
HSV,90_30_0_128_64_128,0
HSV,90_30_0_128_64_192,0
HSV,90_30_0_128_64_256,0
HSV,90_30_0_128_128_64,0
HSV,90_30_0_128_128_128,0
HSV,90_30_0_128_128_192,0
HSV,90_30_0_128_128_256,0
HSV,90_30_0_128_192_64,0
HSV,90_30_0_128_192_128,0
HSV,90_30_0_128_192_192,0
HSV,90_30_0_128_192_256,0
HSV,90_30_0_192_0_64,0
HSV,90_30_0_192_0_128,0
HSV,90_30_0_192_0_192,0
HSV,90_30_0_192_0_256,0
HSV,90_30_0_192_64_64,0
HSV,90_30_0_192_64_128,0
HSV,90_30_0_192_64_192,0
HSV,90_30_0_192_64_256,0
HSV,90_30_0_192_128_64,0
HSV,90_30_0_192_128_128,0
HSV,90_30_0_192_128_192,0
HSV,90_30_0_192_128_256,0
HSV,90_30_0_192_192_64,0
HSV,90_30_0_192_192_128,0
HSV,90_30_0_192_192_192,0
HSV,90_30_0_192_192_256,0
HSV,90_30_0_256_0_64,0
HSV,90_30_0_256_0_128,0
HSV,90_30_0_256_0_192,0
HSV,90_30_0_256_0_256,0
HSV,90_30_0_256_64_64,0
HSV,90_30_0_256_64_128,0
HSV,90_30_0_256_64_192,0
HSV,90_30_0_256_64_256,0
HSV,90_30_0_256_128_64,0
HSV,90_30_0_256_128_128,0
HSV,90_30_0_256_128_192,0
HSV,90_30_0_256_128_256,0
HSV,90_30_0_256_192_64,0
HSV,90_30_0_256_192_128,0
HSV,90_30_0_256_192_192,0
HSV,90_30_0_256_192_256,0
HSV,90_30_64_64_0_64,0
HSV,90_30_64_64_0_128,0
HSV,90_30_64_64_0_192,0
HSV,90_30_64_64_0_256,0
HSV,90_30_64_64_64_64,0
HSV,90_30_64_64_64_128,0
HSV,90_30_64_64_64_192,0
HSV,90_30_64_64_64_256,0
HSV,90_30_64_64_128_64,0
HSV,90_30_64_64_128_128,0
HSV,90_30_64_64_128_192,0
HSV,90_30_64_64_128_256,0
HSV,90_30_64_64_192_64,0
HSV,90_30_64_64_192_128,0
HSV,90_30_64_64_192_192,0
HSV,90_30_64_64_192_256,0
HSV,90_30_64_128_0_64,0
HSV,90_30_64_128_0_128,0
HSV,90_30_64_128_0_192,0
HSV,90_30_64_128_0_256,0
HSV,90_30_64_128_64_64,0
HSV,90_30_64_128_64_128,0
HSV,90_30_64_128_64_192,0
HSV,90_30_64_128_64_256,0
HSV,90_30_64_128_128_64,0
HSV,90_30_64_128_128_128,0
HSV,90_30_64_128_128_192,0
HSV,90_30_64_128_128_256,0
HSV,90_30_64_128_192_64,0
HSV,90_30_64_128_192_128,0
HSV,90_30_64_128_192_192,0
HSV,90_30_64_128_192_256,0
HSV,90_30_64_192_0_64,0
HSV,90_30_64_192_0_128,0
HSV,90_30_64_192_0_192,0
HSV,90_30_64_192_0_256,0
HSV,90_30_64_192_64_64,0
HSV,90_30_64_192_64_128,0
HSV,90_30_64_192_64_192,0
HSV,90_30_64_192_64_256,0
HSV,90_30_64_192_128_64,0
HSV,90_30_64_192_128_128,0
HSV,90_30_64_192_128_192,0
HSV,90_30_64_192_128_256,0
HSV,90_30_64_192_192_64,0
HSV,90_30_64_192_192_128,0
HSV,90_30_64_192_192_192,0
HSV,90_30_64_192_192_256,0
HSV,90_30_64_256_0_64,0
HSV,90_30_64_256_0_128,0
HSV,90_30_64_256_0_192,0
HSV,90_30_64_256_0_256,0
HSV,90_30_64_256_64_64,0
HSV,90_30_64_256_64_128,0
HSV,90_30_64_256_64_192,0
HSV,90_30_64_256_64_256,0
HSV,90_30_64_256_128_64,0
HSV,90_30_64_256_128_128,0
HSV,90_30_64_256_128_192,0
HSV,90_30_64_256_128_256,0
HSV,90_30_64_256_192_64,0
HSV,90_30_64_256_192_128,0
HSV,90_30_64_256_192_192,0
HSV,90_30_64_256_192_256,0
HSV,90_30_128_64_0_64,0
HSV,90_30_128_64_0_128,0
HSV,90_30_128_64_0_192,0
HSV,90_30_128_64_0_256,0
HSV,90_30_128_64_64_64,0
HSV,90_30_128_64_64_128,0
HSV,90_30_128_64_64_192,0
HSV,90_30_128_64_64_256,0
HSV,90_30_128_64_128_64,0
HSV,90_30_128_64_128_128,0
HSV,90_30_128_64_128_192,0
HSV,90_30_128_64_128_256,0
HSV,90_30_128_64_192_64,0
HSV,90_30_128_64_192_128,0
HSV,90_30_128_64_192_192,0
HSV,90_30_128_64_192_256,0
HSV,90_30_128_128_0_64,0
HSV,90_30_128_128_0_128,0
HSV,90_30_128_128_0_192,0
HSV,90_30_128_128_0_256,0
HSV,90_30_128_128_64_64,0
HSV,90_30_128_128_64_128,0
HSV,90_30_128_128_64_192,0
HSV,90_30_128_128_64_256,0
HSV,90_30_128_128_128_64,0
HSV,90_30_128_128_128_128,0
HSV,90_30_128_128_128_192,0
HSV,90_30_128_128_128_256,0
HSV,90_30_128_128_192_64,0
HSV,90_30_128_128_192_128,0
HSV,90_30_128_128_192_192,0
HSV,90_30_128_128_192_256,0
HSV,90_30_128_192_0_64,0
HSV,90_30_128_192_0_128,0
HSV,90_30_128_192_0_192,0
HSV,90_30_128_192_0_256,0
HSV,90_30_128_192_64_64,0
HSV,90_30_128_192_64_128,0
HSV,90_30_128_192_64_192,0
HSV,90_30_128_192_64_256,0
HSV,90_30_128_192_128_64,0
HSV,90_30_128_192_128_128,0
HSV,90_30_128_192_128_192,0
HSV,90_30_128_192_128_256,0
HSV,90_30_128_192_192_64,0
HSV,90_30_128_192_192_128,0
HSV,90_30_128_192_192_192,0
HSV,90_30_128_192_192_256,0
HSV,90_30_128_256_0_64,0
HSV,90_30_128_256_0_128,0
HSV,90_30_128_256_0_192,0
HSV,90_30_128_256_0_256,0
HSV,90_30_128_256_64_64,0
HSV,90_30_128_256_64_128,0
HSV,90_30_128_256_64_192,0
HSV,90_30_128_256_64_256,0
HSV,90_30_128_256_128_64,0
HSV,90_30_128_256_128_128,0
HSV,90_30_128_256_128_192,0
HSV,90_30_128_256_128_256,0
HSV,90_30_128_256_192_64,0
HSV,90_30_128_256_192_128,0
HSV,90_30_128_256_192_192,0
HSV,90_30_128_256_192_256,0
HSV,90_30_192_64_0_64,0
HSV,90_30_192_64_0_128,0
HSV,90_30_192_64_0_192,0
HSV,90_30_192_64_0_256,0
HSV,90_30_192_64_64_64,0
HSV,90_30_192_64_64_128,0
HSV,90_30_192_64_64_192,0
HSV,90_30_192_64_64_256,0
HSV,90_30_192_64_128_64,0
HSV,90_30_192_64_128_128,0
HSV,90_30_192_64_128_192,0
HSV,90_30_192_64_128_256,0
HSV,90_30_192_64_192_64,0
HSV,90_30_192_64_192_128,0
HSV,90_30_192_64_192_192,0
HSV,90_30_192_64_192_256,0
HSV,90_30_192_128_0_64,0
HSV,90_30_192_128_0_128,0
HSV,90_30_192_128_0_192,0
HSV,90_30_192_128_0_256,0
HSV,90_30_192_128_64_64,0
HSV,90_30_192_128_64_128,0
HSV,90_30_192_128_64_192,0
HSV,90_30_192_128_64_256,0
HSV,90_30_192_128_128_64,0
HSV,90_30_192_128_128_128,0
HSV,90_30_192_128_128_192,0
HSV,90_30_192_128_128_256,0
HSV,90_30_192_128_192_64,0
HSV,90_30_192_128_192_128,0
HSV,90_30_192_128_192_192,0
HSV,90_30_192_128_192_256,0
HSV,90_30_192_192_0_64,0
HSV,90_30_192_192_0_128,0
HSV,90_30_192_192_0_192,0
HSV,90_30_192_192_0_256,0
HSV,90_30_192_192_64_64,0
HSV,90_30_192_192_64_128,0
HSV,90_30_192_192_64_192,0
HSV,90_30_192_192_64_256,0
HSV,90_30_192_192_128_64,0
HSV,90_30_192_192_128_128,0
HSV,90_30_192_192_128_192,0
HSV,90_30_192_192_128_256,0
HSV,90_30_192_192_192_64,0
HSV,90_30_192_192_192_128,0
HSV,90_30_192_192_192_192,0
HSV,90_30_192_192_192_256,0
HSV,90_30_192_256_0_64,0
HSV,90_30_192_256_0_128,0
HSV,90_30_192_256_0_192,0
HSV,90_30_192_256_0_256,0
HSV,90_30_192_256_64_64,0
HSV,90_30_192_256_64_128,0
HSV,90_30_192_256_64_192,0
HSV,90_30_192_256_64_256,0
HSV,90_30_192_256_128_64,0
HSV,90_30_192_256_128_128,0
HSV,90_30_192_256_128_192,0
HSV,90_30_192_256_128_256,0
HSV,90_30_192_256_192_64,0
HSV,90_30_192_256_192_128,0
HSV,90_30_192_256_192_192,0
HSV,90_30_192_256_192_256,0
HSV,90_60_0_64_0_64,0
HSV,90_60_0_64_0_128,0
HSV,90_60_0_64_0_192,0
HSV,90_60_0_64_0_256,0
HSV,90_60_0_64_64_64,0
HSV,90_60_0_64_64_128,0
HSV,90_60_0_64_64_192,0
HSV,90_60_0_64_64_256,0
HSV,90_60_0_64_128_64,0
HSV,90_60_0_64_128_128,0
HSV,90_60_0_64_128_192,0
HSV,90_60_0_64_128_256,0
HSV,90_60_0_64_192_64,0
HSV,90_60_0_64_192_128,0
HSV,90_60_0_64_192_192,0
HSV,90_60_0_64_192_256,0
HSV,90_60_0_128_0_64,0
HSV,90_60_0_128_0_128,0
HSV,90_60_0_128_0_192,0
HSV,90_60_0_128_0_256,0
HSV,90_60_0_128_64_64,0
HSV,90_60_0_128_64_128,0
HSV,90_60_0_128_64_192,0
HSV,90_60_0_128_64_256,0
HSV,90_60_0_128_128_64,0
HSV,90_60_0_128_128_128,0
HSV,90_60_0_128_128_192,0
HSV,90_60_0_128_128_256,0
HSV,90_60_0_128_192_64,0
HSV,90_60_0_128_192_128,0
HSV,90_60_0_128_192_192,0
HSV,90_60_0_128_192_256,0
HSV,90_60_0_192_0_64,0
HSV,90_60_0_192_0_128,0
HSV,90_60_0_192_0_192,0
HSV,90_60_0_192_0_256,0
HSV,90_60_0_192_64_64,0
HSV,90_60_0_192_64_128,0
HSV,90_60_0_192_64_192,0
HSV,90_60_0_192_64_256,0
HSV,90_60_0_192_128_64,0
HSV,90_60_0_192_128_128,0
HSV,90_60_0_192_128_192,0
HSV,90_60_0_192_128_256,0
HSV,90_60_0_192_192_64,0
HSV,90_60_0_192_192_128,0
HSV,90_60_0_192_192_192,0
HSV,90_60_0_192_192_256,0
HSV,90_60_0_256_0_64,0
HSV,90_60_0_256_0_128,0
HSV,90_60_0_256_0_192,0
HSV,90_60_0_256_0_256,0
HSV,90_60_0_256_64_64,0
HSV,90_60_0_256_64_128,0
HSV,90_60_0_256_64_192,0
HSV,90_60_0_256_64_256,0
HSV,90_60_0_256_128_64,0
HSV,90_60_0_256_128_128,0
HSV,90_60_0_256_128_192,0
HSV,90_60_0_256_128_256,0
HSV,90_60_0_256_192_64,0
HSV,90_60_0_256_192_128,0
HSV,90_60_0_256_192_192,0
HSV,90_60_0_256_192_256,0
HSV,90_60_64_64_0_64,0
HSV,90_60_64_64_0_128,0
HSV,90_60_64_64_0_192,0
HSV,90_60_64_64_0_256,0
HSV,90_60_64_64_64_64,0
HSV,90_60_64_64_64_128,0
HSV,90_60_64_64_64_192,0
HSV,90_60_64_64_64_256,0
HSV,90_60_64_64_128_64,0
HSV,90_60_64_64_128_128,0
HSV,90_60_64_64_128_192,0
HSV,90_60_64_64_128_256,0
HSV,90_60_64_64_192_64,0
HSV,90_60_64_64_192_128,0
HSV,90_60_64_64_192_192,0
HSV,90_60_64_64_192_256,0
HSV,90_60_64_128_0_64,0
HSV,90_60_64_128_0_128,0
HSV,90_60_64_128_0_192,0
HSV,90_60_64_128_0_256,0
HSV,90_60_64_128_64_64,0
HSV,90_60_64_128_64_128,0
HSV,90_60_64_128_64_192,0
HSV,90_60_64_128_64_256,0
HSV,90_60_64_128_128_64,0
HSV,90_60_64_128_128_128,0
HSV,90_60_64_128_128_192,0
HSV,90_60_64_128_128_256,0
HSV,90_60_64_128_192_64,0
HSV,90_60_64_128_192_128,0
HSV,90_60_64_128_192_192,0
HSV,90_60_64_128_192_256,0
HSV,90_60_64_192_0_64,0
HSV,90_60_64_192_0_128,0
HSV,90_60_64_192_0_192,0
HSV,90_60_64_192_0_256,0
HSV,90_60_64_192_64_64,0
HSV,90_60_64_192_64_128,0
HSV,90_60_64_192_64_192,0
HSV,90_60_64_192_64_256,0
HSV,90_60_64_192_128_64,0
HSV,90_60_64_192_128_128,0
HSV,90_60_64_192_128_192,0
HSV,90_60_64_192_128_256,0
HSV,90_60_64_192_192_64,0
HSV,90_60_64_192_192_128,0
HSV,90_60_64_192_192_192,0
HSV,90_60_64_192_192_256,0
HSV,90_60_64_256_0_64,0
HSV,90_60_64_256_0_128,0
HSV,90_60_64_256_0_192,0
HSV,90_60_64_256_0_256,0
HSV,90_60_64_256_64_64,0
HSV,90_60_64_256_64_128,0
HSV,90_60_64_256_64_192,0
HSV,90_60_64_256_64_256,0
HSV,90_60_64_256_128_64,0
HSV,90_60_64_256_128_128,0
HSV,90_60_64_256_128_192,0
HSV,90_60_64_256_128_256,0
HSV,90_60_64_256_192_64,0
HSV,90_60_64_256_192_128,0
HSV,90_60_64_256_192_192,0
HSV,90_60_64_256_192_256,0
HSV,90_60_128_64_0_64,0
HSV,90_60_128_64_0_128,0
HSV,90_60_128_64_0_192,0
HSV,90_60_128_64_0_256,0
HSV,90_60_128_64_64_64,0
HSV,90_60_128_64_64_128,0
HSV,90_60_128_64_64_192,0
HSV,90_60_128_64_64_256,0
HSV,90_60_128_64_128_64,0
HSV,90_60_128_64_128_128,0
HSV,90_60_128_64_128_192,0
HSV,90_60_128_64_128_256,0
HSV,90_60_128_64_192_64,0
HSV,90_60_128_64_192_128,0
HSV,90_60_128_64_192_192,0
HSV,90_60_128_64_192_256,0
HSV,90_60_128_128_0_64,0
HSV,90_60_128_128_0_128,0
HSV,90_60_128_128_0_192,0
HSV,90_60_128_128_0_256,0
HSV,90_60_128_128_64_64,0
HSV,90_60_128_128_64_128,0
HSV,90_60_128_128_64_192,0
HSV,90_60_128_128_64_256,0
HSV,90_60_128_128_128_64,0
HSV,90_60_128_128_128_128,0
HSV,90_60_128_128_128_192,0
HSV,90_60_128_128_128_256,0
HSV,90_60_128_128_192_64,0
HSV,90_60_128_128_192_128,0
HSV,90_60_128_128_192_192,0
HSV,90_60_128_128_192_256,0
HSV,90_60_128_192_0_64,0
HSV,90_60_128_192_0_128,0
HSV,90_60_128_192_0_192,0
HSV,90_60_128_192_0_256,0
HSV,90_60_128_192_64_64,0
HSV,90_60_128_192_64_128,0
HSV,90_60_128_192_64_192,0
HSV,90_60_128_192_64_256,0
HSV,90_60_128_192_128_64,0
HSV,90_60_128_192_128_128,0
HSV,90_60_128_192_128_192,0
HSV,90_60_128_192_128_256,0
HSV,90_60_128_192_192_64,0
HSV,90_60_128_192_192_128,0
HSV,90_60_128_192_192_192,0
HSV,90_60_128_192_192_256,0
HSV,90_60_128_256_0_64,0
HSV,90_60_128_256_0_128,0
HSV,90_60_128_256_0_192,0
HSV,90_60_128_256_0_256,0
HSV,90_60_128_256_64_64,0
HSV,90_60_128_256_64_128,0
HSV,90_60_128_256_64_192,0
HSV,90_60_128_256_64_256,0
HSV,90_60_128_256_128_64,0
HSV,90_60_128_256_128_128,0
HSV,90_60_128_256_128_192,0
HSV,90_60_128_256_128_256,0
HSV,90_60_128_256_192_64,0
HSV,90_60_128_256_192_128,0
HSV,90_60_128_256_192_192,0
HSV,90_60_128_256_192_256,0
HSV,90_60_192_64_0_64,0
HSV,90_60_192_64_0_128,0
HSV,90_60_192_64_0_192,0
HSV,90_60_192_64_0_256,0
HSV,90_60_192_64_64_64,0
HSV,90_60_192_64_64_128,0
HSV,90_60_192_64_64_192,0
HSV,90_60_192_64_64_256,0
HSV,90_60_192_64_128_64,0
HSV,90_60_192_64_128_128,0
HSV,90_60_192_64_128_192,0
HSV,90_60_192_64_128_256,0
HSV,90_60_192_64_192_64,0
HSV,90_60_192_64_192_128,0
HSV,90_60_192_64_192_192,0
HSV,90_60_192_64_192_256,0
HSV,90_60_192_128_0_64,0
HSV,90_60_192_128_0_128,0
HSV,90_60_192_128_0_192,0
HSV,90_60_192_128_0_256,0
HSV,90_60_192_128_64_64,0
HSV,90_60_192_128_64_128,0
HSV,90_60_192_128_64_192,0
HSV,90_60_192_128_64_256,0
HSV,90_60_192_128_128_64,0
HSV,90_60_192_128_128_128,0
HSV,90_60_192_128_128_192,0
HSV,90_60_192_128_128_256,0
HSV,90_60_192_128_192_64,0
HSV,90_60_192_128_192_128,0
HSV,90_60_192_128_192_192,0
HSV,90_60_192_128_192_256,0
HSV,90_60_192_192_0_64,0
HSV,90_60_192_192_0_128,0
HSV,90_60_192_192_0_192,0
HSV,90_60_192_192_0_256,0
HSV,90_60_192_192_64_64,0
HSV,90_60_192_192_64_128,0
HSV,90_60_192_192_64_192,0
HSV,90_60_192_192_64_256,0
HSV,90_60_192_192_128_64,0
HSV,90_60_192_192_128_128,0
HSV,90_60_192_192_128_192,0
HSV,90_60_192_192_128_256,0
HSV,90_60_192_192_192_64,0
HSV,90_60_192_192_192_128,0
HSV,90_60_192_192_192_192,0
HSV,90_60_192_192_192_256,0
HSV,90_60_192_256_0_64,0
HSV,90_60_192_256_0_128,0
HSV,90_60_192_256_0_192,0
HSV,90_60_192_256_0_256,0
HSV,90_60_192_256_64_64,0
HSV,90_60_192_256_64_128,0
HSV,90_60_192_256_64_192,0
HSV,90_60_192_256_64_256,0
HSV,90_60_192_256_128_64,0
HSV,90_60_192_256_128_128,0
HSV,90_60_192_256_128_192,0
HSV,90_60_192_256_128_256,0
HSV,90_60_192_256_192_64,0
HSV,90_60_192_256_192_128,0
HSV,90_60_192_256_192_192,0
HSV,90_60_192_256_192_256,0
HSV,90_90_0_64_0_64,0
HSV,90_90_0_64_0_128,0
HSV,90_90_0_64_0_192,0
HSV,90_90_0_64_0_256,0
HSV,90_90_0_64_64_64,0
HSV,90_90_0_64_64_128,0
HSV,90_90_0_64_64_192,0
HSV,90_90_0_64_64_256,0
HSV,90_90_0_64_128_64,0
HSV,90_90_0_64_128_128,0
HSV,90_90_0_64_128_192,0
HSV,90_90_0_64_128_256,0
HSV,90_90_0_64_192_64,0
HSV,90_90_0_64_192_128,0
HSV,90_90_0_64_192_192,0
HSV,90_90_0_64_192_256,0
HSV,90_90_0_128_0_64,0
HSV,90_90_0_128_0_128,0
HSV,90_90_0_128_0_192,0
HSV,90_90_0_128_0_256,0
HSV,90_90_0_128_64_64,0
HSV,90_90_0_128_64_128,0
HSV,90_90_0_128_64_192,0
HSV,90_90_0_128_64_256,0
HSV,90_90_0_128_128_64,0
HSV,90_90_0_128_128_128,0
HSV,90_90_0_128_128_192,0
HSV,90_90_0_128_128_256,0
HSV,90_90_0_128_192_64,0
HSV,90_90_0_128_192_128,0
HSV,90_90_0_128_192_192,0
HSV,90_90_0_128_192_256,0
HSV,90_90_0_192_0_64,0
HSV,90_90_0_192_0_128,0
HSV,90_90_0_192_0_192,0
HSV,90_90_0_192_0_256,0
HSV,90_90_0_192_64_64,0
HSV,90_90_0_192_64_128,0
HSV,90_90_0_192_64_192,0
HSV,90_90_0_192_64_256,0
HSV,90_90_0_192_128_64,0
HSV,90_90_0_192_128_128,0
HSV,90_90_0_192_128_192,0
HSV,90_90_0_192_128_256,0
HSV,90_90_0_192_192_64,0
HSV,90_90_0_192_192_128,0
HSV,90_90_0_192_192_192,0
HSV,90_90_0_192_192_256,0
HSV,90_90_0_256_0_64,0
HSV,90_90_0_256_0_128,0
HSV,90_90_0_256_0_192,0
HSV,90_90_0_256_0_256,0
HSV,90_90_0_256_64_64,0
HSV,90_90_0_256_64_128,0
HSV,90_90_0_256_64_192,0
HSV,90_90_0_256_64_256,0
HSV,90_90_0_256_128_64,0
HSV,90_90_0_256_128_128,0
HSV,90_90_0_256_128_192,0
HSV,90_90_0_256_128_256,0
HSV,90_90_0_256_192_64,0
HSV,90_90_0_256_192_128,0
HSV,90_90_0_256_192_192,0
HSV,90_90_0_256_192_256,0
HSV,90_90_64_64_0_64,0
HSV,90_90_64_64_0_128,0
HSV,90_90_64_64_0_192,0
HSV,90_90_64_64_0_256,0
HSV,90_90_64_64_64_64,0
HSV,90_90_64_64_64_128,0
HSV,90_90_64_64_64_192,0
HSV,90_90_64_64_64_256,0
HSV,90_90_64_64_128_64,0
HSV,90_90_64_64_128_128,0
HSV,90_90_64_64_128_192,0
HSV,90_90_64_64_128_256,0
HSV,90_90_64_64_192_64,0
HSV,90_90_64_64_192_128,0
HSV,90_90_64_64_192_192,0
HSV,90_90_64_64_192_256,0
HSV,90_90_64_128_0_64,0
HSV,90_90_64_128_0_128,0
HSV,90_90_64_128_0_192,0
HSV,90_90_64_128_0_256,0
HSV,90_90_64_128_64_64,0
HSV,90_90_64_128_64_128,0
HSV,90_90_64_128_64_192,0
HSV,90_90_64_128_64_256,0
HSV,90_90_64_128_128_64,0
HSV,90_90_64_128_128_128,0
HSV,90_90_64_128_128_192,0
HSV,90_90_64_128_128_256,0
HSV,90_90_64_128_192_64,0
HSV,90_90_64_128_192_128,0
HSV,90_90_64_128_192_192,0
HSV,90_90_64_128_192_256,0
HSV,90_90_64_192_0_64,0
HSV,90_90_64_192_0_128,0
HSV,90_90_64_192_0_192,0
HSV,90_90_64_192_0_256,0
HSV,90_90_64_192_64_64,0
HSV,90_90_64_192_64_128,0
HSV,90_90_64_192_64_192,0
HSV,90_90_64_192_64_256,0
HSV,90_90_64_192_128_64,0
HSV,90_90_64_192_128_128,0
HSV,90_90_64_192_128_192,0
HSV,90_90_64_192_128_256,0
HSV,90_90_64_192_192_64,0
HSV,90_90_64_192_192_128,0
HSV,90_90_64_192_192_192,0
HSV,90_90_64_192_192_256,0
HSV,90_90_64_256_0_64,0
HSV,90_90_64_256_0_128,0
HSV,90_90_64_256_0_192,0
HSV,90_90_64_256_0_256,0
HSV,90_90_64_256_64_64,0
HSV,90_90_64_256_64_128,0
HSV,90_90_64_256_64_192,0
HSV,90_90_64_256_64_256,0
HSV,90_90_64_256_128_64,0
HSV,90_90_64_256_128_128,0
HSV,90_90_64_256_128_192,0
HSV,90_90_64_256_128_256,0
HSV,90_90_64_256_192_64,0
HSV,90_90_64_256_192_128,0
HSV,90_90_64_256_192_192,0
HSV,90_90_64_256_192_256,0
HSV,90_90_128_64_0_64,0
HSV,90_90_128_64_0_128,0
HSV,90_90_128_64_0_192,0
HSV,90_90_128_64_0_256,0
HSV,90_90_128_64_64_64,0
HSV,90_90_128_64_64_128,0
HSV,90_90_128_64_64_192,0
HSV,90_90_128_64_64_256,0
HSV,90_90_128_64_128_64,0
HSV,90_90_128_64_128_128,0
HSV,90_90_128_64_128_192,0
HSV,90_90_128_64_128_256,0
HSV,90_90_128_64_192_64,0
HSV,90_90_128_64_192_128,0
HSV,90_90_128_64_192_192,0
HSV,90_90_128_64_192_256,0
HSV,90_90_128_128_0_64,0
HSV,90_90_128_128_0_128,0
HSV,90_90_128_128_0_192,0
HSV,90_90_128_128_0_256,0
HSV,90_90_128_128_64_64,0
HSV,90_90_128_128_64_128,0
HSV,90_90_128_128_64_192,0
HSV,90_90_128_128_64_256,0
HSV,90_90_128_128_128_64,0
HSV,90_90_128_128_128_128,0
HSV,90_90_128_128_128_192,0
HSV,90_90_128_128_128_256,0
HSV,90_90_128_128_192_64,0
HSV,90_90_128_128_192_128,0
HSV,90_90_128_128_192_192,0
HSV,90_90_128_128_192_256,0
HSV,90_90_128_192_0_64,0
HSV,90_90_128_192_0_128,0
HSV,90_90_128_192_0_192,0
HSV,90_90_128_192_0_256,0
HSV,90_90_128_192_64_64,0
HSV,90_90_128_192_64_128,0
HSV,90_90_128_192_64_192,0
HSV,90_90_128_192_64_256,0
HSV,90_90_128_192_128_64,0
HSV,90_90_128_192_128_128,0
HSV,90_90_128_192_128_192,0
HSV,90_90_128_192_128_256,0
HSV,90_90_128_192_192_64,0
HSV,90_90_128_192_192_128,0
HSV,90_90_128_192_192_192,0
HSV,90_90_128_192_192_256,0
HSV,90_90_128_256_0_64,0
HSV,90_90_128_256_0_128,0
HSV,90_90_128_256_0_192,0
HSV,90_90_128_256_0_256,0
HSV,90_90_128_256_64_64,0
HSV,90_90_128_256_64_128,0
HSV,90_90_128_256_64_192,0
HSV,90_90_128_256_64_256,0
HSV,90_90_128_256_128_64,0
HSV,90_90_128_256_128_128,0
HSV,90_90_128_256_128_192,0
HSV,90_90_128_256_128_256,0
HSV,90_90_128_256_192_64,0
HSV,90_90_128_256_192_128,0
HSV,90_90_128_256_192_192,0
HSV,90_90_128_256_192_256,0
HSV,90_90_192_64_0_64,0
HSV,90_90_192_64_0_128,0
HSV,90_90_192_64_0_192,0
HSV,90_90_192_64_0_256,0
HSV,90_90_192_64_64_64,0
HSV,90_90_192_64_64_128,0
HSV,90_90_192_64_64_192,0
HSV,90_90_192_64_64_256,0
HSV,90_90_192_64_128_64,0
HSV,90_90_192_64_128_128,0
HSV,90_90_192_64_128_192,0
HSV,90_90_192_64_128_256,0
HSV,90_90_192_64_192_64,0
HSV,90_90_192_64_192_128,0
HSV,90_90_192_64_192_192,0
HSV,90_90_192_64_192_256,0
HSV,90_90_192_128_0_64,0
HSV,90_90_192_128_0_128,0
HSV,90_90_192_128_0_192,0
HSV,90_90_192_128_0_256,0
HSV,90_90_192_128_64_64,0
HSV,90_90_192_128_64_128,0
HSV,90_90_192_128_64_192,0
HSV,90_90_192_128_64_256,0
HSV,90_90_192_128_128_64,0
HSV,90_90_192_128_128_128,0
HSV,90_90_192_128_128_192,0
HSV,90_90_192_128_128_256,0
HSV,90_90_192_128_192_64,0
HSV,90_90_192_128_192_128,0
HSV,90_90_192_128_192_192,0
HSV,90_90_192_128_192_256,0
HSV,90_90_192_192_0_64,0
HSV,90_90_192_192_0_128,0
HSV,90_90_192_192_0_192,0
HSV,90_90_192_192_0_256,0
HSV,90_90_192_192_64_64,0
HSV,90_90_192_192_64_128,0
HSV,90_90_192_192_64_192,0
HSV,90_90_192_192_64_256,0
HSV,90_90_192_192_128_64,0
HSV,90_90_192_192_128_128,0
HSV,90_90_192_192_128_192,0
HSV,90_90_192_192_128_256,0
HSV,90_90_192_192_192_64,0
HSV,90_90_192_192_192_128,0
HSV,90_90_192_192_192_192,0
HSV,90_90_192_192_192_256,0
HSV,90_90_192_256_0_64,0
HSV,90_90_192_256_0_128,0
HSV,90_90_192_256_0_192,0
HSV,90_90_192_256_0_256,0
HSV,90_90_192_256_64_64,0
HSV,90_90_192_256_64_128,0
HSV,90_90_192_256_64_192,0
HSV,90_90_192_256_64_256,0
HSV,90_90_192_256_128_64,0
HSV,90_90_192_256_128_128,0
HSV,90_90_192_256_128_192,0
HSV,90_90_192_256_128_256,0
HSV,90_90_192_256_192_64,0
HSV,90_90_192_256_192_128,0
HSV,90_90_192_256_192_192,0
HSV,90_90_192_256_192_256,0
HSV,90_120_0_64_0_64,0
HSV,90_120_0_64_0_128,0
HSV,90_120_0_64_0_192,0
HSV,90_120_0_64_0_256,0
HSV,90_120_0_64_64_64,0
HSV,90_120_0_64_64_128,0
HSV,90_120_0_64_64_192,0
HSV,90_120_0_64_64_256,0
HSV,90_120_0_64_128_64,0
HSV,90_120_0_64_128_128,0
HSV,90_120_0_64_128_192,0
HSV,90_120_0_64_128_256,0
HSV,90_120_0_64_192_64,0
HSV,90_120_0_64_192_128,0
HSV,90_120_0_64_192_192,0
HSV,90_120_0_64_192_256,0
HSV,90_120_0_128_0_64,0
HSV,90_120_0_128_0_128,0
HSV,90_120_0_128_0_192,0
HSV,90_120_0_128_0_256,0
HSV,90_120_0_128_64_64,0
HSV,90_120_0_128_64_128,0
HSV,90_120_0_128_64_192,0
HSV,90_120_0_128_64_256,0
HSV,90_120_0_128_128_64,0
HSV,90_120_0_128_128_128,0
HSV,90_120_0_128_128_192,0
HSV,90_120_0_128_128_256,0
HSV,90_120_0_128_192_64,0
HSV,90_120_0_128_192_128,0
HSV,90_120_0_128_192_192,0
HSV,90_120_0_128_192_256,0
HSV,90_120_0_192_0_64,0
HSV,90_120_0_192_0_128,0
HSV,90_120_0_192_0_192,0
HSV,90_120_0_192_0_256,0
HSV,90_120_0_192_64_64,0
HSV,90_120_0_192_64_128,0
HSV,90_120_0_192_64_192,0
HSV,90_120_0_192_64_256,0
HSV,90_120_0_192_128_64,0
HSV,90_120_0_192_128_128,0
HSV,90_120_0_192_128_192,0
HSV,90_120_0_192_128_256,0
HSV,90_120_0_192_192_64,0
HSV,90_120_0_192_192_128,0
HSV,90_120_0_192_192_192,0
HSV,90_120_0_192_192_256,0
HSV,90_120_0_256_0_64,0
HSV,90_120_0_256_0_128,0
HSV,90_120_0_256_0_192,0
HSV,90_120_0_256_0_256,0
HSV,90_120_0_256_64_64,0
HSV,90_120_0_256_64_128,0
HSV,90_120_0_256_64_192,0
HSV,90_120_0_256_64_256,0
HSV,90_120_0_256_128_64,0
HSV,90_120_0_256_128_128,0
HSV,90_120_0_256_128_192,0
HSV,90_120_0_256_128_256,0
HSV,90_120_0_256_192_64,0
HSV,90_120_0_256_192_128,0
HSV,90_120_0_256_192_192,0
HSV,90_120_0_256_192_256,0
HSV,90_120_64_64_0_64,0
HSV,90_120_64_64_0_128,0
HSV,90_120_64_64_0_192,0
HSV,90_120_64_64_0_256,0
HSV,90_120_64_64_64_64,0
HSV,90_120_64_64_64_128,0
HSV,90_120_64_64_64_192,0
HSV,90_120_64_64_64_256,0
HSV,90_120_64_64_128_64,0
HSV,90_120_64_64_128_128,0
HSV,90_120_64_64_128_192,0
HSV,90_120_64_64_128_256,0
HSV,90_120_64_64_192_64,0
HSV,90_120_64_64_192_128,0
HSV,90_120_64_64_192_192,0
HSV,90_120_64_64_192_256,0
HSV,90_120_64_128_0_64,0
HSV,90_120_64_128_0_128,0
HSV,90_120_64_128_0_192,0
HSV,90_120_64_128_0_256,0
HSV,90_120_64_128_64_64,0
HSV,90_120_64_128_64_128,0
HSV,90_120_64_128_64_192,0
HSV,90_120_64_128_64_256,0
HSV,90_120_64_128_128_64,0
HSV,90_120_64_128_128_128,0
HSV,90_120_64_128_128_192,0
HSV,90_120_64_128_128_256,0
HSV,90_120_64_128_192_64,0
HSV,90_120_64_128_192_128,0
HSV,90_120_64_128_192_192,0
HSV,90_120_64_128_192_256,0
HSV,90_120_64_192_0_64,0
HSV,90_120_64_192_0_128,0
HSV,90_120_64_192_0_192,0
HSV,90_120_64_192_0_256,0
HSV,90_120_64_192_64_64,0
HSV,90_120_64_192_64_128,0
HSV,90_120_64_192_64_192,0
HSV,90_120_64_192_64_256,0
HSV,90_120_64_192_128_64,0
HSV,90_120_64_192_128_128,0
HSV,90_120_64_192_128_192,0
HSV,90_120_64_192_128_256,0
HSV,90_120_64_192_192_64,0
HSV,90_120_64_192_192_128,0
HSV,90_120_64_192_192_192,0
HSV,90_120_64_192_192_256,0
HSV,90_120_64_256_0_64,0
HSV,90_120_64_256_0_128,0
HSV,90_120_64_256_0_192,0
HSV,90_120_64_256_0_256,0
HSV,90_120_64_256_64_64,0
HSV,90_120_64_256_64_128,0
HSV,90_120_64_256_64_192,0
HSV,90_120_64_256_64_256,0
HSV,90_120_64_256_128_64,0
HSV,90_120_64_256_128_128,0
HSV,90_120_64_256_128_192,0
HSV,90_120_64_256_128_256,0
HSV,90_120_64_256_192_64,0
HSV,90_120_64_256_192_128,0
HSV,90_120_64_256_192_192,0
HSV,90_120_64_256_192_256,0
HSV,90_120_128_64_0_64,0
HSV,90_120_128_64_0_128,0
HSV,90_120_128_64_0_192,0
HSV,90_120_128_64_0_256,0
HSV,90_120_128_64_64_64,0
HSV,90_120_128_64_64_128,0
HSV,90_120_128_64_64_192,0
HSV,90_120_128_64_64_256,0
HSV,90_120_128_64_128_64,0
HSV,90_120_128_64_128_128,0
HSV,90_120_128_64_128_192,0
HSV,90_120_128_64_128_256,0
HSV,90_120_128_64_192_64,0
HSV,90_120_128_64_192_128,0
HSV,90_120_128_64_192_192,0
HSV,90_120_128_64_192_256,0
HSV,90_120_128_128_0_64,0
HSV,90_120_128_128_0_128,0
HSV,90_120_128_128_0_192,0
HSV,90_120_128_128_0_256,0
HSV,90_120_128_128_64_64,0
HSV,90_120_128_128_64_128,0
HSV,90_120_128_128_64_192,0
HSV,90_120_128_128_64_256,0
HSV,90_120_128_128_128_64,0
HSV,90_120_128_128_128_128,0
HSV,90_120_128_128_128_192,0
HSV,90_120_128_128_128_256,0
HSV,90_120_128_128_192_64,0
HSV,90_120_128_128_192_128,0
HSV,90_120_128_128_192_192,0
HSV,90_120_128_128_192_256,0
HSV,90_120_128_192_0_64,0
HSV,90_120_128_192_0_128,0
HSV,90_120_128_192_0_192,0
HSV,90_120_128_192_0_256,0
HSV,90_120_128_192_64_64,0
HSV,90_120_128_192_64_128,0
HSV,90_120_128_192_64_192,0
HSV,90_120_128_192_64_256,0
HSV,90_120_128_192_128_64,0
HSV,90_120_128_192_128_128,0
HSV,90_120_128_192_128_192,0
HSV,90_120_128_192_128_256,0
HSV,90_120_128_192_192_64,0
HSV,90_120_128_192_192_128,0
HSV,90_120_128_192_192_192,0
HSV,90_120_128_192_192_256,0
HSV,90_120_128_256_0_64,0
HSV,90_120_128_256_0_128,0
HSV,90_120_128_256_0_192,0
HSV,90_120_128_256_0_256,0
HSV,90_120_128_256_64_64,0
HSV,90_120_128_256_64_128,0
HSV,90_120_128_256_64_192,0
HSV,90_120_128_256_64_256,0
HSV,90_120_128_256_128_64,0
HSV,90_120_128_256_128_128,0
HSV,90_120_128_256_128_192,0
HSV,90_120_128_256_128_256,0
HSV,90_120_128_256_192_64,0
HSV,90_120_128_256_192_128,0
HSV,90_120_128_256_192_192,0
HSV,90_120_128_256_192_256,0
HSV,90_120_192_64_0_64,0
HSV,90_120_192_64_0_128,0
HSV,90_120_192_64_0_192,0
HSV,90_120_192_64_0_256,0
HSV,90_120_192_64_64_64,0
HSV,90_120_192_64_64_128,0
HSV,90_120_192_64_64_192,0
HSV,90_120_192_64_64_256,0
HSV,90_120_192_64_128_64,0
HSV,90_120_192_64_128_128,0
HSV,90_120_192_64_128_192,0
HSV,90_120_192_64_128_256,0
HSV,90_120_192_64_192_64,0
HSV,90_120_192_64_192_128,0
HSV,90_120_192_64_192_192,0
HSV,90_120_192_64_192_256,0
HSV,90_120_192_128_0_64,0
HSV,90_120_192_128_0_128,0
HSV,90_120_192_128_0_192,0
HSV,90_120_192_128_0_256,0
HSV,90_120_192_128_64_64,0
HSV,90_120_192_128_64_128,0
HSV,90_120_192_128_64_192,0
HSV,90_120_192_128_64_256,0
HSV,90_120_192_128_128_64,0
HSV,90_120_192_128_128_128,0
HSV,90_120_192_128_128_192,0
HSV,90_120_192_128_128_256,0
HSV,90_120_192_128_192_64,0
HSV,90_120_192_128_192_128,0
HSV,90_120_192_128_192_192,0
HSV,90_120_192_128_192_256,0
HSV,90_120_192_192_0_64,0
HSV,90_120_192_192_0_128,0
HSV,90_120_192_192_0_192,0
HSV,90_120_192_192_0_256,0
HSV,90_120_192_192_64_64,0
HSV,90_120_192_192_64_128,0
HSV,90_120_192_192_64_192,0
HSV,90_120_192_192_64_256,0
HSV,90_120_192_192_128_64,0
HSV,90_120_192_192_128_128,0
HSV,90_120_192_192_128_192,0
HSV,90_120_192_192_128_256,0
HSV,90_120_192_192_192_64,0
HSV,90_120_192_192_192_128,0
HSV,90_120_192_192_192_192,0
HSV,90_120_192_192_192_256,0
HSV,90_120_192_256_0_64,0
HSV,90_120_192_256_0_128,0
HSV,90_120_192_256_0_192,0
HSV,90_120_192_256_0_256,0
HSV,90_120_192_256_64_64,0
HSV,90_120_192_256_64_128,0
HSV,90_120_192_256_64_192,0
HSV,90_120_192_256_64_256,0
HSV,90_120_192_256_128_64,0
HSV,90_120_192_256_128_128,0
HSV,90_120_192_256_128_192,0
HSV,90_120_192_256_128_256,0
HSV,90_120_192_256_192_64,0
HSV,90_120_192_256_192_128,0
HSV,90_120_192_256_192_192,0
HSV,90_120_192_256_192_256,0
HSV,90_150_0_64_0_64,0
HSV,90_150_0_64_0_128,0
HSV,90_150_0_64_0_192,0
HSV,90_150_0_64_0_256,0
HSV,90_150_0_64_64_64,0
HSV,90_150_0_64_64_128,0
HSV,90_150_0_64_64_192,0
HSV,90_150_0_64_64_256,0
HSV,90_150_0_64_128_64,0
HSV,90_150_0_64_128_128,0
HSV,90_150_0_64_128_192,0
HSV,90_150_0_64_128_256,0
HSV,90_150_0_64_192_64,0
HSV,90_150_0_64_192_128,0
HSV,90_150_0_64_192_192,0
HSV,90_150_0_64_192_256,0
HSV,90_150_0_128_0_64,0
HSV,90_150_0_128_0_128,0
HSV,90_150_0_128_0_192,0
HSV,90_150_0_128_0_256,0
HSV,90_150_0_128_64_64,0
HSV,90_150_0_128_64_128,0
HSV,90_150_0_128_64_192,0
HSV,90_150_0_128_64_256,0
HSV,90_150_0_128_128_64,0
HSV,90_150_0_128_128_128,0
HSV,90_150_0_128_128_192,0
HSV,90_150_0_128_128_256,0
HSV,90_150_0_128_192_64,0
HSV,90_150_0_128_192_128,0
HSV,90_150_0_128_192_192,0
HSV,90_150_0_128_192_256,0
HSV,90_150_0_192_0_64,0
HSV,90_150_0_192_0_128,0
HSV,90_150_0_192_0_192,0
HSV,90_150_0_192_0_256,0
HSV,90_150_0_192_64_64,0
HSV,90_150_0_192_64_128,0
HSV,90_150_0_192_64_192,0
HSV,90_150_0_192_64_256,0
HSV,90_150_0_192_128_64,0
HSV,90_150_0_192_128_128,0
HSV,90_150_0_192_128_192,0
HSV,90_150_0_192_128_256,0
HSV,90_150_0_192_192_64,0
HSV,90_150_0_192_192_128,0
HSV,90_150_0_192_192_192,0
HSV,90_150_0_192_192_256,0
HSV,90_150_0_256_0_64,0
HSV,90_150_0_256_0_128,0
HSV,90_150_0_256_0_192,0
HSV,90_150_0_256_0_256,0
HSV,90_150_0_256_64_64,0
HSV,90_150_0_256_64_128,0
HSV,90_150_0_256_64_192,0
HSV,90_150_0_256_64_256,0
HSV,90_150_0_256_128_64,0
HSV,90_150_0_256_128_128,0
HSV,90_150_0_256_128_192,0
HSV,90_150_0_256_128_256,0
HSV,90_150_0_256_192_64,0
HSV,90_150_0_256_192_128,0
HSV,90_150_0_256_192_192,0
HSV,90_150_0_256_192_256,0
HSV,90_150_64_64_0_64,0
HSV,90_150_64_64_0_128,0
HSV,90_150_64_64_0_192,0
HSV,90_150_64_64_0_256,0
HSV,90_150_64_64_64_64,0
HSV,90_150_64_64_64_128,0
HSV,90_150_64_64_64_192,0
HSV,90_150_64_64_64_256,0
HSV,90_150_64_64_128_64,0
HSV,90_150_64_64_128_128,0
HSV,90_150_64_64_128_192,0
HSV,90_150_64_64_128_256,0
HSV,90_150_64_64_192_64,0
HSV,90_150_64_64_192_128,0
HSV,90_150_64_64_192_192,0
HSV,90_150_64_64_192_256,0
HSV,90_150_64_128_0_64,0
HSV,90_150_64_128_0_128,0
HSV,90_150_64_128_0_192,0
HSV,90_150_64_128_0_256,0
HSV,90_150_64_128_64_64,0
HSV,90_150_64_128_64_128,0
HSV,90_150_64_128_64_192,0
HSV,90_150_64_128_64_256,0
HSV,90_150_64_128_128_64,0
HSV,90_150_64_128_128_128,0
HSV,90_150_64_128_128_192,0
HSV,90_150_64_128_128_256,0
HSV,90_150_64_128_192_64,0
HSV,90_150_64_128_192_128,0
HSV,90_150_64_128_192_192,0
HSV,90_150_64_128_192_256,0
HSV,90_150_64_192_0_64,0
HSV,90_150_64_192_0_128,0
HSV,90_150_64_192_0_192,0
HSV,90_150_64_192_0_256,0
HSV,90_150_64_192_64_64,0
HSV,90_150_64_192_64_128,0
HSV,90_150_64_192_64_192,0
HSV,90_150_64_192_64_256,0
HSV,90_150_64_192_128_64,0
HSV,90_150_64_192_128_128,0
HSV,90_150_64_192_128_192,0
HSV,90_150_64_192_128_256,0
HSV,90_150_64_192_192_64,0
HSV,90_150_64_192_192_128,0
HSV,90_150_64_192_192_192,0
HSV,90_150_64_192_192_256,0
HSV,90_150_64_256_0_64,0
HSV,90_150_64_256_0_128,0
HSV,90_150_64_256_0_192,0
HSV,90_150_64_256_0_256,0
HSV,90_150_64_256_64_64,0
HSV,90_150_64_256_64_128,0
HSV,90_150_64_256_64_192,0
HSV,90_150_64_256_64_256,0
HSV,90_150_64_256_128_64,0
HSV,90_150_64_256_128_128,0
HSV,90_150_64_256_128_192,0
HSV,90_150_64_256_128_256,0
HSV,90_150_64_256_192_64,0
HSV,90_150_64_256_192_128,0
HSV,90_150_64_256_192_192,0
HSV,90_150_64_256_192_256,0
HSV,90_150_128_64_0_64,0
HSV,90_150_128_64_0_128,0
HSV,90_150_128_64_0_192,0
HSV,90_150_128_64_0_256,0
HSV,90_150_128_64_64_64,0
HSV,90_150_128_64_64_128,0
HSV,90_150_128_64_64_192,0
HSV,90_150_128_64_64_256,0
HSV,90_150_128_64_128_64,0
HSV,90_150_128_64_128_128,0
HSV,90_150_128_64_128_192,0
HSV,90_150_128_64_128_256,0
HSV,90_150_128_64_192_64,0
HSV,90_150_128_64_192_128,0
HSV,90_150_128_64_192_192,0
HSV,90_150_128_64_192_256,0
HSV,90_150_128_128_0_64,0
HSV,90_150_128_128_0_128,0
HSV,90_150_128_128_0_192,0
HSV,90_150_128_128_0_256,0
HSV,90_150_128_128_64_64,0
HSV,90_150_128_128_64_128,0
HSV,90_150_128_128_64_192,0
HSV,90_150_128_128_64_256,0
HSV,90_150_128_128_128_64,0
HSV,90_150_128_128_128_128,0
HSV,90_150_128_128_128_192,0
HSV,90_150_128_128_128_256,0
HSV,90_150_128_128_192_64,0
HSV,90_150_128_128_192_128,0
HSV,90_150_128_128_192_192,0
HSV,90_150_128_128_192_256,0
HSV,90_150_128_192_0_64,0
HSV,90_150_128_192_0_128,0
HSV,90_150_128_192_0_192,0
HSV,90_150_128_192_0_256,0
HSV,90_150_128_192_64_64,0
HSV,90_150_128_192_64_128,0
HSV,90_150_128_192_64_192,0
HSV,90_150_128_192_64_256,0
HSV,90_150_128_192_128_64,0
HSV,90_150_128_192_128_128,0
HSV,90_150_128_192_128_192,0
HSV,90_150_128_192_128_256,0
HSV,90_150_128_192_192_64,0
HSV,90_150_128_192_192_128,0
HSV,90_150_128_192_192_192,0
HSV,90_150_128_192_192_256,0
HSV,90_150_128_256_0_64,0
HSV,90_150_128_256_0_128,0
HSV,90_150_128_256_0_192,0
HSV,90_150_128_256_0_256,0
HSV,90_150_128_256_64_64,0
HSV,90_150_128_256_64_128,0
HSV,90_150_128_256_64_192,0
HSV,90_150_128_256_64_256,0
HSV,90_150_128_256_128_64,0
HSV,90_150_128_256_128_128,0
HSV,90_150_128_256_128_192,0
HSV,90_150_128_256_128_256,0
HSV,90_150_128_256_192_64,0
HSV,90_150_128_256_192_128,0
HSV,90_150_128_256_192_192,0
HSV,90_150_128_256_192_256,0
HSV,90_150_192_64_0_64,0
HSV,90_150_192_64_0_128,0
HSV,90_150_192_64_0_192,0
HSV,90_150_192_64_0_256,0
HSV,90_150_192_64_64_64,0
HSV,90_150_192_64_64_128,0
HSV,90_150_192_64_64_192,0
HSV,90_150_192_64_64_256,0
HSV,90_150_192_64_128_64,0
HSV,90_150_192_64_128_128,0
HSV,90_150_192_64_128_192,0
HSV,90_150_192_64_128_256,0
HSV,90_150_192_64_192_64,0
HSV,90_150_192_64_192_128,0
HSV,90_150_192_64_192_192,0
HSV,90_150_192_64_192_256,0
HSV,90_150_192_128_0_64,0
HSV,90_150_192_128_0_128,0
HSV,90_150_192_128_0_192,0
HSV,90_150_192_128_0_256,0
HSV,90_150_192_128_64_64,0
HSV,90_150_192_128_64_128,0
HSV,90_150_192_128_64_192,0
HSV,90_150_192_128_64_256,0
HSV,90_150_192_128_128_64,0
HSV,90_150_192_128_128_128,0
HSV,90_150_192_128_128_192,0
HSV,90_150_192_128_128_256,0
HSV,90_150_192_128_192_64,0
HSV,90_150_192_128_192_128,0
HSV,90_150_192_128_192_192,0
HSV,90_150_192_128_192_256,0
HSV,90_150_192_192_0_64,0
HSV,90_150_192_192_0_128,0
HSV,90_150_192_192_0_192,0
HSV,90_150_192_192_0_256,0
HSV,90_150_192_192_64_64,0
HSV,90_150_192_192_64_128,0
HSV,90_150_192_192_64_192,0
HSV,90_150_192_192_64_256,0
HSV,90_150_192_192_128_64,0
HSV,90_150_192_192_128_128,0
HSV,90_150_192_192_128_192,0
HSV,90_150_192_192_128_256,0
HSV,90_150_192_192_192_64,0
HSV,90_150_192_192_192_128,0
HSV,90_150_192_192_192_192,0
HSV,90_150_192_192_192_256,0
HSV,90_150_192_256_0_64,0
HSV,90_150_192_256_0_128,0
HSV,90_150_192_256_0_192,0
HSV,90_150_192_256_0_256,0
HSV,90_150_192_256_64_64,0
HSV,90_150_192_256_64_128,0
HSV,90_150_192_256_64_192,0
HSV,90_150_192_256_64_256,0
HSV,90_150_192_256_128_64,0
HSV,90_150_192_256_128_128,0
HSV,90_150_192_256_128_192,0
HSV,90_150_192_256_128_256,0
HSV,90_150_192_256_192_64,0
HSV,90_150_192_256_192_128,0
HSV,90_150_192_256_192_192,0
HSV,90_150_192_256_192_256,0
HSV,90_180_0_64_0_64,0
HSV,90_180_0_64_0_128,0
HSV,90_180_0_64_0_192,0
HSV,90_180_0_64_0_256,0
HSV,90_180_0_64_64_64,0
HSV,90_180_0_64_64_128,0
HSV,90_180_0_64_64_192,0
HSV,90_180_0_64_64_256,0
HSV,90_180_0_64_128_64,0
HSV,90_180_0_64_128_128,0
HSV,90_180_0_64_128_192,0
HSV,90_180_0_64_128_256,0
HSV,90_180_0_64_192_64,0
HSV,90_180_0_64_192_128,0
HSV,90_180_0_64_192_192,0
HSV,90_180_0_64_192_256,0
HSV,90_180_0_128_0_64,0
HSV,90_180_0_128_0_128,0
HSV,90_180_0_128_0_192,0
HSV,90_180_0_128_0_256,0
HSV,90_180_0_128_64_64,0
HSV,90_180_0_128_64_128,0
HSV,90_180_0_128_64_192,0
HSV,90_180_0_128_64_256,0
HSV,90_180_0_128_128_64,0
HSV,90_180_0_128_128_128,0
HSV,90_180_0_128_128_192,0
HSV,90_180_0_128_128_256,0
HSV,90_180_0_128_192_64,0
HSV,90_180_0_128_192_128,0
HSV,90_180_0_128_192_192,0
HSV,90_180_0_128_192_256,0
HSV,90_180_0_192_0_64,0
HSV,90_180_0_192_0_128,0
HSV,90_180_0_192_0_192,0
HSV,90_180_0_192_0_256,0
HSV,90_180_0_192_64_64,0
HSV,90_180_0_192_64_128,0
HSV,90_180_0_192_64_192,0
HSV,90_180_0_192_64_256,0
HSV,90_180_0_192_128_64,0
HSV,90_180_0_192_128_128,0
HSV,90_180_0_192_128_192,0
HSV,90_180_0_192_128_256,0
HSV,90_180_0_192_192_64,0
HSV,90_180_0_192_192_128,0
HSV,90_180_0_192_192_192,0
HSV,90_180_0_192_192_256,0
HSV,90_180_0_256_0_64,0
HSV,90_180_0_256_0_128,0
HSV,90_180_0_256_0_192,0
HSV,90_180_0_256_0_256,0
HSV,90_180_0_256_64_64,0
HSV,90_180_0_256_64_128,0
HSV,90_180_0_256_64_192,0
HSV,90_180_0_256_64_256,0
HSV,90_180_0_256_128_64,0
HSV,90_180_0_256_128_128,0
HSV,90_180_0_256_128_192,0
HSV,90_180_0_256_128_256,0
HSV,90_180_0_256_192_64,0
HSV,90_180_0_256_192_128,0
HSV,90_180_0_256_192_192,0
HSV,90_180_0_256_192_256,0
HSV,90_180_64_64_0_64,0
HSV,90_180_64_64_0_128,0
HSV,90_180_64_64_0_192,0
HSV,90_180_64_64_0_256,0
HSV,90_180_64_64_64_64,0
HSV,90_180_64_64_64_128,0
HSV,90_180_64_64_64_192,0
HSV,90_180_64_64_64_256,0
HSV,90_180_64_64_128_64,0
HSV,90_180_64_64_128_128,0
HSV,90_180_64_64_128_192,0
HSV,90_180_64_64_128_256,0
HSV,90_180_64_64_192_64,0
HSV,90_180_64_64_192_128,0
HSV,90_180_64_64_192_192,0
HSV,90_180_64_64_192_256,0
HSV,90_180_64_128_0_64,0
HSV,90_180_64_128_0_128,0
HSV,90_180_64_128_0_192,0
HSV,90_180_64_128_0_256,0
HSV,90_180_64_128_64_64,0
HSV,90_180_64_128_64_128,0
HSV,90_180_64_128_64_192,0
HSV,90_180_64_128_64_256,0
HSV,90_180_64_128_128_64,0
HSV,90_180_64_128_128_128,0
HSV,90_180_64_128_128_192,0
HSV,90_180_64_128_128_256,0
HSV,90_180_64_128_192_64,0
HSV,90_180_64_128_192_128,0
HSV,90_180_64_128_192_192,0
HSV,90_180_64_128_192_256,0
HSV,90_180_64_192_0_64,0
HSV,90_180_64_192_0_128,0
HSV,90_180_64_192_0_192,0
HSV,90_180_64_192_0_256,0
HSV,90_180_64_192_64_64,0
HSV,90_180_64_192_64_128,0
HSV,90_180_64_192_64_192,0
HSV,90_180_64_192_64_256,0
HSV,90_180_64_192_128_64,0
HSV,90_180_64_192_128_128,0
HSV,90_180_64_192_128_192,0
HSV,90_180_64_192_128_256,0
HSV,90_180_64_192_192_64,0
HSV,90_180_64_192_192_128,0
HSV,90_180_64_192_192_192,0
HSV,90_180_64_192_192_256,0
HSV,90_180_64_256_0_64,0
HSV,90_180_64_256_0_128,0
HSV,90_180_64_256_0_192,0
HSV,90_180_64_256_0_256,0
HSV,90_180_64_256_64_64,0
HSV,90_180_64_256_64_128,0
HSV,90_180_64_256_64_192,0
HSV,90_180_64_256_64_256,0
HSV,90_180_64_256_128_64,0
HSV,90_180_64_256_128_128,0
HSV,90_180_64_256_128_192,0
HSV,90_180_64_256_128_256,0
HSV,90_180_64_256_192_64,0
HSV,90_180_64_256_192_128,0
HSV,90_180_64_256_192_192,0
HSV,90_180_64_256_192_256,0
HSV,90_180_128_64_0_64,0
HSV,90_180_128_64_0_128,0
HSV,90_180_128_64_0_192,0
HSV,90_180_128_64_0_256,0
HSV,90_180_128_64_64_64,0
HSV,90_180_128_64_64_128,0
HSV,90_180_128_64_64_192,0
HSV,90_180_128_64_64_256,0
HSV,90_180_128_64_128_64,0
HSV,90_180_128_64_128_128,0
HSV,90_180_128_64_128_192,0
HSV,90_180_128_64_128_256,0
HSV,90_180_128_64_192_64,0
HSV,90_180_128_64_192_128,0
HSV,90_180_128_64_192_192,0
HSV,90_180_128_64_192_256,0
HSV,90_180_128_128_0_64,0
HSV,90_180_128_128_0_128,0
HSV,90_180_128_128_0_192,0
HSV,90_180_128_128_0_256,0
HSV,90_180_128_128_64_64,0
HSV,90_180_128_128_64_128,0
HSV,90_180_128_128_64_192,0
HSV,90_180_128_128_64_256,0
HSV,90_180_128_128_128_64,0
HSV,90_180_128_128_128_128,0
HSV,90_180_128_128_128_192,0
HSV,90_180_128_128_128_256,0
HSV,90_180_128_128_192_64,0
HSV,90_180_128_128_192_128,0
HSV,90_180_128_128_192_192,0
HSV,90_180_128_128_192_256,0
HSV,90_180_128_192_0_64,0
HSV,90_180_128_192_0_128,0
HSV,90_180_128_192_0_192,0
HSV,90_180_128_192_0_256,0
HSV,90_180_128_192_64_64,0
HSV,90_180_128_192_64_128,0
HSV,90_180_128_192_64_192,0
HSV,90_180_128_192_64_256,0
HSV,90_180_128_192_128_64,0
HSV,90_180_128_192_128_128,0
HSV,90_180_128_192_128_192,0
HSV,90_180_128_192_128_256,0
HSV,90_180_128_192_192_64,0
HSV,90_180_128_192_192_128,0
HSV,90_180_128_192_192_192,0
HSV,90_180_128_192_192_256,0
HSV,90_180_128_256_0_64,0
HSV,90_180_128_256_0_128,0
HSV,90_180_128_256_0_192,0
HSV,90_180_128_256_0_256,0
HSV,90_180_128_256_64_64,0
HSV,90_180_128_256_64_128,0
HSV,90_180_128_256_64_192,0
HSV,90_180_128_256_64_256,0
HSV,90_180_128_256_128_64,0
HSV,90_180_128_256_128_128,0
HSV,90_180_128_256_128_192,0
HSV,90_180_128_256_128_256,0
HSV,90_180_128_256_192_64,0
HSV,90_180_128_256_192_128,0
HSV,90_180_128_256_192_192,0
HSV,90_180_128_256_192_256,0
HSV,90_180_192_64_0_64,0
HSV,90_180_192_64_0_128,0
HSV,90_180_192_64_0_192,0
HSV,90_180_192_64_0_256,0
HSV,90_180_192_64_64_64,0
HSV,90_180_192_64_64_128,0
HSV,90_180_192_64_64_192,0
HSV,90_180_192_64_64_256,0
HSV,90_180_192_64_128_64,0
HSV,90_180_192_64_128_128,0
HSV,90_180_192_64_128_192,0
HSV,90_180_192_64_128_256,0
HSV,90_180_192_64_192_64,0
HSV,90_180_192_64_192_128,0
HSV,90_180_192_64_192_192,0
HSV,90_180_192_64_192_256,0
HSV,90_180_192_128_0_64,0
HSV,90_180_192_128_0_128,0
HSV,90_180_192_128_0_192,0
HSV,90_180_192_128_0_256,0
HSV,90_180_192_128_64_64,0
HSV,90_180_192_128_64_128,0
HSV,90_180_192_128_64_192,0
HSV,90_180_192_128_64_256,0
HSV,90_180_192_128_128_64,0
HSV,90_180_192_128_128_128,0
HSV,90_180_192_128_128_192,0
HSV,90_180_192_128_128_256,0
HSV,90_180_192_128_192_64,0
HSV,90_180_192_128_192_128,0
HSV,90_180_192_128_192_192,0
HSV,90_180_192_128_192_256,0
HSV,90_180_192_192_0_64,0
HSV,90_180_192_192_0_128,0
HSV,90_180_192_192_0_192,0
HSV,90_180_192_192_0_256,0
HSV,90_180_192_192_64_64,0
HSV,90_180_192_192_64_128,0
HSV,90_180_192_192_64_192,0
HSV,90_180_192_192_64_256,0
HSV,90_180_192_192_128_64,0
HSV,90_180_192_192_128_128,0
HSV,90_180_192_192_128_192,0
HSV,90_180_192_192_128_256,0
HSV,90_180_192_192_192_64,0
HSV,90_180_192_192_192_128,0
HSV,90_180_192_192_192_192,0
HSV,90_180_192_192_192_256,0
HSV,90_180_192_256_0_64,0
HSV,90_180_192_256_0_128,0
HSV,90_180_192_256_0_192,0
HSV,90_180_192_256_0_256,0
HSV,90_180_192_256_64_64,0
HSV,90_180_192_256_64_128,0
HSV,90_180_192_256_64_192,0
HSV,90_180_192_256_64_256,0
HSV,90_180_192_256_128_64,0
HSV,90_180_192_256_128_128,0
HSV,90_180_192_256_128_192,0
HSV,90_180_192_256_128_256,0
HSV,90_180_192_256_192_64,0
HSV,90_180_192_256_192_128,0
HSV,90_180_192_256_192_192,0
HSV,90_180_192_256_192_256,0
HSV,120_30_0_64_0_64,0
HSV,120_30_0_64_0_128,0
HSV,120_30_0_64_0_192,0
HSV,120_30_0_64_0_256,0
HSV,120_30_0_64_64_64,0
HSV,120_30_0_64_64_128,0
HSV,120_30_0_64_64_192,0
HSV,120_30_0_64_64_256,0
HSV,120_30_0_64_128_64,0
HSV,120_30_0_64_128_128,0
HSV,120_30_0_64_128_192,0
HSV,120_30_0_64_128_256,0
HSV,120_30_0_64_192_64,0
HSV,120_30_0_64_192_128,0
HSV,120_30_0_64_192_192,0
HSV,120_30_0_64_192_256,0
HSV,120_30_0_128_0_64,0
HSV,120_30_0_128_0_128,0
HSV,120_30_0_128_0_192,0
HSV,120_30_0_128_0_256,0
HSV,120_30_0_128_64_64,0
HSV,120_30_0_128_64_128,0
HSV,120_30_0_128_64_192,0
HSV,120_30_0_128_64_256,0
HSV,120_30_0_128_128_64,0
HSV,120_30_0_128_128_128,0
HSV,120_30_0_128_128_192,0
HSV,120_30_0_128_128_256,0
HSV,120_30_0_128_192_64,0
HSV,120_30_0_128_192_128,0
HSV,120_30_0_128_192_192,0
HSV,120_30_0_128_192_256,0
HSV,120_30_0_192_0_64,0
HSV,120_30_0_192_0_128,0
HSV,120_30_0_192_0_192,0
HSV,120_30_0_192_0_256,0
HSV,120_30_0_192_64_64,0
HSV,120_30_0_192_64_128,0
HSV,120_30_0_192_64_192,0
HSV,120_30_0_192_64_256,0
HSV,120_30_0_192_128_64,0
HSV,120_30_0_192_128_128,0
HSV,120_30_0_192_128_192,0
HSV,120_30_0_192_128_256,0
HSV,120_30_0_192_192_64,0
HSV,120_30_0_192_192_128,0
HSV,120_30_0_192_192_192,0
HSV,120_30_0_192_192_256,0
HSV,120_30_0_256_0_64,0
HSV,120_30_0_256_0_128,0
HSV,120_30_0_256_0_192,0
HSV,120_30_0_256_0_256,0
HSV,120_30_0_256_64_64,0
HSV,120_30_0_256_64_128,0
HSV,120_30_0_256_64_192,0
HSV,120_30_0_256_64_256,0
HSV,120_30_0_256_128_64,0
HSV,120_30_0_256_128_128,0
HSV,120_30_0_256_128_192,0
HSV,120_30_0_256_128_256,0
HSV,120_30_0_256_192_64,0
HSV,120_30_0_256_192_128,0
HSV,120_30_0_256_192_192,0
HSV,120_30_0_256_192_256,0
HSV,120_30_64_64_0_64,0
HSV,120_30_64_64_0_128,0
HSV,120_30_64_64_0_192,0
HSV,120_30_64_64_0_256,0
HSV,120_30_64_64_64_64,0
HSV,120_30_64_64_64_128,0
HSV,120_30_64_64_64_192,0
HSV,120_30_64_64_64_256,0
HSV,120_30_64_64_128_64,0
HSV,120_30_64_64_128_128,0
HSV,120_30_64_64_128_192,0
HSV,120_30_64_64_128_256,0
HSV,120_30_64_64_192_64,0
HSV,120_30_64_64_192_128,0
HSV,120_30_64_64_192_192,0
HSV,120_30_64_64_192_256,0
HSV,120_30_64_128_0_64,0
HSV,120_30_64_128_0_128,0
HSV,120_30_64_128_0_192,0
HSV,120_30_64_128_0_256,0
HSV,120_30_64_128_64_64,0
HSV,120_30_64_128_64_128,0
HSV,120_30_64_128_64_192,0
HSV,120_30_64_128_64_256,0
HSV,120_30_64_128_128_64,0
HSV,120_30_64_128_128_128,0
HSV,120_30_64_128_128_192,0
HSV,120_30_64_128_128_256,0
HSV,120_30_64_128_192_64,0
HSV,120_30_64_128_192_128,0
HSV,120_30_64_128_192_192,0
HSV,120_30_64_128_192_256,0
HSV,120_30_64_192_0_64,0
HSV,120_30_64_192_0_128,0
HSV,120_30_64_192_0_192,0
HSV,120_30_64_192_0_256,0
HSV,120_30_64_192_64_64,0
HSV,120_30_64_192_64_128,0
HSV,120_30_64_192_64_192,0
HSV,120_30_64_192_64_256,0
HSV,120_30_64_192_128_64,0
HSV,120_30_64_192_128_128,0
HSV,120_30_64_192_128_192,0
HSV,120_30_64_192_128_256,0
HSV,120_30_64_192_192_64,0
HSV,120_30_64_192_192_128,0
HSV,120_30_64_192_192_192,0
HSV,120_30_64_192_192_256,0
HSV,120_30_64_256_0_64,0
HSV,120_30_64_256_0_128,0
HSV,120_30_64_256_0_192,0
HSV,120_30_64_256_0_256,0
HSV,120_30_64_256_64_64,0
HSV,120_30_64_256_64_128,0
HSV,120_30_64_256_64_192,0
HSV,120_30_64_256_64_256,0
HSV,120_30_64_256_128_64,0
HSV,120_30_64_256_128_128,0
HSV,120_30_64_256_128_192,0
HSV,120_30_64_256_128_256,0
HSV,120_30_64_256_192_64,0
HSV,120_30_64_256_192_128,0
HSV,120_30_64_256_192_192,0
HSV,120_30_64_256_192_256,0
HSV,120_30_128_64_0_64,0
HSV,120_30_128_64_0_128,0
HSV,120_30_128_64_0_192,0
HSV,120_30_128_64_0_256,0
HSV,120_30_128_64_64_64,0
HSV,120_30_128_64_64_128,0
HSV,120_30_128_64_64_192,0
HSV,120_30_128_64_64_256,0
HSV,120_30_128_64_128_64,0
HSV,120_30_128_64_128_128,0
HSV,120_30_128_64_128_192,0
HSV,120_30_128_64_128_256,0
HSV,120_30_128_64_192_64,0
HSV,120_30_128_64_192_128,0
HSV,120_30_128_64_192_192,0
HSV,120_30_128_64_192_256,0
HSV,120_30_128_128_0_64,0
HSV,120_30_128_128_0_128,0
HSV,120_30_128_128_0_192,0
HSV,120_30_128_128_0_256,0
HSV,120_30_128_128_64_64,0
HSV,120_30_128_128_64_128,0
HSV,120_30_128_128_64_192,0
HSV,120_30_128_128_64_256,0
HSV,120_30_128_128_128_64,0
HSV,120_30_128_128_128_128,0
HSV,120_30_128_128_128_192,0
HSV,120_30_128_128_128_256,0
HSV,120_30_128_128_192_64,0
HSV,120_30_128_128_192_128,0
HSV,120_30_128_128_192_192,0
HSV,120_30_128_128_192_256,0
HSV,120_30_128_192_0_64,0
HSV,120_30_128_192_0_128,0
HSV,120_30_128_192_0_192,0
HSV,120_30_128_192_0_256,0
HSV,120_30_128_192_64_64,0
HSV,120_30_128_192_64_128,0
HSV,120_30_128_192_64_192,0
HSV,120_30_128_192_64_256,0
HSV,120_30_128_192_128_64,0
HSV,120_30_128_192_128_128,0
HSV,120_30_128_192_128_192,0
HSV,120_30_128_192_128_256,0
HSV,120_30_128_192_192_64,0
HSV,120_30_128_192_192_128,0
HSV,120_30_128_192_192_192,0
HSV,120_30_128_192_192_256,0
HSV,120_30_128_256_0_64,0
HSV,120_30_128_256_0_128,0
HSV,120_30_128_256_0_192,0
HSV,120_30_128_256_0_256,0
HSV,120_30_128_256_64_64,0
HSV,120_30_128_256_64_128,0
HSV,120_30_128_256_64_192,0
HSV,120_30_128_256_64_256,0
HSV,120_30_128_256_128_64,0
HSV,120_30_128_256_128_128,0
HSV,120_30_128_256_128_192,0
HSV,120_30_128_256_128_256,0
HSV,120_30_128_256_192_64,0
HSV,120_30_128_256_192_128,0
HSV,120_30_128_256_192_192,0
HSV,120_30_128_256_192_256,0
HSV,120_30_192_64_0_64,0
HSV,120_30_192_64_0_128,0
HSV,120_30_192_64_0_192,0
HSV,120_30_192_64_0_256,0
HSV,120_30_192_64_64_64,0
HSV,120_30_192_64_64_128,0
HSV,120_30_192_64_64_192,0
HSV,120_30_192_64_64_256,0
HSV,120_30_192_64_128_64,0
HSV,120_30_192_64_128_128,0
HSV,120_30_192_64_128_192,0
HSV,120_30_192_64_128_256,0
HSV,120_30_192_64_192_64,0
HSV,120_30_192_64_192_128,0
HSV,120_30_192_64_192_192,0
HSV,120_30_192_64_192_256,0
HSV,120_30_192_128_0_64,0
HSV,120_30_192_128_0_128,0
HSV,120_30_192_128_0_192,0
HSV,120_30_192_128_0_256,0
HSV,120_30_192_128_64_64,0
HSV,120_30_192_128_64_128,0
HSV,120_30_192_128_64_192,0
HSV,120_30_192_128_64_256,0
HSV,120_30_192_128_128_64,0
HSV,120_30_192_128_128_128,0
HSV,120_30_192_128_128_192,0
HSV,120_30_192_128_128_256,0
HSV,120_30_192_128_192_64,0
HSV,120_30_192_128_192_128,0
HSV,120_30_192_128_192_192,0
HSV,120_30_192_128_192_256,0
HSV,120_30_192_192_0_64,0
HSV,120_30_192_192_0_128,0
HSV,120_30_192_192_0_192,0
HSV,120_30_192_192_0_256,0
HSV,120_30_192_192_64_64,0
HSV,120_30_192_192_64_128,0
HSV,120_30_192_192_64_192,0
HSV,120_30_192_192_64_256,0
HSV,120_30_192_192_128_64,0
HSV,120_30_192_192_128_128,0
HSV,120_30_192_192_128_192,0
HSV,120_30_192_192_128_256,0
HSV,120_30_192_192_192_64,0
HSV,120_30_192_192_192_128,0
HSV,120_30_192_192_192_192,0
HSV,120_30_192_192_192_256,0
HSV,120_30_192_256_0_64,0
HSV,120_30_192_256_0_128,0
HSV,120_30_192_256_0_192,0
HSV,120_30_192_256_0_256,0
HSV,120_30_192_256_64_64,0
HSV,120_30_192_256_64_128,0
HSV,120_30_192_256_64_192,0
HSV,120_30_192_256_64_256,0
HSV,120_30_192_256_128_64,0
HSV,120_30_192_256_128_128,0
HSV,120_30_192_256_128_192,0
HSV,120_30_192_256_128_256,0
HSV,120_30_192_256_192_64,0
HSV,120_30_192_256_192_128,0
HSV,120_30_192_256_192_192,0
HSV,120_30_192_256_192_256,0
HSV,120_60_0_64_0_64,0
HSV,120_60_0_64_0_128,0
HSV,120_60_0_64_0_192,0
HSV,120_60_0_64_0_256,0
HSV,120_60_0_64_64_64,0
HSV,120_60_0_64_64_128,0
HSV,120_60_0_64_64_192,0
HSV,120_60_0_64_64_256,0
HSV,120_60_0_64_128_64,0
HSV,120_60_0_64_128_128,0
HSV,120_60_0_64_128_192,0
HSV,120_60_0_64_128_256,0
HSV,120_60_0_64_192_64,0
HSV,120_60_0_64_192_128,0
HSV,120_60_0_64_192_192,0
HSV,120_60_0_64_192_256,0
HSV,120_60_0_128_0_64,0
HSV,120_60_0_128_0_128,0
HSV,120_60_0_128_0_192,0
HSV,120_60_0_128_0_256,0
HSV,120_60_0_128_64_64,0
HSV,120_60_0_128_64_128,0
HSV,120_60_0_128_64_192,0
HSV,120_60_0_128_64_256,0
HSV,120_60_0_128_128_64,0
HSV,120_60_0_128_128_128,0
HSV,120_60_0_128_128_192,0
HSV,120_60_0_128_128_256,0
HSV,120_60_0_128_192_64,0
HSV,120_60_0_128_192_128,0
HSV,120_60_0_128_192_192,0
HSV,120_60_0_128_192_256,0
HSV,120_60_0_192_0_64,0
HSV,120_60_0_192_0_128,0
HSV,120_60_0_192_0_192,0
HSV,120_60_0_192_0_256,0
HSV,120_60_0_192_64_64,0
HSV,120_60_0_192_64_128,0
HSV,120_60_0_192_64_192,0
HSV,120_60_0_192_64_256,0
HSV,120_60_0_192_128_64,0
HSV,120_60_0_192_128_128,0
HSV,120_60_0_192_128_192,0
HSV,120_60_0_192_128_256,0
HSV,120_60_0_192_192_64,0
HSV,120_60_0_192_192_128,0
HSV,120_60_0_192_192_192,0
HSV,120_60_0_192_192_256,0
HSV,120_60_0_256_0_64,0
HSV,120_60_0_256_0_128,0
HSV,120_60_0_256_0_192,0
HSV,120_60_0_256_0_256,0
HSV,120_60_0_256_64_64,0
HSV,120_60_0_256_64_128,0
HSV,120_60_0_256_64_192,0
HSV,120_60_0_256_64_256,0
HSV,120_60_0_256_128_64,0
HSV,120_60_0_256_128_128,0
HSV,120_60_0_256_128_192,0
HSV,120_60_0_256_128_256,0
HSV,120_60_0_256_192_64,0
HSV,120_60_0_256_192_128,0
HSV,120_60_0_256_192_192,0
HSV,120_60_0_256_192_256,0
HSV,120_60_64_64_0_64,0
HSV,120_60_64_64_0_128,0
HSV,120_60_64_64_0_192,0
HSV,120_60_64_64_0_256,0
HSV,120_60_64_64_64_64,0
HSV,120_60_64_64_64_128,0
HSV,120_60_64_64_64_192,0
HSV,120_60_64_64_64_256,0
HSV,120_60_64_64_128_64,0
HSV,120_60_64_64_128_128,0
HSV,120_60_64_64_128_192,0
HSV,120_60_64_64_128_256,0
HSV,120_60_64_64_192_64,0
HSV,120_60_64_64_192_128,0
HSV,120_60_64_64_192_192,0
HSV,120_60_64_64_192_256,0
HSV,120_60_64_128_0_64,0
HSV,120_60_64_128_0_128,0
HSV,120_60_64_128_0_192,0
HSV,120_60_64_128_0_256,0
HSV,120_60_64_128_64_64,0
HSV,120_60_64_128_64_128,0
HSV,120_60_64_128_64_192,0
HSV,120_60_64_128_64_256,0
HSV,120_60_64_128_128_64,0
HSV,120_60_64_128_128_128,0
HSV,120_60_64_128_128_192,0
HSV,120_60_64_128_128_256,0
HSV,120_60_64_128_192_64,0
HSV,120_60_64_128_192_128,0
HSV,120_60_64_128_192_192,0
HSV,120_60_64_128_192_256,0
HSV,120_60_64_192_0_64,0
HSV,120_60_64_192_0_128,0
HSV,120_60_64_192_0_192,0
HSV,120_60_64_192_0_256,0
HSV,120_60_64_192_64_64,0
HSV,120_60_64_192_64_128,0
HSV,120_60_64_192_64_192,0
HSV,120_60_64_192_64_256,0
HSV,120_60_64_192_128_64,0
HSV,120_60_64_192_128_128,0
HSV,120_60_64_192_128_192,0
HSV,120_60_64_192_128_256,0
HSV,120_60_64_192_192_64,0
HSV,120_60_64_192_192_128,0
HSV,120_60_64_192_192_192,0
HSV,120_60_64_192_192_256,0
HSV,120_60_64_256_0_64,0
HSV,120_60_64_256_0_128,0
HSV,120_60_64_256_0_192,0
HSV,120_60_64_256_0_256,0
HSV,120_60_64_256_64_64,0
HSV,120_60_64_256_64_128,0
HSV,120_60_64_256_64_192,0
HSV,120_60_64_256_64_256,0
HSV,120_60_64_256_128_64,0
HSV,120_60_64_256_128_128,0
HSV,120_60_64_256_128_192,0
HSV,120_60_64_256_128_256,0
HSV,120_60_64_256_192_64,0
HSV,120_60_64_256_192_128,0
HSV,120_60_64_256_192_192,0
HSV,120_60_64_256_192_256,0
HSV,120_60_128_64_0_64,0
HSV,120_60_128_64_0_128,0
HSV,120_60_128_64_0_192,0
HSV,120_60_128_64_0_256,0
HSV,120_60_128_64_64_64,0
HSV,120_60_128_64_64_128,0
HSV,120_60_128_64_64_192,0
HSV,120_60_128_64_64_256,0
HSV,120_60_128_64_128_64,0
HSV,120_60_128_64_128_128,0
HSV,120_60_128_64_128_192,0
HSV,120_60_128_64_128_256,0
HSV,120_60_128_64_192_64,0
HSV,120_60_128_64_192_128,0
HSV,120_60_128_64_192_192,0
HSV,120_60_128_64_192_256,0
HSV,120_60_128_128_0_64,0
HSV,120_60_128_128_0_128,0
HSV,120_60_128_128_0_192,0
HSV,120_60_128_128_0_256,0
HSV,120_60_128_128_64_64,0
HSV,120_60_128_128_64_128,0
HSV,120_60_128_128_64_192,0
HSV,120_60_128_128_64_256,0
HSV,120_60_128_128_128_64,0
HSV,120_60_128_128_128_128,0
HSV,120_60_128_128_128_192,0
HSV,120_60_128_128_128_256,0
HSV,120_60_128_128_192_64,0
HSV,120_60_128_128_192_128,0
HSV,120_60_128_128_192_192,0
HSV,120_60_128_128_192_256,0
HSV,120_60_128_192_0_64,0
HSV,120_60_128_192_0_128,0
HSV,120_60_128_192_0_192,0
HSV,120_60_128_192_0_256,0
HSV,120_60_128_192_64_64,0
HSV,120_60_128_192_64_128,0
HSV,120_60_128_192_64_192,0
HSV,120_60_128_192_64_256,0
HSV,120_60_128_192_128_64,0
HSV,120_60_128_192_128_128,0
HSV,120_60_128_192_128_192,0
HSV,120_60_128_192_128_256,0
HSV,120_60_128_192_192_64,0
HSV,120_60_128_192_192_128,0
HSV,120_60_128_192_192_192,0
HSV,120_60_128_192_192_256,0
HSV,120_60_128_256_0_64,0
HSV,120_60_128_256_0_128,0
HSV,120_60_128_256_0_192,0
HSV,120_60_128_256_0_256,0
HSV,120_60_128_256_64_64,0
HSV,120_60_128_256_64_128,0
HSV,120_60_128_256_64_192,0
HSV,120_60_128_256_64_256,0
HSV,120_60_128_256_128_64,0
HSV,120_60_128_256_128_128,0
HSV,120_60_128_256_128_192,0
HSV,120_60_128_256_128_256,0
HSV,120_60_128_256_192_64,0
HSV,120_60_128_256_192_128,0
HSV,120_60_128_256_192_192,0
HSV,120_60_128_256_192_256,0
HSV,120_60_192_64_0_64,0
HSV,120_60_192_64_0_128,0
HSV,120_60_192_64_0_192,0
HSV,120_60_192_64_0_256,0
HSV,120_60_192_64_64_64,0
HSV,120_60_192_64_64_128,0
HSV,120_60_192_64_64_192,0
HSV,120_60_192_64_64_256,0
HSV,120_60_192_64_128_64,0
HSV,120_60_192_64_128_128,0
HSV,120_60_192_64_128_192,0
HSV,120_60_192_64_128_256,0
HSV,120_60_192_64_192_64,0
HSV,120_60_192_64_192_128,0
HSV,120_60_192_64_192_192,0
HSV,120_60_192_64_192_256,0
HSV,120_60_192_128_0_64,0
HSV,120_60_192_128_0_128,0
HSV,120_60_192_128_0_192,0
HSV,120_60_192_128_0_256,0
HSV,120_60_192_128_64_64,0
HSV,120_60_192_128_64_128,0
HSV,120_60_192_128_64_192,0
HSV,120_60_192_128_64_256,0
HSV,120_60_192_128_128_64,0
HSV,120_60_192_128_128_128,0
HSV,120_60_192_128_128_192,0
HSV,120_60_192_128_128_256,0
HSV,120_60_192_128_192_64,0
HSV,120_60_192_128_192_128,0
HSV,120_60_192_128_192_192,0
HSV,120_60_192_128_192_256,0
HSV,120_60_192_192_0_64,0
HSV,120_60_192_192_0_128,0
HSV,120_60_192_192_0_192,0
HSV,120_60_192_192_0_256,0
HSV,120_60_192_192_64_64,0
HSV,120_60_192_192_64_128,0
HSV,120_60_192_192_64_192,0
HSV,120_60_192_192_64_256,0
HSV,120_60_192_192_128_64,0
HSV,120_60_192_192_128_128,0
HSV,120_60_192_192_128_192,0
HSV,120_60_192_192_128_256,0
HSV,120_60_192_192_192_64,0
HSV,120_60_192_192_192_128,0
HSV,120_60_192_192_192_192,0
HSV,120_60_192_192_192_256,0
HSV,120_60_192_256_0_64,0
HSV,120_60_192_256_0_128,0
HSV,120_60_192_256_0_192,0
HSV,120_60_192_256_0_256,0
HSV,120_60_192_256_64_64,0
HSV,120_60_192_256_64_128,0
HSV,120_60_192_256_64_192,0
HSV,120_60_192_256_64_256,0
HSV,120_60_192_256_128_64,0
HSV,120_60_192_256_128_128,0
HSV,120_60_192_256_128_192,0
HSV,120_60_192_256_128_256,0
HSV,120_60_192_256_192_64,0
HSV,120_60_192_256_192_128,0
HSV,120_60_192_256_192_192,0
HSV,120_60_192_256_192_256,0
HSV,120_90_0_64_0_64,0
HSV,120_90_0_64_0_128,0
HSV,120_90_0_64_0_192,0
HSV,120_90_0_64_0_256,0
HSV,120_90_0_64_64_64,0
HSV,120_90_0_64_64_128,0
HSV,120_90_0_64_64_192,0
HSV,120_90_0_64_64_256,0
HSV,120_90_0_64_128_64,0
HSV,120_90_0_64_128_128,0
HSV,120_90_0_64_128_192,0
HSV,120_90_0_64_128_256,0
HSV,120_90_0_64_192_64,0
HSV,120_90_0_64_192_128,0
HSV,120_90_0_64_192_192,0
HSV,120_90_0_64_192_256,0
HSV,120_90_0_128_0_64,0
HSV,120_90_0_128_0_128,0
HSV,120_90_0_128_0_192,0
HSV,120_90_0_128_0_256,0
HSV,120_90_0_128_64_64,0
HSV,120_90_0_128_64_128,0
HSV,120_90_0_128_64_192,0
HSV,120_90_0_128_64_256,0
HSV,120_90_0_128_128_64,0
HSV,120_90_0_128_128_128,0
HSV,120_90_0_128_128_192,0
HSV,120_90_0_128_128_256,0
HSV,120_90_0_128_192_64,0
HSV,120_90_0_128_192_128,0
HSV,120_90_0_128_192_192,0
HSV,120_90_0_128_192_256,0
HSV,120_90_0_192_0_64,0
HSV,120_90_0_192_0_128,0
HSV,120_90_0_192_0_192,0
HSV,120_90_0_192_0_256,0
HSV,120_90_0_192_64_64,0
HSV,120_90_0_192_64_128,0
HSV,120_90_0_192_64_192,0
HSV,120_90_0_192_64_256,0
HSV,120_90_0_192_128_64,0
HSV,120_90_0_192_128_128,0
HSV,120_90_0_192_128_192,0
HSV,120_90_0_192_128_256,0
HSV,120_90_0_192_192_64,0
HSV,120_90_0_192_192_128,0
HSV,120_90_0_192_192_192,0
HSV,120_90_0_192_192_256,0
HSV,120_90_0_256_0_64,0
HSV,120_90_0_256_0_128,0
HSV,120_90_0_256_0_192,0
HSV,120_90_0_256_0_256,0
HSV,120_90_0_256_64_64,0
HSV,120_90_0_256_64_128,0
HSV,120_90_0_256_64_192,0
HSV,120_90_0_256_64_256,0
HSV,120_90_0_256_128_64,0
HSV,120_90_0_256_128_128,0
HSV,120_90_0_256_128_192,0
HSV,120_90_0_256_128_256,0
HSV,120_90_0_256_192_64,0
HSV,120_90_0_256_192_128,0
HSV,120_90_0_256_192_192,0
HSV,120_90_0_256_192_256,0
HSV,120_90_64_64_0_64,0
HSV,120_90_64_64_0_128,0
HSV,120_90_64_64_0_192,0
HSV,120_90_64_64_0_256,0
HSV,120_90_64_64_64_64,0
HSV,120_90_64_64_64_128,0
HSV,120_90_64_64_64_192,0
HSV,120_90_64_64_64_256,0
HSV,120_90_64_64_128_64,0
HSV,120_90_64_64_128_128,0
HSV,120_90_64_64_128_192,0
HSV,120_90_64_64_128_256,0
HSV,120_90_64_64_192_64,0
HSV,120_90_64_64_192_128,0
HSV,120_90_64_64_192_192,0
HSV,120_90_64_64_192_256,0
HSV,120_90_64_128_0_64,0
HSV,120_90_64_128_0_128,0
HSV,120_90_64_128_0_192,0
HSV,120_90_64_128_0_256,0
HSV,120_90_64_128_64_64,0
HSV,120_90_64_128_64_128,0
HSV,120_90_64_128_64_192,0
HSV,120_90_64_128_64_256,0
HSV,120_90_64_128_128_64,0
HSV,120_90_64_128_128_128,0
HSV,120_90_64_128_128_192,0
HSV,120_90_64_128_128_256,0
HSV,120_90_64_128_192_64,0
HSV,120_90_64_128_192_128,0
HSV,120_90_64_128_192_192,0
HSV,120_90_64_128_192_256,0
HSV,120_90_64_192_0_64,0
HSV,120_90_64_192_0_128,0
HSV,120_90_64_192_0_192,0
HSV,120_90_64_192_0_256,0
HSV,120_90_64_192_64_64,0
HSV,120_90_64_192_64_128,0
HSV,120_90_64_192_64_192,0
HSV,120_90_64_192_64_256,0
HSV,120_90_64_192_128_64,0
HSV,120_90_64_192_128_128,0
HSV,120_90_64_192_128_192,0
HSV,120_90_64_192_128_256,0
HSV,120_90_64_192_192_64,0
HSV,120_90_64_192_192_128,0
HSV,120_90_64_192_192_192,0
HSV,120_90_64_192_192_256,0
HSV,120_90_64_256_0_64,0
HSV,120_90_64_256_0_128,0
HSV,120_90_64_256_0_192,0
HSV,120_90_64_256_0_256,0
HSV,120_90_64_256_64_64,0
HSV,120_90_64_256_64_128,0
HSV,120_90_64_256_64_192,0
HSV,120_90_64_256_64_256,0
HSV,120_90_64_256_128_64,0
HSV,120_90_64_256_128_128,0
HSV,120_90_64_256_128_192,0
HSV,120_90_64_256_128_256,0
HSV,120_90_64_256_192_64,0
HSV,120_90_64_256_192_128,0
HSV,120_90_64_256_192_192,0
HSV,120_90_64_256_192_256,0
HSV,120_90_128_64_0_64,0
HSV,120_90_128_64_0_128,0
HSV,120_90_128_64_0_192,0
HSV,120_90_128_64_0_256,0
HSV,120_90_128_64_64_64,0
HSV,120_90_128_64_64_128,0
HSV,120_90_128_64_64_192,0
HSV,120_90_128_64_64_256,0
HSV,120_90_128_64_128_64,0
HSV,120_90_128_64_128_128,0
HSV,120_90_128_64_128_192,0
HSV,120_90_128_64_128_256,0
HSV,120_90_128_64_192_64,0
HSV,120_90_128_64_192_128,0
HSV,120_90_128_64_192_192,0
HSV,120_90_128_64_192_256,0
HSV,120_90_128_128_0_64,0
HSV,120_90_128_128_0_128,0
HSV,120_90_128_128_0_192,0
HSV,120_90_128_128_0_256,0
HSV,120_90_128_128_64_64,0
HSV,120_90_128_128_64_128,0
HSV,120_90_128_128_64_192,0
HSV,120_90_128_128_64_256,0
HSV,120_90_128_128_128_64,0
HSV,120_90_128_128_128_128,0
HSV,120_90_128_128_128_192,0
HSV,120_90_128_128_128_256,0
HSV,120_90_128_128_192_64,0
HSV,120_90_128_128_192_128,0
HSV,120_90_128_128_192_192,0
HSV,120_90_128_128_192_256,0
HSV,120_90_128_192_0_64,0
HSV,120_90_128_192_0_128,0
HSV,120_90_128_192_0_192,0
HSV,120_90_128_192_0_256,0
HSV,120_90_128_192_64_64,0
HSV,120_90_128_192_64_128,0
HSV,120_90_128_192_64_192,0
HSV,120_90_128_192_64_256,0
HSV,120_90_128_192_128_64,0
HSV,120_90_128_192_128_128,0
HSV,120_90_128_192_128_192,0
HSV,120_90_128_192_128_256,0
HSV,120_90_128_192_192_64,0
HSV,120_90_128_192_192_128,0
HSV,120_90_128_192_192_192,0
HSV,120_90_128_192_192_256,0
HSV,120_90_128_256_0_64,0
HSV,120_90_128_256_0_128,0
HSV,120_90_128_256_0_192,0
HSV,120_90_128_256_0_256,0
HSV,120_90_128_256_64_64,0
HSV,120_90_128_256_64_128,0
HSV,120_90_128_256_64_192,0
HSV,120_90_128_256_64_256,0
HSV,120_90_128_256_128_64,0
HSV,120_90_128_256_128_128,0
HSV,120_90_128_256_128_192,0
HSV,120_90_128_256_128_256,0
HSV,120_90_128_256_192_64,0
HSV,120_90_128_256_192_128,0
HSV,120_90_128_256_192_192,0
HSV,120_90_128_256_192_256,0
HSV,120_90_192_64_0_64,0
HSV,120_90_192_64_0_128,0
HSV,120_90_192_64_0_192,0
HSV,120_90_192_64_0_256,0
HSV,120_90_192_64_64_64,0
HSV,120_90_192_64_64_128,0
HSV,120_90_192_64_64_192,0
HSV,120_90_192_64_64_256,0
HSV,120_90_192_64_128_64,0
HSV,120_90_192_64_128_128,0
HSV,120_90_192_64_128_192,0
HSV,120_90_192_64_128_256,0
HSV,120_90_192_64_192_64,0
HSV,120_90_192_64_192_128,0
HSV,120_90_192_64_192_192,0
HSV,120_90_192_64_192_256,0
HSV,120_90_192_128_0_64,0
HSV,120_90_192_128_0_128,0
HSV,120_90_192_128_0_192,0
HSV,120_90_192_128_0_256,0
HSV,120_90_192_128_64_64,0
HSV,120_90_192_128_64_128,0
HSV,120_90_192_128_64_192,0
HSV,120_90_192_128_64_256,0
HSV,120_90_192_128_128_64,0
HSV,120_90_192_128_128_128,0
HSV,120_90_192_128_128_192,0
HSV,120_90_192_128_128_256,0
HSV,120_90_192_128_192_64,0
HSV,120_90_192_128_192_128,0
HSV,120_90_192_128_192_192,0
HSV,120_90_192_128_192_256,0
HSV,120_90_192_192_0_64,0
HSV,120_90_192_192_0_128,0
HSV,120_90_192_192_0_192,0
HSV,120_90_192_192_0_256,0
HSV,120_90_192_192_64_64,0
HSV,120_90_192_192_64_128,0
HSV,120_90_192_192_64_192,0
HSV,120_90_192_192_64_256,0
HSV,120_90_192_192_128_64,0
HSV,120_90_192_192_128_128,0
HSV,120_90_192_192_128_192,0
HSV,120_90_192_192_128_256,0
HSV,120_90_192_192_192_64,0
HSV,120_90_192_192_192_128,0
HSV,120_90_192_192_192_192,0
HSV,120_90_192_192_192_256,0
HSV,120_90_192_256_0_64,0
HSV,120_90_192_256_0_128,0
HSV,120_90_192_256_0_192,0
HSV,120_90_192_256_0_256,0
HSV,120_90_192_256_64_64,0
HSV,120_90_192_256_64_128,0
HSV,120_90_192_256_64_192,0
HSV,120_90_192_256_64_256,0
HSV,120_90_192_256_128_64,0
HSV,120_90_192_256_128_128,0
HSV,120_90_192_256_128_192,0
HSV,120_90_192_256_128_256,0
HSV,120_90_192_256_192_64,0
HSV,120_90_192_256_192_128,0
HSV,120_90_192_256_192_192,0
HSV,120_90_192_256_192_256,0
HSV,120_120_0_64_0_64,0
HSV,120_120_0_64_0_128,0
HSV,120_120_0_64_0_192,0
HSV,120_120_0_64_0_256,0
HSV,120_120_0_64_64_64,0
HSV,120_120_0_64_64_128,0
HSV,120_120_0_64_64_192,0
HSV,120_120_0_64_64_256,0
HSV,120_120_0_64_128_64,0
HSV,120_120_0_64_128_128,0
HSV,120_120_0_64_128_192,0
HSV,120_120_0_64_128_256,0
HSV,120_120_0_64_192_64,0
HSV,120_120_0_64_192_128,0
HSV,120_120_0_64_192_192,0
HSV,120_120_0_64_192_256,0
HSV,120_120_0_128_0_64,0
HSV,120_120_0_128_0_128,0
HSV,120_120_0_128_0_192,0
HSV,120_120_0_128_0_256,0
HSV,120_120_0_128_64_64,0
HSV,120_120_0_128_64_128,0
HSV,120_120_0_128_64_192,0
HSV,120_120_0_128_64_256,0
HSV,120_120_0_128_128_64,0
HSV,120_120_0_128_128_128,0
HSV,120_120_0_128_128_192,0
HSV,120_120_0_128_128_256,0
HSV,120_120_0_128_192_64,0
HSV,120_120_0_128_192_128,0
HSV,120_120_0_128_192_192,0
HSV,120_120_0_128_192_256,0
HSV,120_120_0_192_0_64,0
HSV,120_120_0_192_0_128,0
HSV,120_120_0_192_0_192,0
HSV,120_120_0_192_0_256,0
HSV,120_120_0_192_64_64,0
HSV,120_120_0_192_64_128,0
HSV,120_120_0_192_64_192,0
HSV,120_120_0_192_64_256,0
HSV,120_120_0_192_128_64,0
HSV,120_120_0_192_128_128,0
HSV,120_120_0_192_128_192,0
HSV,120_120_0_192_128_256,0
HSV,120_120_0_192_192_64,0
HSV,120_120_0_192_192_128,0
HSV,120_120_0_192_192_192,0
HSV,120_120_0_192_192_256,0
HSV,120_120_0_256_0_64,0
HSV,120_120_0_256_0_128,0
HSV,120_120_0_256_0_192,0
HSV,120_120_0_256_0_256,0
HSV,120_120_0_256_64_64,0
HSV,120_120_0_256_64_128,0
HSV,120_120_0_256_64_192,0
HSV,120_120_0_256_64_256,0
HSV,120_120_0_256_128_64,0
HSV,120_120_0_256_128_128,0
HSV,120_120_0_256_128_192,0
HSV,120_120_0_256_128_256,0
HSV,120_120_0_256_192_64,0
HSV,120_120_0_256_192_128,0
HSV,120_120_0_256_192_192,0
HSV,120_120_0_256_192_256,0
HSV,120_120_64_64_0_64,0
HSV,120_120_64_64_0_128,0
HSV,120_120_64_64_0_192,0
HSV,120_120_64_64_0_256,0
HSV,120_120_64_64_64_64,0
HSV,120_120_64_64_64_128,0
HSV,120_120_64_64_64_192,0
HSV,120_120_64_64_64_256,0
HSV,120_120_64_64_128_64,0
HSV,120_120_64_64_128_128,0
HSV,120_120_64_64_128_192,0
HSV,120_120_64_64_128_256,0
HSV,120_120_64_64_192_64,0
HSV,120_120_64_64_192_128,0
HSV,120_120_64_64_192_192,0
HSV,120_120_64_64_192_256,0
HSV,120_120_64_128_0_64,0
HSV,120_120_64_128_0_128,0
HSV,120_120_64_128_0_192,0
HSV,120_120_64_128_0_256,0
HSV,120_120_64_128_64_64,0
HSV,120_120_64_128_64_128,0
HSV,120_120_64_128_64_192,0
HSV,120_120_64_128_64_256,0
HSV,120_120_64_128_128_64,0
HSV,120_120_64_128_128_128,0
HSV,120_120_64_128_128_192,0
HSV,120_120_64_128_128_256,0
HSV,120_120_64_128_192_64,0
HSV,120_120_64_128_192_128,0
HSV,120_120_64_128_192_192,0
HSV,120_120_64_128_192_256,0
HSV,120_120_64_192_0_64,0
HSV,120_120_64_192_0_128,0
HSV,120_120_64_192_0_192,0
HSV,120_120_64_192_0_256,0
HSV,120_120_64_192_64_64,0
HSV,120_120_64_192_64_128,0
HSV,120_120_64_192_64_192,0
HSV,120_120_64_192_64_256,0
HSV,120_120_64_192_128_64,0
HSV,120_120_64_192_128_128,0
HSV,120_120_64_192_128_192,0
HSV,120_120_64_192_128_256,0
HSV,120_120_64_192_192_64,0
HSV,120_120_64_192_192_128,0
HSV,120_120_64_192_192_192,0
HSV,120_120_64_192_192_256,0
HSV,120_120_64_256_0_64,0
HSV,120_120_64_256_0_128,0
HSV,120_120_64_256_0_192,0
HSV,120_120_64_256_0_256,0
HSV,120_120_64_256_64_64,0
HSV,120_120_64_256_64_128,0
HSV,120_120_64_256_64_192,0
HSV,120_120_64_256_64_256,0
HSV,120_120_64_256_128_64,0
HSV,120_120_64_256_128_128,0
HSV,120_120_64_256_128_192,0
HSV,120_120_64_256_128_256,0
HSV,120_120_64_256_192_64,0
HSV,120_120_64_256_192_128,0
HSV,120_120_64_256_192_192,0
HSV,120_120_64_256_192_256,0
HSV,120_120_128_64_0_64,0
HSV,120_120_128_64_0_128,0
HSV,120_120_128_64_0_192,0
HSV,120_120_128_64_0_256,0
HSV,120_120_128_64_64_64,0
HSV,120_120_128_64_64_128,0
HSV,120_120_128_64_64_192,0
HSV,120_120_128_64_64_256,0
HSV,120_120_128_64_128_64,0
HSV,120_120_128_64_128_128,0
HSV,120_120_128_64_128_192,0
HSV,120_120_128_64_128_256,0
HSV,120_120_128_64_192_64,0
HSV,120_120_128_64_192_128,0
HSV,120_120_128_64_192_192,0
HSV,120_120_128_64_192_256,0
HSV,120_120_128_128_0_64,0
HSV,120_120_128_128_0_128,0
HSV,120_120_128_128_0_192,0
HSV,120_120_128_128_0_256,0
HSV,120_120_128_128_64_64,0
HSV,120_120_128_128_64_128,0
HSV,120_120_128_128_64_192,0
HSV,120_120_128_128_64_256,0
HSV,120_120_128_128_128_64,0
HSV,120_120_128_128_128_128,0
HSV,120_120_128_128_128_192,0
HSV,120_120_128_128_128_256,0
HSV,120_120_128_128_192_64,0
HSV,120_120_128_128_192_128,0
HSV,120_120_128_128_192_192,0
HSV,120_120_128_128_192_256,0
HSV,120_120_128_192_0_64,0
HSV,120_120_128_192_0_128,0
HSV,120_120_128_192_0_192,0
HSV,120_120_128_192_0_256,0
HSV,120_120_128_192_64_64,0
HSV,120_120_128_192_64_128,0
HSV,120_120_128_192_64_192,0
HSV,120_120_128_192_64_256,0
HSV,120_120_128_192_128_64,0
HSV,120_120_128_192_128_128,0
HSV,120_120_128_192_128_192,0
HSV,120_120_128_192_128_256,0
HSV,120_120_128_192_192_64,0
HSV,120_120_128_192_192_128,0
HSV,120_120_128_192_192_192,0
HSV,120_120_128_192_192_256,0
HSV,120_120_128_256_0_64,0
HSV,120_120_128_256_0_128,0
HSV,120_120_128_256_0_192,0
HSV,120_120_128_256_0_256,0
HSV,120_120_128_256_64_64,0
HSV,120_120_128_256_64_128,0
HSV,120_120_128_256_64_192,0
HSV,120_120_128_256_64_256,0
HSV,120_120_128_256_128_64,0
HSV,120_120_128_256_128_128,0
HSV,120_120_128_256_128_192,0
HSV,120_120_128_256_128_256,0
HSV,120_120_128_256_192_64,0
HSV,120_120_128_256_192_128,0
HSV,120_120_128_256_192_192,0
HSV,120_120_128_256_192_256,0
HSV,120_120_192_64_0_64,0
HSV,120_120_192_64_0_128,0
HSV,120_120_192_64_0_192,0
HSV,120_120_192_64_0_256,0
HSV,120_120_192_64_64_64,0
HSV,120_120_192_64_64_128,0
HSV,120_120_192_64_64_192,0
HSV,120_120_192_64_64_256,0
HSV,120_120_192_64_128_64,0
HSV,120_120_192_64_128_128,0
HSV,120_120_192_64_128_192,0
HSV,120_120_192_64_128_256,0
HSV,120_120_192_64_192_64,0
HSV,120_120_192_64_192_128,0
HSV,120_120_192_64_192_192,0
HSV,120_120_192_64_192_256,0
HSV,120_120_192_128_0_64,0
HSV,120_120_192_128_0_128,0
HSV,120_120_192_128_0_192,0
HSV,120_120_192_128_0_256,0
HSV,120_120_192_128_64_64,0
HSV,120_120_192_128_64_128,0
HSV,120_120_192_128_64_192,0
HSV,120_120_192_128_64_256,0
HSV,120_120_192_128_128_64,0
HSV,120_120_192_128_128_128,0
HSV,120_120_192_128_128_192,0
HSV,120_120_192_128_128_256,0
HSV,120_120_192_128_192_64,0
HSV,120_120_192_128_192_128,0
HSV,120_120_192_128_192_192,0
HSV,120_120_192_128_192_256,0
HSV,120_120_192_192_0_64,0
HSV,120_120_192_192_0_128,0
HSV,120_120_192_192_0_192,0
HSV,120_120_192_192_0_256,0
HSV,120_120_192_192_64_64,0
HSV,120_120_192_192_64_128,0
HSV,120_120_192_192_64_192,0
HSV,120_120_192_192_64_256,0
HSV,120_120_192_192_128_64,0
HSV,120_120_192_192_128_128,0
HSV,120_120_192_192_128_192,0
HSV,120_120_192_192_128_256,0
HSV,120_120_192_192_192_64,0
HSV,120_120_192_192_192_128,0
HSV,120_120_192_192_192_192,0
HSV,120_120_192_192_192_256,0
HSV,120_120_192_256_0_64,0
HSV,120_120_192_256_0_128,0
HSV,120_120_192_256_0_192,0
HSV,120_120_192_256_0_256,0
HSV,120_120_192_256_64_64,0
HSV,120_120_192_256_64_128,0
HSV,120_120_192_256_64_192,0
HSV,120_120_192_256_64_256,0
HSV,120_120_192_256_128_64,0
HSV,120_120_192_256_128_128,0
HSV,120_120_192_256_128_192,0
HSV,120_120_192_256_128_256,0
HSV,120_120_192_256_192_64,0
HSV,120_120_192_256_192_128,0
HSV,120_120_192_256_192_192,0
HSV,120_120_192_256_192_256,0
HSV,120_150_0_64_0_64,0
HSV,120_150_0_64_0_128,0
HSV,120_150_0_64_0_192,0
HSV,120_150_0_64_0_256,0
HSV,120_150_0_64_64_64,0
HSV,120_150_0_64_64_128,0
HSV,120_150_0_64_64_192,0
HSV,120_150_0_64_64_256,0
HSV,120_150_0_64_128_64,0
HSV,120_150_0_64_128_128,0
HSV,120_150_0_64_128_192,0
HSV,120_150_0_64_128_256,0
HSV,120_150_0_64_192_64,0
HSV,120_150_0_64_192_128,0
HSV,120_150_0_64_192_192,0
HSV,120_150_0_64_192_256,0
HSV,120_150_0_128_0_64,0
HSV,120_150_0_128_0_128,0
HSV,120_150_0_128_0_192,0
HSV,120_150_0_128_0_256,0
HSV,120_150_0_128_64_64,0
HSV,120_150_0_128_64_128,0
HSV,120_150_0_128_64_192,0
HSV,120_150_0_128_64_256,0
HSV,120_150_0_128_128_64,0
HSV,120_150_0_128_128_128,0
HSV,120_150_0_128_128_192,0
HSV,120_150_0_128_128_256,0
HSV,120_150_0_128_192_64,0
HSV,120_150_0_128_192_128,0
HSV,120_150_0_128_192_192,0
HSV,120_150_0_128_192_256,0
HSV,120_150_0_192_0_64,0
HSV,120_150_0_192_0_128,0
HSV,120_150_0_192_0_192,0
HSV,120_150_0_192_0_256,0
HSV,120_150_0_192_64_64,0
HSV,120_150_0_192_64_128,0
HSV,120_150_0_192_64_192,0
HSV,120_150_0_192_64_256,0
HSV,120_150_0_192_128_64,0
HSV,120_150_0_192_128_128,0
HSV,120_150_0_192_128_192,0
HSV,120_150_0_192_128_256,0
HSV,120_150_0_192_192_64,0
HSV,120_150_0_192_192_128,0
HSV,120_150_0_192_192_192,0
HSV,120_150_0_192_192_256,0
HSV,120_150_0_256_0_64,0
HSV,120_150_0_256_0_128,0
HSV,120_150_0_256_0_192,0
HSV,120_150_0_256_0_256,0
HSV,120_150_0_256_64_64,0
HSV,120_150_0_256_64_128,0
HSV,120_150_0_256_64_192,0
HSV,120_150_0_256_64_256,0
HSV,120_150_0_256_128_64,0
HSV,120_150_0_256_128_128,0
HSV,120_150_0_256_128_192,0
HSV,120_150_0_256_128_256,0
HSV,120_150_0_256_192_64,0
HSV,120_150_0_256_192_128,0
HSV,120_150_0_256_192_192,0
HSV,120_150_0_256_192_256,0
HSV,120_150_64_64_0_64,0
HSV,120_150_64_64_0_128,0
HSV,120_150_64_64_0_192,0
HSV,120_150_64_64_0_256,0
HSV,120_150_64_64_64_64,0
HSV,120_150_64_64_64_128,0
HSV,120_150_64_64_64_192,0
HSV,120_150_64_64_64_256,0
HSV,120_150_64_64_128_64,0
HSV,120_150_64_64_128_128,0
HSV,120_150_64_64_128_192,0
HSV,120_150_64_64_128_256,0
HSV,120_150_64_64_192_64,0
HSV,120_150_64_64_192_128,0
HSV,120_150_64_64_192_192,0
HSV,120_150_64_64_192_256,0
HSV,120_150_64_128_0_64,0
HSV,120_150_64_128_0_128,0
HSV,120_150_64_128_0_192,0
HSV,120_150_64_128_0_256,0
HSV,120_150_64_128_64_64,0
HSV,120_150_64_128_64_128,0
HSV,120_150_64_128_64_192,0
HSV,120_150_64_128_64_256,0
HSV,120_150_64_128_128_64,0
HSV,120_150_64_128_128_128,0
HSV,120_150_64_128_128_192,0
HSV,120_150_64_128_128_256,0
HSV,120_150_64_128_192_64,0
HSV,120_150_64_128_192_128,0
HSV,120_150_64_128_192_192,0
HSV,120_150_64_128_192_256,0
HSV,120_150_64_192_0_64,0
HSV,120_150_64_192_0_128,0
HSV,120_150_64_192_0_192,0
HSV,120_150_64_192_0_256,0
HSV,120_150_64_192_64_64,0
HSV,120_150_64_192_64_128,0
HSV,120_150_64_192_64_192,0
HSV,120_150_64_192_64_256,0
HSV,120_150_64_192_128_64,0
HSV,120_150_64_192_128_128,0
HSV,120_150_64_192_128_192,0
HSV,120_150_64_192_128_256,0
HSV,120_150_64_192_192_64,0
HSV,120_150_64_192_192_128,0
HSV,120_150_64_192_192_192,0
HSV,120_150_64_192_192_256,0
HSV,120_150_64_256_0_64,0
HSV,120_150_64_256_0_128,0
HSV,120_150_64_256_0_192,0
HSV,120_150_64_256_0_256,0
HSV,120_150_64_256_64_64,0
HSV,120_150_64_256_64_128,0
HSV,120_150_64_256_64_192,0
HSV,120_150_64_256_64_256,0
HSV,120_150_64_256_128_64,0
HSV,120_150_64_256_128_128,0
HSV,120_150_64_256_128_192,0
HSV,120_150_64_256_128_256,0
HSV,120_150_64_256_192_64,0
HSV,120_150_64_256_192_128,0
HSV,120_150_64_256_192_192,0
HSV,120_150_64_256_192_256,0
HSV,120_150_128_64_0_64,0
HSV,120_150_128_64_0_128,0
HSV,120_150_128_64_0_192,0
HSV,120_150_128_64_0_256,0
HSV,120_150_128_64_64_64,0
HSV,120_150_128_64_64_128,0
HSV,120_150_128_64_64_192,0
HSV,120_150_128_64_64_256,0
HSV,120_150_128_64_128_64,0
HSV,120_150_128_64_128_128,0
HSV,120_150_128_64_128_192,0
HSV,120_150_128_64_128_256,0
HSV,120_150_128_64_192_64,0
HSV,120_150_128_64_192_128,0
HSV,120_150_128_64_192_192,0
HSV,120_150_128_64_192_256,0
HSV,120_150_128_128_0_64,0
HSV,120_150_128_128_0_128,0
HSV,120_150_128_128_0_192,0
HSV,120_150_128_128_0_256,0
HSV,120_150_128_128_64_64,0
HSV,120_150_128_128_64_128,0
HSV,120_150_128_128_64_192,0
HSV,120_150_128_128_64_256,0
HSV,120_150_128_128_128_64,0
HSV,120_150_128_128_128_128,0
HSV,120_150_128_128_128_192,0
HSV,120_150_128_128_128_256,0
HSV,120_150_128_128_192_64,0
HSV,120_150_128_128_192_128,0
HSV,120_150_128_128_192_192,0
HSV,120_150_128_128_192_256,0
HSV,120_150_128_192_0_64,0
HSV,120_150_128_192_0_128,0
HSV,120_150_128_192_0_192,0
HSV,120_150_128_192_0_256,0
HSV,120_150_128_192_64_64,0
HSV,120_150_128_192_64_128,0
HSV,120_150_128_192_64_192,0
HSV,120_150_128_192_64_256,0
HSV,120_150_128_192_128_64,0
HSV,120_150_128_192_128_128,0
HSV,120_150_128_192_128_192,0
HSV,120_150_128_192_128_256,0
HSV,120_150_128_192_192_64,0
HSV,120_150_128_192_192_128,0
HSV,120_150_128_192_192_192,0
HSV,120_150_128_192_192_256,0
HSV,120_150_128_256_0_64,0
HSV,120_150_128_256_0_128,0
HSV,120_150_128_256_0_192,0
HSV,120_150_128_256_0_256,0
HSV,120_150_128_256_64_64,0
HSV,120_150_128_256_64_128,0
HSV,120_150_128_256_64_192,0
HSV,120_150_128_256_64_256,0
HSV,120_150_128_256_128_64,0
HSV,120_150_128_256_128_128,0
HSV,120_150_128_256_128_192,0
HSV,120_150_128_256_128_256,0
HSV,120_150_128_256_192_64,0
HSV,120_150_128_256_192_128,0
HSV,120_150_128_256_192_192,0
HSV,120_150_128_256_192_256,0
HSV,120_150_192_64_0_64,0
HSV,120_150_192_64_0_128,0
HSV,120_150_192_64_0_192,0
HSV,120_150_192_64_0_256,0
HSV,120_150_192_64_64_64,0
HSV,120_150_192_64_64_128,0
HSV,120_150_192_64_64_192,0
HSV,120_150_192_64_64_256,0
HSV,120_150_192_64_128_64,0
HSV,120_150_192_64_128_128,0
HSV,120_150_192_64_128_192,0
HSV,120_150_192_64_128_256,0
HSV,120_150_192_64_192_64,0
HSV,120_150_192_64_192_128,0
HSV,120_150_192_64_192_192,0
HSV,120_150_192_64_192_256,0
HSV,120_150_192_128_0_64,0
HSV,120_150_192_128_0_128,0
HSV,120_150_192_128_0_192,0
HSV,120_150_192_128_0_256,0
HSV,120_150_192_128_64_64,0
HSV,120_150_192_128_64_128,0
HSV,120_150_192_128_64_192,0
HSV,120_150_192_128_64_256,0
HSV,120_150_192_128_128_64,0
HSV,120_150_192_128_128_128,0
HSV,120_150_192_128_128_192,0
HSV,120_150_192_128_128_256,0
HSV,120_150_192_128_192_64,0
HSV,120_150_192_128_192_128,0
HSV,120_150_192_128_192_192,0
HSV,120_150_192_128_192_256,0
HSV,120_150_192_192_0_64,0
HSV,120_150_192_192_0_128,0
HSV,120_150_192_192_0_192,0
HSV,120_150_192_192_0_256,0
HSV,120_150_192_192_64_64,0
HSV,120_150_192_192_64_128,0
HSV,120_150_192_192_64_192,0
HSV,120_150_192_192_64_256,0
HSV,120_150_192_192_128_64,0
HSV,120_150_192_192_128_128,0
HSV,120_150_192_192_128_192,0
HSV,120_150_192_192_128_256,0
HSV,120_150_192_192_192_64,0
HSV,120_150_192_192_192_128,0
HSV,120_150_192_192_192_192,0
HSV,120_150_192_192_192_256,0
HSV,120_150_192_256_0_64,0
HSV,120_150_192_256_0_128,0
HSV,120_150_192_256_0_192,0
HSV,120_150_192_256_0_256,0
HSV,120_150_192_256_64_64,0
HSV,120_150_192_256_64_128,0
HSV,120_150_192_256_64_192,0
HSV,120_150_192_256_64_256,0
HSV,120_150_192_256_128_64,0
HSV,120_150_192_256_128_128,0
HSV,120_150_192_256_128_192,0
HSV,120_150_192_256_128_256,0
HSV,120_150_192_256_192_64,0
HSV,120_150_192_256_192_128,0
HSV,120_150_192_256_192_192,0
HSV,120_150_192_256_192_256,0
HSV,120_180_0_64_0_64,0
HSV,120_180_0_64_0_128,0
HSV,120_180_0_64_0_192,0
HSV,120_180_0_64_0_256,0
HSV,120_180_0_64_64_64,0
HSV,120_180_0_64_64_128,0
HSV,120_180_0_64_64_192,0
HSV,120_180_0_64_64_256,0
HSV,120_180_0_64_128_64,0
HSV,120_180_0_64_128_128,0
HSV,120_180_0_64_128_192,0
HSV,120_180_0_64_128_256,0
HSV,120_180_0_64_192_64,0
HSV,120_180_0_64_192_128,0
HSV,120_180_0_64_192_192,0
HSV,120_180_0_64_192_256,0
HSV,120_180_0_128_0_64,0
HSV,120_180_0_128_0_128,0
HSV,120_180_0_128_0_192,0
HSV,120_180_0_128_0_256,0
HSV,120_180_0_128_64_64,0
HSV,120_180_0_128_64_128,0
HSV,120_180_0_128_64_192,0
HSV,120_180_0_128_64_256,0
HSV,120_180_0_128_128_64,0
HSV,120_180_0_128_128_128,0
HSV,120_180_0_128_128_192,0
HSV,120_180_0_128_128_256,0
HSV,120_180_0_128_192_64,0
HSV,120_180_0_128_192_128,0
HSV,120_180_0_128_192_192,0
HSV,120_180_0_128_192_256,0
HSV,120_180_0_192_0_64,0
HSV,120_180_0_192_0_128,0
HSV,120_180_0_192_0_192,0
HSV,120_180_0_192_0_256,0
HSV,120_180_0_192_64_64,0
HSV,120_180_0_192_64_128,0
HSV,120_180_0_192_64_192,0
HSV,120_180_0_192_64_256,0
HSV,120_180_0_192_128_64,0
HSV,120_180_0_192_128_128,0
HSV,120_180_0_192_128_192,0
HSV,120_180_0_192_128_256,0
HSV,120_180_0_192_192_64,0
HSV,120_180_0_192_192_128,0
HSV,120_180_0_192_192_192,0
HSV,120_180_0_192_192_256,0
HSV,120_180_0_256_0_64,0
HSV,120_180_0_256_0_128,0
HSV,120_180_0_256_0_192,0
HSV,120_180_0_256_0_256,0
HSV,120_180_0_256_64_64,0
HSV,120_180_0_256_64_128,0
HSV,120_180_0_256_64_192,0
HSV,120_180_0_256_64_256,0
HSV,120_180_0_256_128_64,0
HSV,120_180_0_256_128_128,0
HSV,120_180_0_256_128_192,0
HSV,120_180_0_256_128_256,0
HSV,120_180_0_256_192_64,0
HSV,120_180_0_256_192_128,0
HSV,120_180_0_256_192_192,0
HSV,120_180_0_256_192_256,0
HSV,120_180_64_64_0_64,0
HSV,120_180_64_64_0_128,0
HSV,120_180_64_64_0_192,0
HSV,120_180_64_64_0_256,0
HSV,120_180_64_64_64_64,0
HSV,120_180_64_64_64_128,0
HSV,120_180_64_64_64_192,0
HSV,120_180_64_64_64_256,0
HSV,120_180_64_64_128_64,0
HSV,120_180_64_64_128_128,0
HSV,120_180_64_64_128_192,0
HSV,120_180_64_64_128_256,0
HSV,120_180_64_64_192_64,0
HSV,120_180_64_64_192_128,0
HSV,120_180_64_64_192_192,0
HSV,120_180_64_64_192_256,0
HSV,120_180_64_128_0_64,0
HSV,120_180_64_128_0_128,0
HSV,120_180_64_128_0_192,0
HSV,120_180_64_128_0_256,0
HSV,120_180_64_128_64_64,0
HSV,120_180_64_128_64_128,0
HSV,120_180_64_128_64_192,0
HSV,120_180_64_128_64_256,0
HSV,120_180_64_128_128_64,0
HSV,120_180_64_128_128_128,0
HSV,120_180_64_128_128_192,0
HSV,120_180_64_128_128_256,0
HSV,120_180_64_128_192_64,0
HSV,120_180_64_128_192_128,0
HSV,120_180_64_128_192_192,0
HSV,120_180_64_128_192_256,0
HSV,120_180_64_192_0_64,0
HSV,120_180_64_192_0_128,0
HSV,120_180_64_192_0_192,0
HSV,120_180_64_192_0_256,0
HSV,120_180_64_192_64_64,0
HSV,120_180_64_192_64_128,0
HSV,120_180_64_192_64_192,0
HSV,120_180_64_192_64_256,0
HSV,120_180_64_192_128_64,0
HSV,120_180_64_192_128_128,0
HSV,120_180_64_192_128_192,0
HSV,120_180_64_192_128_256,0
HSV,120_180_64_192_192_64,0
HSV,120_180_64_192_192_128,0
HSV,120_180_64_192_192_192,0
HSV,120_180_64_192_192_256,0
HSV,120_180_64_256_0_64,0
HSV,120_180_64_256_0_128,0
HSV,120_180_64_256_0_192,0
HSV,120_180_64_256_0_256,0
HSV,120_180_64_256_64_64,0
HSV,120_180_64_256_64_128,0
HSV,120_180_64_256_64_192,0
HSV,120_180_64_256_64_256,0
HSV,120_180_64_256_128_64,0
HSV,120_180_64_256_128_128,0
HSV,120_180_64_256_128_192,0
HSV,120_180_64_256_128_256,0
HSV,120_180_64_256_192_64,0
HSV,120_180_64_256_192_128,0
HSV,120_180_64_256_192_192,0
HSV,120_180_64_256_192_256,0
HSV,120_180_128_64_0_64,0
HSV,120_180_128_64_0_128,0
HSV,120_180_128_64_0_192,0
HSV,120_180_128_64_0_256,0
HSV,120_180_128_64_64_64,0
HSV,120_180_128_64_64_128,0
HSV,120_180_128_64_64_192,0
HSV,120_180_128_64_64_256,0
HSV,120_180_128_64_128_64,0
HSV,120_180_128_64_128_128,0
HSV,120_180_128_64_128_192,0
HSV,120_180_128_64_128_256,0
HSV,120_180_128_64_192_64,0
HSV,120_180_128_64_192_128,0
HSV,120_180_128_64_192_192,0
HSV,120_180_128_64_192_256,0
HSV,120_180_128_128_0_64,0
HSV,120_180_128_128_0_128,0
HSV,120_180_128_128_0_192,0
HSV,120_180_128_128_0_256,0
HSV,120_180_128_128_64_64,0
HSV,120_180_128_128_64_128,0
HSV,120_180_128_128_64_192,0
HSV,120_180_128_128_64_256,0
HSV,120_180_128_128_128_64,0
HSV,120_180_128_128_128_128,0
HSV,120_180_128_128_128_192,0
HSV,120_180_128_128_128_256,0
HSV,120_180_128_128_192_64,0
HSV,120_180_128_128_192_128,0
HSV,120_180_128_128_192_192,0
HSV,120_180_128_128_192_256,0
HSV,120_180_128_192_0_64,0
HSV,120_180_128_192_0_128,0
HSV,120_180_128_192_0_192,0
HSV,120_180_128_192_0_256,0
HSV,120_180_128_192_64_64,0
HSV,120_180_128_192_64_128,0
HSV,120_180_128_192_64_192,0
HSV,120_180_128_192_64_256,0
HSV,120_180_128_192_128_64,0
HSV,120_180_128_192_128_128,0
HSV,120_180_128_192_128_192,0
HSV,120_180_128_192_128_256,0
HSV,120_180_128_192_192_64,0
HSV,120_180_128_192_192_128,0
HSV,120_180_128_192_192_192,0
HSV,120_180_128_192_192_256,0
HSV,120_180_128_256_0_64,0
HSV,120_180_128_256_0_128,0
HSV,120_180_128_256_0_192,0
HSV,120_180_128_256_0_256,0
HSV,120_180_128_256_64_64,0
HSV,120_180_128_256_64_128,0
HSV,120_180_128_256_64_192,0
HSV,120_180_128_256_64_256,0
HSV,120_180_128_256_128_64,0
HSV,120_180_128_256_128_128,0
HSV,120_180_128_256_128_192,0
HSV,120_180_128_256_128_256,0
HSV,120_180_128_256_192_64,0
HSV,120_180_128_256_192_128,0
HSV,120_180_128_256_192_192,0
HSV,120_180_128_256_192_256,0
HSV,120_180_192_64_0_64,0
HSV,120_180_192_64_0_128,0
HSV,120_180_192_64_0_192,0
HSV,120_180_192_64_0_256,0
HSV,120_180_192_64_64_64,0
HSV,120_180_192_64_64_128,0
HSV,120_180_192_64_64_192,0
HSV,120_180_192_64_64_256,0
HSV,120_180_192_64_128_64,0
HSV,120_180_192_64_128_128,0
HSV,120_180_192_64_128_192,0
HSV,120_180_192_64_128_256,0
HSV,120_180_192_64_192_64,0
HSV,120_180_192_64_192_128,0
HSV,120_180_192_64_192_192,0
HSV,120_180_192_64_192_256,0
HSV,120_180_192_128_0_64,0
HSV,120_180_192_128_0_128,0
HSV,120_180_192_128_0_192,0
HSV,120_180_192_128_0_256,0
HSV,120_180_192_128_64_64,0
HSV,120_180_192_128_64_128,0
HSV,120_180_192_128_64_192,0
HSV,120_180_192_128_64_256,0
HSV,120_180_192_128_128_64,0
HSV,120_180_192_128_128_128,0
HSV,120_180_192_128_128_192,0
HSV,120_180_192_128_128_256,0
HSV,120_180_192_128_192_64,0
HSV,120_180_192_128_192_128,0
HSV,120_180_192_128_192_192,0
HSV,120_180_192_128_192_256,0
HSV,120_180_192_192_0_64,0
HSV,120_180_192_192_0_128,0
HSV,120_180_192_192_0_192,0
HSV,120_180_192_192_0_256,0
HSV,120_180_192_192_64_64,0
HSV,120_180_192_192_64_128,0
HSV,120_180_192_192_64_192,0
HSV,120_180_192_192_64_256,0
HSV,120_180_192_192_128_64,0
HSV,120_180_192_192_128_128,0
HSV,120_180_192_192_128_192,0
HSV,120_180_192_192_128_256,0
HSV,120_180_192_192_192_64,0
HSV,120_180_192_192_192_128,0
HSV,120_180_192_192_192_192,0
HSV,120_180_192_192_192_256,0
HSV,120_180_192_256_0_64,0
HSV,120_180_192_256_0_128,0
HSV,120_180_192_256_0_192,0
HSV,120_180_192_256_0_256,0
HSV,120_180_192_256_64_64,0
HSV,120_180_192_256_64_128,0
HSV,120_180_192_256_64_192,0
HSV,120_180_192_256_64_256,0
HSV,120_180_192_256_128_64,0
HSV,120_180_192_256_128_128,0
HSV,120_180_192_256_128_192,0
HSV,120_180_192_256_128_256,0
HSV,120_180_192_256_192_64,0
HSV,120_180_192_256_192_128,0
HSV,120_180_192_256_192_192,0
HSV,120_180_192_256_192_256,0
HSV,150_30_0_64_0_64,0
HSV,150_30_0_64_0_128,0
HSV,150_30_0_64_0_192,0
HSV,150_30_0_64_0_256,0
HSV,150_30_0_64_64_64,0
HSV,150_30_0_64_64_128,0
HSV,150_30_0_64_64_192,0
HSV,150_30_0_64_64_256,0
HSV,150_30_0_64_128_64,0
HSV,150_30_0_64_128_128,0
HSV,150_30_0_64_128_192,0
HSV,150_30_0_64_128_256,0
HSV,150_30_0_64_192_64,0
HSV,150_30_0_64_192_128,0
HSV,150_30_0_64_192_192,0
HSV,150_30_0_64_192_256,0
HSV,150_30_0_128_0_64,0
HSV,150_30_0_128_0_128,0
HSV,150_30_0_128_0_192,0
HSV,150_30_0_128_0_256,0
HSV,150_30_0_128_64_64,0
HSV,150_30_0_128_64_128,0
HSV,150_30_0_128_64_192,0
HSV,150_30_0_128_64_256,0
HSV,150_30_0_128_128_64,0
HSV,150_30_0_128_128_128,0
HSV,150_30_0_128_128_192,0
HSV,150_30_0_128_128_256,0
HSV,150_30_0_128_192_64,0
HSV,150_30_0_128_192_128,0
HSV,150_30_0_128_192_192,0
HSV,150_30_0_128_192_256,0
HSV,150_30_0_192_0_64,0
HSV,150_30_0_192_0_128,0
HSV,150_30_0_192_0_192,0
HSV,150_30_0_192_0_256,0
HSV,150_30_0_192_64_64,0
HSV,150_30_0_192_64_128,0
HSV,150_30_0_192_64_192,0
HSV,150_30_0_192_64_256,0
HSV,150_30_0_192_128_64,0
HSV,150_30_0_192_128_128,0
HSV,150_30_0_192_128_192,0
HSV,150_30_0_192_128_256,0
HSV,150_30_0_192_192_64,0
HSV,150_30_0_192_192_128,0
HSV,150_30_0_192_192_192,0
HSV,150_30_0_192_192_256,0
HSV,150_30_0_256_0_64,0
HSV,150_30_0_256_0_128,0
HSV,150_30_0_256_0_192,0
HSV,150_30_0_256_0_256,0
HSV,150_30_0_256_64_64,0
HSV,150_30_0_256_64_128,0
HSV,150_30_0_256_64_192,0
HSV,150_30_0_256_64_256,0
HSV,150_30_0_256_128_64,0
HSV,150_30_0_256_128_128,0
HSV,150_30_0_256_128_192,0
HSV,150_30_0_256_128_256,0
HSV,150_30_0_256_192_64,0
HSV,150_30_0_256_192_128,0
HSV,150_30_0_256_192_192,0
HSV,150_30_0_256_192_256,0
HSV,150_30_64_64_0_64,0
HSV,150_30_64_64_0_128,0
HSV,150_30_64_64_0_192,0
HSV,150_30_64_64_0_256,0
HSV,150_30_64_64_64_64,0
HSV,150_30_64_64_64_128,0
HSV,150_30_64_64_64_192,0
HSV,150_30_64_64_64_256,0
HSV,150_30_64_64_128_64,0
HSV,150_30_64_64_128_128,0
HSV,150_30_64_64_128_192,0
HSV,150_30_64_64_128_256,0
HSV,150_30_64_64_192_64,0
HSV,150_30_64_64_192_128,0
HSV,150_30_64_64_192_192,0
HSV,150_30_64_64_192_256,0
HSV,150_30_64_128_0_64,0
HSV,150_30_64_128_0_128,0
HSV,150_30_64_128_0_192,0
HSV,150_30_64_128_0_256,0
HSV,150_30_64_128_64_64,0
HSV,150_30_64_128_64_128,0
HSV,150_30_64_128_64_192,0
HSV,150_30_64_128_64_256,0
HSV,150_30_64_128_128_64,0
HSV,150_30_64_128_128_128,0
HSV,150_30_64_128_128_192,0
HSV,150_30_64_128_128_256,0
HSV,150_30_64_128_192_64,0
HSV,150_30_64_128_192_128,0
HSV,150_30_64_128_192_192,0
HSV,150_30_64_128_192_256,0
HSV,150_30_64_192_0_64,0
HSV,150_30_64_192_0_128,0
HSV,150_30_64_192_0_192,0
HSV,150_30_64_192_0_256,0
HSV,150_30_64_192_64_64,0
HSV,150_30_64_192_64_128,0
HSV,150_30_64_192_64_192,0
HSV,150_30_64_192_64_256,0
HSV,150_30_64_192_128_64,0
HSV,150_30_64_192_128_128,0
HSV,150_30_64_192_128_192,0
HSV,150_30_64_192_128_256,0
HSV,150_30_64_192_192_64,0
HSV,150_30_64_192_192_128,0
HSV,150_30_64_192_192_192,0
HSV,150_30_64_192_192_256,0
HSV,150_30_64_256_0_64,0
HSV,150_30_64_256_0_128,0
HSV,150_30_64_256_0_192,0
HSV,150_30_64_256_0_256,0
HSV,150_30_64_256_64_64,0
HSV,150_30_64_256_64_128,0
HSV,150_30_64_256_64_192,0
HSV,150_30_64_256_64_256,0
HSV,150_30_64_256_128_64,0
HSV,150_30_64_256_128_128,0
HSV,150_30_64_256_128_192,0
HSV,150_30_64_256_128_256,0
HSV,150_30_64_256_192_64,0
HSV,150_30_64_256_192_128,0
HSV,150_30_64_256_192_192,0
HSV,150_30_64_256_192_256,0
HSV,150_30_128_64_0_64,0
HSV,150_30_128_64_0_128,0
HSV,150_30_128_64_0_192,0
HSV,150_30_128_64_0_256,0
HSV,150_30_128_64_64_64,0
HSV,150_30_128_64_64_128,0
HSV,150_30_128_64_64_192,0
HSV,150_30_128_64_64_256,0
HSV,150_30_128_64_128_64,0
HSV,150_30_128_64_128_128,0
HSV,150_30_128_64_128_192,0
HSV,150_30_128_64_128_256,0
HSV,150_30_128_64_192_64,0
HSV,150_30_128_64_192_128,0
HSV,150_30_128_64_192_192,0
HSV,150_30_128_64_192_256,0
HSV,150_30_128_128_0_64,0
HSV,150_30_128_128_0_128,0
HSV,150_30_128_128_0_192,0
HSV,150_30_128_128_0_256,0
HSV,150_30_128_128_64_64,0
HSV,150_30_128_128_64_128,0
HSV,150_30_128_128_64_192,0
HSV,150_30_128_128_64_256,0
HSV,150_30_128_128_128_64,0
HSV,150_30_128_128_128_128,0
HSV,150_30_128_128_128_192,0
HSV,150_30_128_128_128_256,0
HSV,150_30_128_128_192_64,0
HSV,150_30_128_128_192_128,0
HSV,150_30_128_128_192_192,0
HSV,150_30_128_128_192_256,0
HSV,150_30_128_192_0_64,0
HSV,150_30_128_192_0_128,0
HSV,150_30_128_192_0_192,0
HSV,150_30_128_192_0_256,0
HSV,150_30_128_192_64_64,0
HSV,150_30_128_192_64_128,0
HSV,150_30_128_192_64_192,0
HSV,150_30_128_192_64_256,0
HSV,150_30_128_192_128_64,0
HSV,150_30_128_192_128_128,0
HSV,150_30_128_192_128_192,0
HSV,150_30_128_192_128_256,0
HSV,150_30_128_192_192_64,0
HSV,150_30_128_192_192_128,0
HSV,150_30_128_192_192_192,0
HSV,150_30_128_192_192_256,0
HSV,150_30_128_256_0_64,0
HSV,150_30_128_256_0_128,0
HSV,150_30_128_256_0_192,0
HSV,150_30_128_256_0_256,0
HSV,150_30_128_256_64_64,0
HSV,150_30_128_256_64_128,0
HSV,150_30_128_256_64_192,0
HSV,150_30_128_256_64_256,0
HSV,150_30_128_256_128_64,0
HSV,150_30_128_256_128_128,0
HSV,150_30_128_256_128_192,0
HSV,150_30_128_256_128_256,0
HSV,150_30_128_256_192_64,0
HSV,150_30_128_256_192_128,0
HSV,150_30_128_256_192_192,0
HSV,150_30_128_256_192_256,0
HSV,150_30_192_64_0_64,0
HSV,150_30_192_64_0_128,0
HSV,150_30_192_64_0_192,0
HSV,150_30_192_64_0_256,0
HSV,150_30_192_64_64_64,0
HSV,150_30_192_64_64_128,0
HSV,150_30_192_64_64_192,0
HSV,150_30_192_64_64_256,0
HSV,150_30_192_64_128_64,0
HSV,150_30_192_64_128_128,0
HSV,150_30_192_64_128_192,0
HSV,150_30_192_64_128_256,0
HSV,150_30_192_64_192_64,0
HSV,150_30_192_64_192_128,0
HSV,150_30_192_64_192_192,0
HSV,150_30_192_64_192_256,0
HSV,150_30_192_128_0_64,0
HSV,150_30_192_128_0_128,0
HSV,150_30_192_128_0_192,0
HSV,150_30_192_128_0_256,0
HSV,150_30_192_128_64_64,0
HSV,150_30_192_128_64_128,0
HSV,150_30_192_128_64_192,0
HSV,150_30_192_128_64_256,0
HSV,150_30_192_128_128_64,0
HSV,150_30_192_128_128_128,0
HSV,150_30_192_128_128_192,0
HSV,150_30_192_128_128_256,0
HSV,150_30_192_128_192_64,0
HSV,150_30_192_128_192_128,0
HSV,150_30_192_128_192_192,0
HSV,150_30_192_128_192_256,0
HSV,150_30_192_192_0_64,0
HSV,150_30_192_192_0_128,0
HSV,150_30_192_192_0_192,0
HSV,150_30_192_192_0_256,0
HSV,150_30_192_192_64_64,0
HSV,150_30_192_192_64_128,0
HSV,150_30_192_192_64_192,0
HSV,150_30_192_192_64_256,0
HSV,150_30_192_192_128_64,0
HSV,150_30_192_192_128_128,0
HSV,150_30_192_192_128_192,0
HSV,150_30_192_192_128_256,0
HSV,150_30_192_192_192_64,0
HSV,150_30_192_192_192_128,0
HSV,150_30_192_192_192_192,0
HSV,150_30_192_192_192_256,0
HSV,150_30_192_256_0_64,0
HSV,150_30_192_256_0_128,0
HSV,150_30_192_256_0_192,0
HSV,150_30_192_256_0_256,0
HSV,150_30_192_256_64_64,0
HSV,150_30_192_256_64_128,0
HSV,150_30_192_256_64_192,0
HSV,150_30_192_256_64_256,0
HSV,150_30_192_256_128_64,0
HSV,150_30_192_256_128_128,0
HSV,150_30_192_256_128_192,0
HSV,150_30_192_256_128_256,0
HSV,150_30_192_256_192_64,0
HSV,150_30_192_256_192_128,0
HSV,150_30_192_256_192_192,0
HSV,150_30_192_256_192_256,0
HSV,150_60_0_64_0_64,0
HSV,150_60_0_64_0_128,0
HSV,150_60_0_64_0_192,0
HSV,150_60_0_64_0_256,0
HSV,150_60_0_64_64_64,0
HSV,150_60_0_64_64_128,0
HSV,150_60_0_64_64_192,0
HSV,150_60_0_64_64_256,0
HSV,150_60_0_64_128_64,0
HSV,150_60_0_64_128_128,0
HSV,150_60_0_64_128_192,0
HSV,150_60_0_64_128_256,0
HSV,150_60_0_64_192_64,0
HSV,150_60_0_64_192_128,0
HSV,150_60_0_64_192_192,0
HSV,150_60_0_64_192_256,0
HSV,150_60_0_128_0_64,0
HSV,150_60_0_128_0_128,0
HSV,150_60_0_128_0_192,0
HSV,150_60_0_128_0_256,0
HSV,150_60_0_128_64_64,0
HSV,150_60_0_128_64_128,0
HSV,150_60_0_128_64_192,0
HSV,150_60_0_128_64_256,0
HSV,150_60_0_128_128_64,0
HSV,150_60_0_128_128_128,0
HSV,150_60_0_128_128_192,0
HSV,150_60_0_128_128_256,0
HSV,150_60_0_128_192_64,0
HSV,150_60_0_128_192_128,0
HSV,150_60_0_128_192_192,0
HSV,150_60_0_128_192_256,0
HSV,150_60_0_192_0_64,0
HSV,150_60_0_192_0_128,0
HSV,150_60_0_192_0_192,0
HSV,150_60_0_192_0_256,0
HSV,150_60_0_192_64_64,0
HSV,150_60_0_192_64_128,0
HSV,150_60_0_192_64_192,0
HSV,150_60_0_192_64_256,0
HSV,150_60_0_192_128_64,0
HSV,150_60_0_192_128_128,0
HSV,150_60_0_192_128_192,0
HSV,150_60_0_192_128_256,0
HSV,150_60_0_192_192_64,0
HSV,150_60_0_192_192_128,0
HSV,150_60_0_192_192_192,0
HSV,150_60_0_192_192_256,0
HSV,150_60_0_256_0_64,0
HSV,150_60_0_256_0_128,0
HSV,150_60_0_256_0_192,0
HSV,150_60_0_256_0_256,0
HSV,150_60_0_256_64_64,0
HSV,150_60_0_256_64_128,0
HSV,150_60_0_256_64_192,0
HSV,150_60_0_256_64_256,0
HSV,150_60_0_256_128_64,0
HSV,150_60_0_256_128_128,0
HSV,150_60_0_256_128_192,0
HSV,150_60_0_256_128_256,0
HSV,150_60_0_256_192_64,0
HSV,150_60_0_256_192_128,0
HSV,150_60_0_256_192_192,0
HSV,150_60_0_256_192_256,0
HSV,150_60_64_64_0_64,0
HSV,150_60_64_64_0_128,0
HSV,150_60_64_64_0_192,0
HSV,150_60_64_64_0_256,0
HSV,150_60_64_64_64_64,0
HSV,150_60_64_64_64_128,0
HSV,150_60_64_64_64_192,0
HSV,150_60_64_64_64_256,0
HSV,150_60_64_64_128_64,0
HSV,150_60_64_64_128_128,0
HSV,150_60_64_64_128_192,0
HSV,150_60_64_64_128_256,0
HSV,150_60_64_64_192_64,0
HSV,150_60_64_64_192_128,0
HSV,150_60_64_64_192_192,0
HSV,150_60_64_64_192_256,0
HSV,150_60_64_128_0_64,0
HSV,150_60_64_128_0_128,0
HSV,150_60_64_128_0_192,0
HSV,150_60_64_128_0_256,0
HSV,150_60_64_128_64_64,0
HSV,150_60_64_128_64_128,0
HSV,150_60_64_128_64_192,0
HSV,150_60_64_128_64_256,0
HSV,150_60_64_128_128_64,0
HSV,150_60_64_128_128_128,0
HSV,150_60_64_128_128_192,0
HSV,150_60_64_128_128_256,0
HSV,150_60_64_128_192_64,0
HSV,150_60_64_128_192_128,0
HSV,150_60_64_128_192_192,0
HSV,150_60_64_128_192_256,0
HSV,150_60_64_192_0_64,0
HSV,150_60_64_192_0_128,0
HSV,150_60_64_192_0_192,0
HSV,150_60_64_192_0_256,0
HSV,150_60_64_192_64_64,0
HSV,150_60_64_192_64_128,0
HSV,150_60_64_192_64_192,0
HSV,150_60_64_192_64_256,0
HSV,150_60_64_192_128_64,0
HSV,150_60_64_192_128_128,0
HSV,150_60_64_192_128_192,0
HSV,150_60_64_192_128_256,0
HSV,150_60_64_192_192_64,0
HSV,150_60_64_192_192_128,0
HSV,150_60_64_192_192_192,0
HSV,150_60_64_192_192_256,0
HSV,150_60_64_256_0_64,0
HSV,150_60_64_256_0_128,0
HSV,150_60_64_256_0_192,0
HSV,150_60_64_256_0_256,0
HSV,150_60_64_256_64_64,0
HSV,150_60_64_256_64_128,0
HSV,150_60_64_256_64_192,0
HSV,150_60_64_256_64_256,0
HSV,150_60_64_256_128_64,0
HSV,150_60_64_256_128_128,0
HSV,150_60_64_256_128_192,0
HSV,150_60_64_256_128_256,0
HSV,150_60_64_256_192_64,0
HSV,150_60_64_256_192_128,0
HSV,150_60_64_256_192_192,0
HSV,150_60_64_256_192_256,0
HSV,150_60_128_64_0_64,0
HSV,150_60_128_64_0_128,0
HSV,150_60_128_64_0_192,0
HSV,150_60_128_64_0_256,0
HSV,150_60_128_64_64_64,0
HSV,150_60_128_64_64_128,0
HSV,150_60_128_64_64_192,0
HSV,150_60_128_64_64_256,0
HSV,150_60_128_64_128_64,0
HSV,150_60_128_64_128_128,0
HSV,150_60_128_64_128_192,0
HSV,150_60_128_64_128_256,0
HSV,150_60_128_64_192_64,0
HSV,150_60_128_64_192_128,0
HSV,150_60_128_64_192_192,0
HSV,150_60_128_64_192_256,0
HSV,150_60_128_128_0_64,0
HSV,150_60_128_128_0_128,0
HSV,150_60_128_128_0_192,0
HSV,150_60_128_128_0_256,0
HSV,150_60_128_128_64_64,0
HSV,150_60_128_128_64_128,0
HSV,150_60_128_128_64_192,0
HSV,150_60_128_128_64_256,0
HSV,150_60_128_128_128_64,0
HSV,150_60_128_128_128_128,0
HSV,150_60_128_128_128_192,0
HSV,150_60_128_128_128_256,0
HSV,150_60_128_128_192_64,0
HSV,150_60_128_128_192_128,0
HSV,150_60_128_128_192_192,0
HSV,150_60_128_128_192_256,0
HSV,150_60_128_192_0_64,0
HSV,150_60_128_192_0_128,0
HSV,150_60_128_192_0_192,0
HSV,150_60_128_192_0_256,0
HSV,150_60_128_192_64_64,0
HSV,150_60_128_192_64_128,0
HSV,150_60_128_192_64_192,0
HSV,150_60_128_192_64_256,0
HSV,150_60_128_192_128_64,0
HSV,150_60_128_192_128_128,0
HSV,150_60_128_192_128_192,0
HSV,150_60_128_192_128_256,0
HSV,150_60_128_192_192_64,0
HSV,150_60_128_192_192_128,0
HSV,150_60_128_192_192_192,0
HSV,150_60_128_192_192_256,0
HSV,150_60_128_256_0_64,0
HSV,150_60_128_256_0_128,0
HSV,150_60_128_256_0_192,0
HSV,150_60_128_256_0_256,0
HSV,150_60_128_256_64_64,0
HSV,150_60_128_256_64_128,0
HSV,150_60_128_256_64_192,0
HSV,150_60_128_256_64_256,0
HSV,150_60_128_256_128_64,0
HSV,150_60_128_256_128_128,0
HSV,150_60_128_256_128_192,0
HSV,150_60_128_256_128_256,0
HSV,150_60_128_256_192_64,0
HSV,150_60_128_256_192_128,0
HSV,150_60_128_256_192_192,0
HSV,150_60_128_256_192_256,0
HSV,150_60_192_64_0_64,0
HSV,150_60_192_64_0_128,0
HSV,150_60_192_64_0_192,0
HSV,150_60_192_64_0_256,0
HSV,150_60_192_64_64_64,0
HSV,150_60_192_64_64_128,0
HSV,150_60_192_64_64_192,0
HSV,150_60_192_64_64_256,0
HSV,150_60_192_64_128_64,0
HSV,150_60_192_64_128_128,0
HSV,150_60_192_64_128_192,0
HSV,150_60_192_64_128_256,0
HSV,150_60_192_64_192_64,0
HSV,150_60_192_64_192_128,0
HSV,150_60_192_64_192_192,0
HSV,150_60_192_64_192_256,0
HSV,150_60_192_128_0_64,0
HSV,150_60_192_128_0_128,0
HSV,150_60_192_128_0_192,0
HSV,150_60_192_128_0_256,0
HSV,150_60_192_128_64_64,0
HSV,150_60_192_128_64_128,0
HSV,150_60_192_128_64_192,0
HSV,150_60_192_128_64_256,0
HSV,150_60_192_128_128_64,0
HSV,150_60_192_128_128_128,0
HSV,150_60_192_128_128_192,0
HSV,150_60_192_128_128_256,0
HSV,150_60_192_128_192_64,0
HSV,150_60_192_128_192_128,0
HSV,150_60_192_128_192_192,0
HSV,150_60_192_128_192_256,0
HSV,150_60_192_192_0_64,0
HSV,150_60_192_192_0_128,0
HSV,150_60_192_192_0_192,0
HSV,150_60_192_192_0_256,0
HSV,150_60_192_192_64_64,0
HSV,150_60_192_192_64_128,0
HSV,150_60_192_192_64_192,0
HSV,150_60_192_192_64_256,0
HSV,150_60_192_192_128_64,0
HSV,150_60_192_192_128_128,0
HSV,150_60_192_192_128_192,0
HSV,150_60_192_192_128_256,0
HSV,150_60_192_192_192_64,0
HSV,150_60_192_192_192_128,0
HSV,150_60_192_192_192_192,0
HSV,150_60_192_192_192_256,0
HSV,150_60_192_256_0_64,0
HSV,150_60_192_256_0_128,0
HSV,150_60_192_256_0_192,0
HSV,150_60_192_256_0_256,0
HSV,150_60_192_256_64_64,0
HSV,150_60_192_256_64_128,0
HSV,150_60_192_256_64_192,0
HSV,150_60_192_256_64_256,0
HSV,150_60_192_256_128_64,0
HSV,150_60_192_256_128_128,0
HSV,150_60_192_256_128_192,0
HSV,150_60_192_256_128_256,0
HSV,150_60_192_256_192_64,0
HSV,150_60_192_256_192_128,0
HSV,150_60_192_256_192_192,0
HSV,150_60_192_256_192_256,0
HSV,150_90_0_64_0_64,0
HSV,150_90_0_64_0_128,0
HSV,150_90_0_64_0_192,0
HSV,150_90_0_64_0_256,0
HSV,150_90_0_64_64_64,0
HSV,150_90_0_64_64_128,0
HSV,150_90_0_64_64_192,0
HSV,150_90_0_64_64_256,0
HSV,150_90_0_64_128_64,0
HSV,150_90_0_64_128_128,0
HSV,150_90_0_64_128_192,0
HSV,150_90_0_64_128_256,0
HSV,150_90_0_64_192_64,0
HSV,150_90_0_64_192_128,0
HSV,150_90_0_64_192_192,0
HSV,150_90_0_64_192_256,0
HSV,150_90_0_128_0_64,0
HSV,150_90_0_128_0_128,0
HSV,150_90_0_128_0_192,0
HSV,150_90_0_128_0_256,0
HSV,150_90_0_128_64_64,0
HSV,150_90_0_128_64_128,0
HSV,150_90_0_128_64_192,0
HSV,150_90_0_128_64_256,0
HSV,150_90_0_128_128_64,0
HSV,150_90_0_128_128_128,0
HSV,150_90_0_128_128_192,0
HSV,150_90_0_128_128_256,0
HSV,150_90_0_128_192_64,0
HSV,150_90_0_128_192_128,0
HSV,150_90_0_128_192_192,0
HSV,150_90_0_128_192_256,0
HSV,150_90_0_192_0_64,0
HSV,150_90_0_192_0_128,0
HSV,150_90_0_192_0_192,0
HSV,150_90_0_192_0_256,0
HSV,150_90_0_192_64_64,0
HSV,150_90_0_192_64_128,0
HSV,150_90_0_192_64_192,0
HSV,150_90_0_192_64_256,0
HSV,150_90_0_192_128_64,0
HSV,150_90_0_192_128_128,0
HSV,150_90_0_192_128_192,0
HSV,150_90_0_192_128_256,0
HSV,150_90_0_192_192_64,0
HSV,150_90_0_192_192_128,0
HSV,150_90_0_192_192_192,0
HSV,150_90_0_192_192_256,0
HSV,150_90_0_256_0_64,0
HSV,150_90_0_256_0_128,0
HSV,150_90_0_256_0_192,0
HSV,150_90_0_256_0_256,0
HSV,150_90_0_256_64_64,0
HSV,150_90_0_256_64_128,0
HSV,150_90_0_256_64_192,0
HSV,150_90_0_256_64_256,0
HSV,150_90_0_256_128_64,0
HSV,150_90_0_256_128_128,0
HSV,150_90_0_256_128_192,0
HSV,150_90_0_256_128_256,0
HSV,150_90_0_256_192_64,0
HSV,150_90_0_256_192_128,0
HSV,150_90_0_256_192_192,0
HSV,150_90_0_256_192_256,0
HSV,150_90_64_64_0_64,0
HSV,150_90_64_64_0_128,0
HSV,150_90_64_64_0_192,0
HSV,150_90_64_64_0_256,0
HSV,150_90_64_64_64_64,0
HSV,150_90_64_64_64_128,0
HSV,150_90_64_64_64_192,0
HSV,150_90_64_64_64_256,0
HSV,150_90_64_64_128_64,0
HSV,150_90_64_64_128_128,0
HSV,150_90_64_64_128_192,0
HSV,150_90_64_64_128_256,0
HSV,150_90_64_64_192_64,0
HSV,150_90_64_64_192_128,0
HSV,150_90_64_64_192_192,0
HSV,150_90_64_64_192_256,0
HSV,150_90_64_128_0_64,0
HSV,150_90_64_128_0_128,0
HSV,150_90_64_128_0_192,0
HSV,150_90_64_128_0_256,0
HSV,150_90_64_128_64_64,0
HSV,150_90_64_128_64_128,0
HSV,150_90_64_128_64_192,0
HSV,150_90_64_128_64_256,0
HSV,150_90_64_128_128_64,0
HSV,150_90_64_128_128_128,0
HSV,150_90_64_128_128_192,0
HSV,150_90_64_128_128_256,0
HSV,150_90_64_128_192_64,0
HSV,150_90_64_128_192_128,0
HSV,150_90_64_128_192_192,0
HSV,150_90_64_128_192_256,0
HSV,150_90_64_192_0_64,0
HSV,150_90_64_192_0_128,0
HSV,150_90_64_192_0_192,0
HSV,150_90_64_192_0_256,0
HSV,150_90_64_192_64_64,0
HSV,150_90_64_192_64_128,0
HSV,150_90_64_192_64_192,0
HSV,150_90_64_192_64_256,0
HSV,150_90_64_192_128_64,0
HSV,150_90_64_192_128_128,0
HSV,150_90_64_192_128_192,0
HSV,150_90_64_192_128_256,0
HSV,150_90_64_192_192_64,0
HSV,150_90_64_192_192_128,0
HSV,150_90_64_192_192_192,0
HSV,150_90_64_192_192_256,0
HSV,150_90_64_256_0_64,0
HSV,150_90_64_256_0_128,0
HSV,150_90_64_256_0_192,0
HSV,150_90_64_256_0_256,0
HSV,150_90_64_256_64_64,0
HSV,150_90_64_256_64_128,0
HSV,150_90_64_256_64_192,0
HSV,150_90_64_256_64_256,0
HSV,150_90_64_256_128_64,0
HSV,150_90_64_256_128_128,0
HSV,150_90_64_256_128_192,0
HSV,150_90_64_256_128_256,0
HSV,150_90_64_256_192_64,0
HSV,150_90_64_256_192_128,0
HSV,150_90_64_256_192_192,0
HSV,150_90_64_256_192_256,0
HSV,150_90_128_64_0_64,0
HSV,150_90_128_64_0_128,0
HSV,150_90_128_64_0_192,0
HSV,150_90_128_64_0_256,0
HSV,150_90_128_64_64_64,0
HSV,150_90_128_64_64_128,0
HSV,150_90_128_64_64_192,0
HSV,150_90_128_64_64_256,0
HSV,150_90_128_64_128_64,0
HSV,150_90_128_64_128_128,0
HSV,150_90_128_64_128_192,0
HSV,150_90_128_64_128_256,0
HSV,150_90_128_64_192_64,0
HSV,150_90_128_64_192_128,0
HSV,150_90_128_64_192_192,0
HSV,150_90_128_64_192_256,0
HSV,150_90_128_128_0_64,0
HSV,150_90_128_128_0_128,0
HSV,150_90_128_128_0_192,0
HSV,150_90_128_128_0_256,0
HSV,150_90_128_128_64_64,0
HSV,150_90_128_128_64_128,0
HSV,150_90_128_128_64_192,0
HSV,150_90_128_128_64_256,0
HSV,150_90_128_128_128_64,0
HSV,150_90_128_128_128_128,0
HSV,150_90_128_128_128_192,0
HSV,150_90_128_128_128_256,0
HSV,150_90_128_128_192_64,0
HSV,150_90_128_128_192_128,0
HSV,150_90_128_128_192_192,0
HSV,150_90_128_128_192_256,0
HSV,150_90_128_192_0_64,0
HSV,150_90_128_192_0_128,0
HSV,150_90_128_192_0_192,0
HSV,150_90_128_192_0_256,0
HSV,150_90_128_192_64_64,0
HSV,150_90_128_192_64_128,0
HSV,150_90_128_192_64_192,0
HSV,150_90_128_192_64_256,0
HSV,150_90_128_192_128_64,0
HSV,150_90_128_192_128_128,0
HSV,150_90_128_192_128_192,0
HSV,150_90_128_192_128_256,0
HSV,150_90_128_192_192_64,0
HSV,150_90_128_192_192_128,0
HSV,150_90_128_192_192_192,0
HSV,150_90_128_192_192_256,0
HSV,150_90_128_256_0_64,0
HSV,150_90_128_256_0_128,0
HSV,150_90_128_256_0_192,0
HSV,150_90_128_256_0_256,0
HSV,150_90_128_256_64_64,0
HSV,150_90_128_256_64_128,0
HSV,150_90_128_256_64_192,0
HSV,150_90_128_256_64_256,0
HSV,150_90_128_256_128_64,0
HSV,150_90_128_256_128_128,0
HSV,150_90_128_256_128_192,0
HSV,150_90_128_256_128_256,0
HSV,150_90_128_256_192_64,0
HSV,150_90_128_256_192_128,0
HSV,150_90_128_256_192_192,0
HSV,150_90_128_256_192_256,0
HSV,150_90_192_64_0_64,0
HSV,150_90_192_64_0_128,0
HSV,150_90_192_64_0_192,0
HSV,150_90_192_64_0_256,0
HSV,150_90_192_64_64_64,0
HSV,150_90_192_64_64_128,0
HSV,150_90_192_64_64_192,0
HSV,150_90_192_64_64_256,0
HSV,150_90_192_64_128_64,0
HSV,150_90_192_64_128_128,0
HSV,150_90_192_64_128_192,0
HSV,150_90_192_64_128_256,0
HSV,150_90_192_64_192_64,0
HSV,150_90_192_64_192_128,0
HSV,150_90_192_64_192_192,0
HSV,150_90_192_64_192_256,0
HSV,150_90_192_128_0_64,0
HSV,150_90_192_128_0_128,0
HSV,150_90_192_128_0_192,0
HSV,150_90_192_128_0_256,0
HSV,150_90_192_128_64_64,0
HSV,150_90_192_128_64_128,0
HSV,150_90_192_128_64_192,0
HSV,150_90_192_128_64_256,0
HSV,150_90_192_128_128_64,0
HSV,150_90_192_128_128_128,0
HSV,150_90_192_128_128_192,0
HSV,150_90_192_128_128_256,0
HSV,150_90_192_128_192_64,0
HSV,150_90_192_128_192_128,0
HSV,150_90_192_128_192_192,0
HSV,150_90_192_128_192_256,0
HSV,150_90_192_192_0_64,0
HSV,150_90_192_192_0_128,0
HSV,150_90_192_192_0_192,0
HSV,150_90_192_192_0_256,0
HSV,150_90_192_192_64_64,0
HSV,150_90_192_192_64_128,0
HSV,150_90_192_192_64_192,0
HSV,150_90_192_192_64_256,0
HSV,150_90_192_192_128_64,0
HSV,150_90_192_192_128_128,0
HSV,150_90_192_192_128_192,0
HSV,150_90_192_192_128_256,0
HSV,150_90_192_192_192_64,0
HSV,150_90_192_192_192_128,0
HSV,150_90_192_192_192_192,0
HSV,150_90_192_192_192_256,0
HSV,150_90_192_256_0_64,0
HSV,150_90_192_256_0_128,0
HSV,150_90_192_256_0_192,0
HSV,150_90_192_256_0_256,0
HSV,150_90_192_256_64_64,0
HSV,150_90_192_256_64_128,0
HSV,150_90_192_256_64_192,0
HSV,150_90_192_256_64_256,0
HSV,150_90_192_256_128_64,0
HSV,150_90_192_256_128_128,0
HSV,150_90_192_256_128_192,0
HSV,150_90_192_256_128_256,0
HSV,150_90_192_256_192_64,0
HSV,150_90_192_256_192_128,0
HSV,150_90_192_256_192_192,0
HSV,150_90_192_256_192_256,0
HSV,150_120_0_64_0_64,0
HSV,150_120_0_64_0_128,0
HSV,150_120_0_64_0_192,0
HSV,150_120_0_64_0_256,0
HSV,150_120_0_64_64_64,0
HSV,150_120_0_64_64_128,0
HSV,150_120_0_64_64_192,0
HSV,150_120_0_64_64_256,0
HSV,150_120_0_64_128_64,0
HSV,150_120_0_64_128_128,0
HSV,150_120_0_64_128_192,0
HSV,150_120_0_64_128_256,0
HSV,150_120_0_64_192_64,0
HSV,150_120_0_64_192_128,0
HSV,150_120_0_64_192_192,0
HSV,150_120_0_64_192_256,0
HSV,150_120_0_128_0_64,0
HSV,150_120_0_128_0_128,0
HSV,150_120_0_128_0_192,0
HSV,150_120_0_128_0_256,0
HSV,150_120_0_128_64_64,0
HSV,150_120_0_128_64_128,0
HSV,150_120_0_128_64_192,0
HSV,150_120_0_128_64_256,0
HSV,150_120_0_128_128_64,0
HSV,150_120_0_128_128_128,0
HSV,150_120_0_128_128_192,0
HSV,150_120_0_128_128_256,0
HSV,150_120_0_128_192_64,0
HSV,150_120_0_128_192_128,0
HSV,150_120_0_128_192_192,0
HSV,150_120_0_128_192_256,0
HSV,150_120_0_192_0_64,0
HSV,150_120_0_192_0_128,0
HSV,150_120_0_192_0_192,0
HSV,150_120_0_192_0_256,0
HSV,150_120_0_192_64_64,0
HSV,150_120_0_192_64_128,0
HSV,150_120_0_192_64_192,0
HSV,150_120_0_192_64_256,0
HSV,150_120_0_192_128_64,0
HSV,150_120_0_192_128_128,0
HSV,150_120_0_192_128_192,0
HSV,150_120_0_192_128_256,0
HSV,150_120_0_192_192_64,0
HSV,150_120_0_192_192_128,0
HSV,150_120_0_192_192_192,0
HSV,150_120_0_192_192_256,0
HSV,150_120_0_256_0_64,0
HSV,150_120_0_256_0_128,0
HSV,150_120_0_256_0_192,0
HSV,150_120_0_256_0_256,0
HSV,150_120_0_256_64_64,0
HSV,150_120_0_256_64_128,0
HSV,150_120_0_256_64_192,0
HSV,150_120_0_256_64_256,0
HSV,150_120_0_256_128_64,0
HSV,150_120_0_256_128_128,0
HSV,150_120_0_256_128_192,0
HSV,150_120_0_256_128_256,0
HSV,150_120_0_256_192_64,0
HSV,150_120_0_256_192_128,0
HSV,150_120_0_256_192_192,0
HSV,150_120_0_256_192_256,0
HSV,150_120_64_64_0_64,0
HSV,150_120_64_64_0_128,0
HSV,150_120_64_64_0_192,0
HSV,150_120_64_64_0_256,0
HSV,150_120_64_64_64_64,0
HSV,150_120_64_64_64_128,0
HSV,150_120_64_64_64_192,0
HSV,150_120_64_64_64_256,0
HSV,150_120_64_64_128_64,0
HSV,150_120_64_64_128_128,0
HSV,150_120_64_64_128_192,0
HSV,150_120_64_64_128_256,0
HSV,150_120_64_64_192_64,0
HSV,150_120_64_64_192_128,0
HSV,150_120_64_64_192_192,0
HSV,150_120_64_64_192_256,0
HSV,150_120_64_128_0_64,0
HSV,150_120_64_128_0_128,0
HSV,150_120_64_128_0_192,0
HSV,150_120_64_128_0_256,0
HSV,150_120_64_128_64_64,0
HSV,150_120_64_128_64_128,0
HSV,150_120_64_128_64_192,0
HSV,150_120_64_128_64_256,0
HSV,150_120_64_128_128_64,0
HSV,150_120_64_128_128_128,0
HSV,150_120_64_128_128_192,0
HSV,150_120_64_128_128_256,0
HSV,150_120_64_128_192_64,0
HSV,150_120_64_128_192_128,0
HSV,150_120_64_128_192_192,0
HSV,150_120_64_128_192_256,0
HSV,150_120_64_192_0_64,0
HSV,150_120_64_192_0_128,0
HSV,150_120_64_192_0_192,0
HSV,150_120_64_192_0_256,0
HSV,150_120_64_192_64_64,0
HSV,150_120_64_192_64_128,0
HSV,150_120_64_192_64_192,0
HSV,150_120_64_192_64_256,0
HSV,150_120_64_192_128_64,0
HSV,150_120_64_192_128_128,0
HSV,150_120_64_192_128_192,0
HSV,150_120_64_192_128_256,0
HSV,150_120_64_192_192_64,0
HSV,150_120_64_192_192_128,0
HSV,150_120_64_192_192_192,0
HSV,150_120_64_192_192_256,0
HSV,150_120_64_256_0_64,0
HSV,150_120_64_256_0_128,0
HSV,150_120_64_256_0_192,0
HSV,150_120_64_256_0_256,0
HSV,150_120_64_256_64_64,0
HSV,150_120_64_256_64_128,0
HSV,150_120_64_256_64_192,0
HSV,150_120_64_256_64_256,0
HSV,150_120_64_256_128_64,0
HSV,150_120_64_256_128_128,0
HSV,150_120_64_256_128_192,0
HSV,150_120_64_256_128_256,0
HSV,150_120_64_256_192_64,0
HSV,150_120_64_256_192_128,0
HSV,150_120_64_256_192_192,0
HSV,150_120_64_256_192_256,0
HSV,150_120_128_64_0_64,0
HSV,150_120_128_64_0_128,0
HSV,150_120_128_64_0_192,0
HSV,150_120_128_64_0_256,0
HSV,150_120_128_64_64_64,0
HSV,150_120_128_64_64_128,0
HSV,150_120_128_64_64_192,0
HSV,150_120_128_64_64_256,0
HSV,150_120_128_64_128_64,0
HSV,150_120_128_64_128_128,0
HSV,150_120_128_64_128_192,0
HSV,150_120_128_64_128_256,0
HSV,150_120_128_64_192_64,0
HSV,150_120_128_64_192_128,0
HSV,150_120_128_64_192_192,0
HSV,150_120_128_64_192_256,0
HSV,150_120_128_128_0_64,0
HSV,150_120_128_128_0_128,0
HSV,150_120_128_128_0_192,0
HSV,150_120_128_128_0_256,0
HSV,150_120_128_128_64_64,0
HSV,150_120_128_128_64_128,0
HSV,150_120_128_128_64_192,0
HSV,150_120_128_128_64_256,0
HSV,150_120_128_128_128_64,0
HSV,150_120_128_128_128_128,0
HSV,150_120_128_128_128_192,0
HSV,150_120_128_128_128_256,0
HSV,150_120_128_128_192_64,0
HSV,150_120_128_128_192_128,0
HSV,150_120_128_128_192_192,0
HSV,150_120_128_128_192_256,0
HSV,150_120_128_192_0_64,0
HSV,150_120_128_192_0_128,0
HSV,150_120_128_192_0_192,0
HSV,150_120_128_192_0_256,0
HSV,150_120_128_192_64_64,0
HSV,150_120_128_192_64_128,0
HSV,150_120_128_192_64_192,0
HSV,150_120_128_192_64_256,0
HSV,150_120_128_192_128_64,0
HSV,150_120_128_192_128_128,0
HSV,150_120_128_192_128_192,0
HSV,150_120_128_192_128_256,0
HSV,150_120_128_192_192_64,0
HSV,150_120_128_192_192_128,0
HSV,150_120_128_192_192_192,0
HSV,150_120_128_192_192_256,0
HSV,150_120_128_256_0_64,0
HSV,150_120_128_256_0_128,0
HSV,150_120_128_256_0_192,0
HSV,150_120_128_256_0_256,0
HSV,150_120_128_256_64_64,0
HSV,150_120_128_256_64_128,0
HSV,150_120_128_256_64_192,0
HSV,150_120_128_256_64_256,0
HSV,150_120_128_256_128_64,0
HSV,150_120_128_256_128_128,0
HSV,150_120_128_256_128_192,0
HSV,150_120_128_256_128_256,0
HSV,150_120_128_256_192_64,0
HSV,150_120_128_256_192_128,0
HSV,150_120_128_256_192_192,0
HSV,150_120_128_256_192_256,0
HSV,150_120_192_64_0_64,0
HSV,150_120_192_64_0_128,0
HSV,150_120_192_64_0_192,0
HSV,150_120_192_64_0_256,0
HSV,150_120_192_64_64_64,0
HSV,150_120_192_64_64_128,0
HSV,150_120_192_64_64_192,0
HSV,150_120_192_64_64_256,0
HSV,150_120_192_64_128_64,0
HSV,150_120_192_64_128_128,0
HSV,150_120_192_64_128_192,0
HSV,150_120_192_64_128_256,0
HSV,150_120_192_64_192_64,0
HSV,150_120_192_64_192_128,0
HSV,150_120_192_64_192_192,0
HSV,150_120_192_64_192_256,0
HSV,150_120_192_128_0_64,0
HSV,150_120_192_128_0_128,0
HSV,150_120_192_128_0_192,0
HSV,150_120_192_128_0_256,0
HSV,150_120_192_128_64_64,0
HSV,150_120_192_128_64_128,0
HSV,150_120_192_128_64_192,0
HSV,150_120_192_128_64_256,0
HSV,150_120_192_128_128_64,0
HSV,150_120_192_128_128_128,0
HSV,150_120_192_128_128_192,0
HSV,150_120_192_128_128_256,0
HSV,150_120_192_128_192_64,0
HSV,150_120_192_128_192_128,0
HSV,150_120_192_128_192_192,0
HSV,150_120_192_128_192_256,0
HSV,150_120_192_192_0_64,0
HSV,150_120_192_192_0_128,0
HSV,150_120_192_192_0_192,0
HSV,150_120_192_192_0_256,0
HSV,150_120_192_192_64_64,0
HSV,150_120_192_192_64_128,0
HSV,150_120_192_192_64_192,0
HSV,150_120_192_192_64_256,0
HSV,150_120_192_192_128_64,0
HSV,150_120_192_192_128_128,0
HSV,150_120_192_192_128_192,0
HSV,150_120_192_192_128_256,0
HSV,150_120_192_192_192_64,0
HSV,150_120_192_192_192_128,0
HSV,150_120_192_192_192_192,0
HSV,150_120_192_192_192_256,0
HSV,150_120_192_256_0_64,0
HSV,150_120_192_256_0_128,0
HSV,150_120_192_256_0_192,0
HSV,150_120_192_256_0_256,0
HSV,150_120_192_256_64_64,0
HSV,150_120_192_256_64_128,0
HSV,150_120_192_256_64_192,0
HSV,150_120_192_256_64_256,0
HSV,150_120_192_256_128_64,0
HSV,150_120_192_256_128_128,0
HSV,150_120_192_256_128_192,0
HSV,150_120_192_256_128_256,0
HSV,150_120_192_256_192_64,0
HSV,150_120_192_256_192_128,0
HSV,150_120_192_256_192_192,0
HSV,150_120_192_256_192_256,0
HSV,150_150_0_64_0_64,0
HSV,150_150_0_64_0_128,0
HSV,150_150_0_64_0_192,0
HSV,150_150_0_64_0_256,0
HSV,150_150_0_64_64_64,0
HSV,150_150_0_64_64_128,0
HSV,150_150_0_64_64_192,0
HSV,150_150_0_64_64_256,0
HSV,150_150_0_64_128_64,0
HSV,150_150_0_64_128_128,0
HSV,150_150_0_64_128_192,0
HSV,150_150_0_64_128_256,0
HSV,150_150_0_64_192_64,0
HSV,150_150_0_64_192_128,0
HSV,150_150_0_64_192_192,0
HSV,150_150_0_64_192_256,0
HSV,150_150_0_128_0_64,0
HSV,150_150_0_128_0_128,0
HSV,150_150_0_128_0_192,0
HSV,150_150_0_128_0_256,0
HSV,150_150_0_128_64_64,0
HSV,150_150_0_128_64_128,0
HSV,150_150_0_128_64_192,0
HSV,150_150_0_128_64_256,0
HSV,150_150_0_128_128_64,0
HSV,150_150_0_128_128_128,0
HSV,150_150_0_128_128_192,0
HSV,150_150_0_128_128_256,0
HSV,150_150_0_128_192_64,0
HSV,150_150_0_128_192_128,0
HSV,150_150_0_128_192_192,0
HSV,150_150_0_128_192_256,0
HSV,150_150_0_192_0_64,0
HSV,150_150_0_192_0_128,0
HSV,150_150_0_192_0_192,0
HSV,150_150_0_192_0_256,0
HSV,150_150_0_192_64_64,0
HSV,150_150_0_192_64_128,0
HSV,150_150_0_192_64_192,0
HSV,150_150_0_192_64_256,0
HSV,150_150_0_192_128_64,0
HSV,150_150_0_192_128_128,0
HSV,150_150_0_192_128_192,0
HSV,150_150_0_192_128_256,0
HSV,150_150_0_192_192_64,0
HSV,150_150_0_192_192_128,0
HSV,150_150_0_192_192_192,0
HSV,150_150_0_192_192_256,0
HSV,150_150_0_256_0_64,0
HSV,150_150_0_256_0_128,0
HSV,150_150_0_256_0_192,0
HSV,150_150_0_256_0_256,0
HSV,150_150_0_256_64_64,0
HSV,150_150_0_256_64_128,0
HSV,150_150_0_256_64_192,0
HSV,150_150_0_256_64_256,0
HSV,150_150_0_256_128_64,0
HSV,150_150_0_256_128_128,0
HSV,150_150_0_256_128_192,0
HSV,150_150_0_256_128_256,0
HSV,150_150_0_256_192_64,0
HSV,150_150_0_256_192_128,0
HSV,150_150_0_256_192_192,0
HSV,150_150_0_256_192_256,0
HSV,150_150_64_64_0_64,0
HSV,150_150_64_64_0_128,0
HSV,150_150_64_64_0_192,0
HSV,150_150_64_64_0_256,0
HSV,150_150_64_64_64_64,0
HSV,150_150_64_64_64_128,0
HSV,150_150_64_64_64_192,0
HSV,150_150_64_64_64_256,0
HSV,150_150_64_64_128_64,0
HSV,150_150_64_64_128_128,0
HSV,150_150_64_64_128_192,0
HSV,150_150_64_64_128_256,0
HSV,150_150_64_64_192_64,0
HSV,150_150_64_64_192_128,0
HSV,150_150_64_64_192_192,0
HSV,150_150_64_64_192_256,0
HSV,150_150_64_128_0_64,0
HSV,150_150_64_128_0_128,0
HSV,150_150_64_128_0_192,0
HSV,150_150_64_128_0_256,0
HSV,150_150_64_128_64_64,0
HSV,150_150_64_128_64_128,0
HSV,150_150_64_128_64_192,0
HSV,150_150_64_128_64_256,0
HSV,150_150_64_128_128_64,0
HSV,150_150_64_128_128_128,0
HSV,150_150_64_128_128_192,0
HSV,150_150_64_128_128_256,0
HSV,150_150_64_128_192_64,0
HSV,150_150_64_128_192_128,0
HSV,150_150_64_128_192_192,0
HSV,150_150_64_128_192_256,0
HSV,150_150_64_192_0_64,0
HSV,150_150_64_192_0_128,0
HSV,150_150_64_192_0_192,0
HSV,150_150_64_192_0_256,0
HSV,150_150_64_192_64_64,0
HSV,150_150_64_192_64_128,0
HSV,150_150_64_192_64_192,0
HSV,150_150_64_192_64_256,0
HSV,150_150_64_192_128_64,0
HSV,150_150_64_192_128_128,0
HSV,150_150_64_192_128_192,0
HSV,150_150_64_192_128_256,0
HSV,150_150_64_192_192_64,0
HSV,150_150_64_192_192_128,0
HSV,150_150_64_192_192_192,0
HSV,150_150_64_192_192_256,0
HSV,150_150_64_256_0_64,0
HSV,150_150_64_256_0_128,0
HSV,150_150_64_256_0_192,0
HSV,150_150_64_256_0_256,0
HSV,150_150_64_256_64_64,0
HSV,150_150_64_256_64_128,0
HSV,150_150_64_256_64_192,0
HSV,150_150_64_256_64_256,0
HSV,150_150_64_256_128_64,0
HSV,150_150_64_256_128_128,0
HSV,150_150_64_256_128_192,0
HSV,150_150_64_256_128_256,0
HSV,150_150_64_256_192_64,0
HSV,150_150_64_256_192_128,0
HSV,150_150_64_256_192_192,0
HSV,150_150_64_256_192_256,0
HSV,150_150_128_64_0_64,0
HSV,150_150_128_64_0_128,0
HSV,150_150_128_64_0_192,0
HSV,150_150_128_64_0_256,0
HSV,150_150_128_64_64_64,0
HSV,150_150_128_64_64_128,0
HSV,150_150_128_64_64_192,0
HSV,150_150_128_64_64_256,0
HSV,150_150_128_64_128_64,0
HSV,150_150_128_64_128_128,0
HSV,150_150_128_64_128_192,0
HSV,150_150_128_64_128_256,0
HSV,150_150_128_64_192_64,0
HSV,150_150_128_64_192_128,0
HSV,150_150_128_64_192_192,0
HSV,150_150_128_64_192_256,0
HSV,150_150_128_128_0_64,0
HSV,150_150_128_128_0_128,0
HSV,150_150_128_128_0_192,0
HSV,150_150_128_128_0_256,0
HSV,150_150_128_128_64_64,0
HSV,150_150_128_128_64_128,0
HSV,150_150_128_128_64_192,0
HSV,150_150_128_128_64_256,0
HSV,150_150_128_128_128_64,0
HSV,150_150_128_128_128_128,0
HSV,150_150_128_128_128_192,0
HSV,150_150_128_128_128_256,0
HSV,150_150_128_128_192_64,0
HSV,150_150_128_128_192_128,0
HSV,150_150_128_128_192_192,0
HSV,150_150_128_128_192_256,0
HSV,150_150_128_192_0_64,0
HSV,150_150_128_192_0_128,0
HSV,150_150_128_192_0_192,0
HSV,150_150_128_192_0_256,0
HSV,150_150_128_192_64_64,0
HSV,150_150_128_192_64_128,0
HSV,150_150_128_192_64_192,0
HSV,150_150_128_192_64_256,0
HSV,150_150_128_192_128_64,0
HSV,150_150_128_192_128_128,0
HSV,150_150_128_192_128_192,0
HSV,150_150_128_192_128_256,0
HSV,150_150_128_192_192_64,0
HSV,150_150_128_192_192_128,0
HSV,150_150_128_192_192_192,0
HSV,150_150_128_192_192_256,0
HSV,150_150_128_256_0_64,0
HSV,150_150_128_256_0_128,0
HSV,150_150_128_256_0_192,0
HSV,150_150_128_256_0_256,0
HSV,150_150_128_256_64_64,0
HSV,150_150_128_256_64_128,0
HSV,150_150_128_256_64_192,0
HSV,150_150_128_256_64_256,0
HSV,150_150_128_256_128_64,0
HSV,150_150_128_256_128_128,0
HSV,150_150_128_256_128_192,0
HSV,150_150_128_256_128_256,0
HSV,150_150_128_256_192_64,0
HSV,150_150_128_256_192_128,0
HSV,150_150_128_256_192_192,0
HSV,150_150_128_256_192_256,0
HSV,150_150_192_64_0_64,0
HSV,150_150_192_64_0_128,0
HSV,150_150_192_64_0_192,0
HSV,150_150_192_64_0_256,0
HSV,150_150_192_64_64_64,0
HSV,150_150_192_64_64_128,0
HSV,150_150_192_64_64_192,0
HSV,150_150_192_64_64_256,0
HSV,150_150_192_64_128_64,0
HSV,150_150_192_64_128_128,0
HSV,150_150_192_64_128_192,0
HSV,150_150_192_64_128_256,0
HSV,150_150_192_64_192_64,0
HSV,150_150_192_64_192_128,0
HSV,150_150_192_64_192_192,0
HSV,150_150_192_64_192_256,0
HSV,150_150_192_128_0_64,0
HSV,150_150_192_128_0_128,0
HSV,150_150_192_128_0_192,0
HSV,150_150_192_128_0_256,0
HSV,150_150_192_128_64_64,0
HSV,150_150_192_128_64_128,0
HSV,150_150_192_128_64_192,0
HSV,150_150_192_128_64_256,0
HSV,150_150_192_128_128_64,0
HSV,150_150_192_128_128_128,0
HSV,150_150_192_128_128_192,0
HSV,150_150_192_128_128_256,0
HSV,150_150_192_128_192_64,0
HSV,150_150_192_128_192_128,0
HSV,150_150_192_128_192_192,0
HSV,150_150_192_128_192_256,0
HSV,150_150_192_192_0_64,0
HSV,150_150_192_192_0_128,0
HSV,150_150_192_192_0_192,0
HSV,150_150_192_192_0_256,0
HSV,150_150_192_192_64_64,0
HSV,150_150_192_192_64_128,0
HSV,150_150_192_192_64_192,0
HSV,150_150_192_192_64_256,0
HSV,150_150_192_192_128_64,0
HSV,150_150_192_192_128_128,0
HSV,150_150_192_192_128_192,0
HSV,150_150_192_192_128_256,0
HSV,150_150_192_192_192_64,0
HSV,150_150_192_192_192_128,0
HSV,150_150_192_192_192_192,0
HSV,150_150_192_192_192_256,0
HSV,150_150_192_256_0_64,0
HSV,150_150_192_256_0_128,0
HSV,150_150_192_256_0_192,0
HSV,150_150_192_256_0_256,0
HSV,150_150_192_256_64_64,0
HSV,150_150_192_256_64_128,0
HSV,150_150_192_256_64_192,0
HSV,150_150_192_256_64_256,0
HSV,150_150_192_256_128_64,0
HSV,150_150_192_256_128_128,0
HSV,150_150_192_256_128_192,0
HSV,150_150_192_256_128_256,0
HSV,150_150_192_256_192_64,0
HSV,150_150_192_256_192_128,0
HSV,150_150_192_256_192_192,0
HSV,150_150_192_256_192_256,0
HSV,150_180_0_64_0_64,0
HSV,150_180_0_64_0_128,0
HSV,150_180_0_64_0_192,0
HSV,150_180_0_64_0_256,0
HSV,150_180_0_64_64_64,0
HSV,150_180_0_64_64_128,0
HSV,150_180_0_64_64_192,0
HSV,150_180_0_64_64_256,0
HSV,150_180_0_64_128_64,0
HSV,150_180_0_64_128_128,0
HSV,150_180_0_64_128_192,0
HSV,150_180_0_64_128_256,0
HSV,150_180_0_64_192_64,0
HSV,150_180_0_64_192_128,0
HSV,150_180_0_64_192_192,0
HSV,150_180_0_64_192_256,0
HSV,150_180_0_128_0_64,0
HSV,150_180_0_128_0_128,0
HSV,150_180_0_128_0_192,0
HSV,150_180_0_128_0_256,0
HSV,150_180_0_128_64_64,0
HSV,150_180_0_128_64_128,0
HSV,150_180_0_128_64_192,0
HSV,150_180_0_128_64_256,0
HSV,150_180_0_128_128_64,0
HSV,150_180_0_128_128_128,0
HSV,150_180_0_128_128_192,0
HSV,150_180_0_128_128_256,0
HSV,150_180_0_128_192_64,0
HSV,150_180_0_128_192_128,0
HSV,150_180_0_128_192_192,0
HSV,150_180_0_128_192_256,0
HSV,150_180_0_192_0_64,0
HSV,150_180_0_192_0_128,0
HSV,150_180_0_192_0_192,0
HSV,150_180_0_192_0_256,0
HSV,150_180_0_192_64_64,0
HSV,150_180_0_192_64_128,0
HSV,150_180_0_192_64_192,0
HSV,150_180_0_192_64_256,0
HSV,150_180_0_192_128_64,0
HSV,150_180_0_192_128_128,0
HSV,150_180_0_192_128_192,0
HSV,150_180_0_192_128_256,0
HSV,150_180_0_192_192_64,0
HSV,150_180_0_192_192_128,0
HSV,150_180_0_192_192_192,0
HSV,150_180_0_192_192_256,0
HSV,150_180_0_256_0_64,0
HSV,150_180_0_256_0_128,0
HSV,150_180_0_256_0_192,0
HSV,150_180_0_256_0_256,0
HSV,150_180_0_256_64_64,0
HSV,150_180_0_256_64_128,0
HSV,150_180_0_256_64_192,0
HSV,150_180_0_256_64_256,0
HSV,150_180_0_256_128_64,0
HSV,150_180_0_256_128_128,0
HSV,150_180_0_256_128_192,0
HSV,150_180_0_256_128_256,0
HSV,150_180_0_256_192_64,0
HSV,150_180_0_256_192_128,0
HSV,150_180_0_256_192_192,0
HSV,150_180_0_256_192_256,0
HSV,150_180_64_64_0_64,0
HSV,150_180_64_64_0_128,0
HSV,150_180_64_64_0_192,0
HSV,150_180_64_64_0_256,0
HSV,150_180_64_64_64_64,0
HSV,150_180_64_64_64_128,0
HSV,150_180_64_64_64_192,0
HSV,150_180_64_64_64_256,0
HSV,150_180_64_64_128_64,0
HSV,150_180_64_64_128_128,0
HSV,150_180_64_64_128_192,0
HSV,150_180_64_64_128_256,0
HSV,150_180_64_64_192_64,0
HSV,150_180_64_64_192_128,0
HSV,150_180_64_64_192_192,0
HSV,150_180_64_64_192_256,0
HSV,150_180_64_128_0_64,0
HSV,150_180_64_128_0_128,0
HSV,150_180_64_128_0_192,0
HSV,150_180_64_128_0_256,0
HSV,150_180_64_128_64_64,0
HSV,150_180_64_128_64_128,0
HSV,150_180_64_128_64_192,0
HSV,150_180_64_128_64_256,0
HSV,150_180_64_128_128_64,0
HSV,150_180_64_128_128_128,0
HSV,150_180_64_128_128_192,0
HSV,150_180_64_128_128_256,0
HSV,150_180_64_128_192_64,0
HSV,150_180_64_128_192_128,0
HSV,150_180_64_128_192_192,0
HSV,150_180_64_128_192_256,0
HSV,150_180_64_192_0_64,0
HSV,150_180_64_192_0_128,0
HSV,150_180_64_192_0_192,0
HSV,150_180_64_192_0_256,0
HSV,150_180_64_192_64_64,0
HSV,150_180_64_192_64_128,0
HSV,150_180_64_192_64_192,0
HSV,150_180_64_192_64_256,0
HSV,150_180_64_192_128_64,0
HSV,150_180_64_192_128_128,0
HSV,150_180_64_192_128_192,0
HSV,150_180_64_192_128_256,0
HSV,150_180_64_192_192_64,0
HSV,150_180_64_192_192_128,0
HSV,150_180_64_192_192_192,0
HSV,150_180_64_192_192_256,0
HSV,150_180_64_256_0_64,0
HSV,150_180_64_256_0_128,0
HSV,150_180_64_256_0_192,0
HSV,150_180_64_256_0_256,0
HSV,150_180_64_256_64_64,0
HSV,150_180_64_256_64_128,0
HSV,150_180_64_256_64_192,0
HSV,150_180_64_256_64_256,0
HSV,150_180_64_256_128_64,0
HSV,150_180_64_256_128_128,0
HSV,150_180_64_256_128_192,0
HSV,150_180_64_256_128_256,0
HSV,150_180_64_256_192_64,0
HSV,150_180_64_256_192_128,0
HSV,150_180_64_256_192_192,0
HSV,150_180_64_256_192_256,0
HSV,150_180_128_64_0_64,0
HSV,150_180_128_64_0_128,0
HSV,150_180_128_64_0_192,0
HSV,150_180_128_64_0_256,0
HSV,150_180_128_64_64_64,0
HSV,150_180_128_64_64_128,0
HSV,150_180_128_64_64_192,0
HSV,150_180_128_64_64_256,0
HSV,150_180_128_64_128_64,0
HSV,150_180_128_64_128_128,0
HSV,150_180_128_64_128_192,0
HSV,150_180_128_64_128_256,0
HSV,150_180_128_64_192_64,0
HSV,150_180_128_64_192_128,0
HSV,150_180_128_64_192_192,0
HSV,150_180_128_64_192_256,0
HSV,150_180_128_128_0_64,0
HSV,150_180_128_128_0_128,0
HSV,150_180_128_128_0_192,0
HSV,150_180_128_128_0_256,0
HSV,150_180_128_128_64_64,0
HSV,150_180_128_128_64_128,0
HSV,150_180_128_128_64_192,0
HSV,150_180_128_128_64_256,0
HSV,150_180_128_128_128_64,0
HSV,150_180_128_128_128_128,0
HSV,150_180_128_128_128_192,0
HSV,150_180_128_128_128_256,0
HSV,150_180_128_128_192_64,0
HSV,150_180_128_128_192_128,0
HSV,150_180_128_128_192_192,0
HSV,150_180_128_128_192_256,0
HSV,150_180_128_192_0_64,0
HSV,150_180_128_192_0_128,0
HSV,150_180_128_192_0_192,0
HSV,150_180_128_192_0_256,0
HSV,150_180_128_192_64_64,0
HSV,150_180_128_192_64_128,0
HSV,150_180_128_192_64_192,0
HSV,150_180_128_192_64_256,0
HSV,150_180_128_192_128_64,0
HSV,150_180_128_192_128_128,0
HSV,150_180_128_192_128_192,0
HSV,150_180_128_192_128_256,0
HSV,150_180_128_192_192_64,0
HSV,150_180_128_192_192_128,0
HSV,150_180_128_192_192_192,0
HSV,150_180_128_192_192_256,0
HSV,150_180_128_256_0_64,0
HSV,150_180_128_256_0_128,0
HSV,150_180_128_256_0_192,0
HSV,150_180_128_256_0_256,0
HSV,150_180_128_256_64_64,0
HSV,150_180_128_256_64_128,0
HSV,150_180_128_256_64_192,0
HSV,150_180_128_256_64_256,0
HSV,150_180_128_256_128_64,0
HSV,150_180_128_256_128_128,0
HSV,150_180_128_256_128_192,0
HSV,150_180_128_256_128_256,0
HSV,150_180_128_256_192_64,0
HSV,150_180_128_256_192_128,0
HSV,150_180_128_256_192_192,0
HSV,150_180_128_256_192_256,0
HSV,150_180_192_64_0_64,0
HSV,150_180_192_64_0_128,0
HSV,150_180_192_64_0_192,0
HSV,150_180_192_64_0_256,0
HSV,150_180_192_64_64_64,0
HSV,150_180_192_64_64_128,0
HSV,150_180_192_64_64_192,0
HSV,150_180_192_64_64_256,0
HSV,150_180_192_64_128_64,0
HSV,150_180_192_64_128_128,0
HSV,150_180_192_64_128_192,0
HSV,150_180_192_64_128_256,0
HSV,150_180_192_64_192_64,0
HSV,150_180_192_64_192_128,0
HSV,150_180_192_64_192_192,0
HSV,150_180_192_64_192_256,0
HSV,150_180_192_128_0_64,0
HSV,150_180_192_128_0_128,0
HSV,150_180_192_128_0_192,0
HSV,150_180_192_128_0_256,0
HSV,150_180_192_128_64_64,0
HSV,150_180_192_128_64_128,0
HSV,150_180_192_128_64_192,0
HSV,150_180_192_128_64_256,0
HSV,150_180_192_128_128_64,0
HSV,150_180_192_128_128_128,0
HSV,150_180_192_128_128_192,0
HSV,150_180_192_128_128_256,0
HSV,150_180_192_128_192_64,0
HSV,150_180_192_128_192_128,0
HSV,150_180_192_128_192_192,0
HSV,150_180_192_128_192_256,0
HSV,150_180_192_192_0_64,0
HSV,150_180_192_192_0_128,0
HSV,150_180_192_192_0_192,0
HSV,150_180_192_192_0_256,0
HSV,150_180_192_192_64_64,0
HSV,150_180_192_192_64_128,0
HSV,150_180_192_192_64_192,0
HSV,150_180_192_192_64_256,0
HSV,150_180_192_192_128_64,0
HSV,150_180_192_192_128_128,0
HSV,150_180_192_192_128_192,0
HSV,150_180_192_192_128_256,0
HSV,150_180_192_192_192_64,0
HSV,150_180_192_192_192_128,0
HSV,150_180_192_192_192_192,0
HSV,150_180_192_192_192_256,0
HSV,150_180_192_256_0_64,0
HSV,150_180_192_256_0_128,0
HSV,150_180_192_256_0_192,0
HSV,150_180_192_256_0_256,0
HSV,150_180_192_256_64_64,0
HSV,150_180_192_256_64_128,0
HSV,150_180_192_256_64_192,0
HSV,150_180_192_256_64_256,0
HSV,150_180_192_256_128_64,0
HSV,150_180_192_256_128_128,0
HSV,150_180_192_256_128_192,0
HSV,150_180_192_256_128_256,0
HSV,150_180_192_256_192_64,0
HSV,150_180_192_256_192_128,0
HSV,150_180_192_256_192_192,0
HSV,150_180_192_256_192_256,0
LAB,0_64_120_130_120_130,0
LAB,0_64_120_130_120_138,0
LAB,0_64_120_130_120_146,0
LAB,0_64_120_130_128_130,0
LAB,0_64_120_130_128_138,0
LAB,0_64_120_130_128_146,0
LAB,0_64_120_130_136_130,0
LAB,0_64_120_130_136_138,0
LAB,0_64_120_130_136_146,0
LAB,0_64_120_130_144_130,0
LAB,0_64_120_130_144_138,0
LAB,0_64_120_130_144_146,0
LAB,0_64_120_138_120_130,0
LAB,0_64_120_138_120_138,0
LAB,0_64_120_138_120_146,0
LAB,0_64_120_138_128_130,0
LAB,0_64_120_138_128_138,0
LAB,0_64_120_138_128_146,0
LAB,0_64_120_138_136_130,0
LAB,0_64_120_138_136_138,0
LAB,0_64_120_138_136_146,0
LAB,0_64_120_138_144_130,0
LAB,0_64_120_138_144_138,0
LAB,0_64_120_138_144_146,0
LAB,0_64_120_146_120_130,0
LAB,0_64_120_146_120_138,0
LAB,0_64_120_146_120_146,0
LAB,0_64_120_146_128_130,0
LAB,0_64_120_146_128_138,0
LAB,0_64_120_146_128_146,0
LAB,0_64_120_146_136_130,0
LAB,0_64_120_146_136_138,0
LAB,0_64_120_146_136_146,0
LAB,0_64_120_146_144_130,0
LAB,0_64_120_146_144_138,0
LAB,0_64_120_146_144_146,0
LAB,0_64_128_130_120_130,0
LAB,0_64_128_130_120_138,0
LAB,0_64_128_130_120_146,0
LAB,0_64_128_130_128_130,0
LAB,0_64_128_130_128_138,0
LAB,0_64_128_130_128_146,0
LAB,0_64_128_130_136_130,0
LAB,0_64_128_130_136_138,0
LAB,0_64_128_130_136_146,0
LAB,0_64_128_130_144_130,0
LAB,0_64_128_130_144_138,0
LAB,0_64_128_130_144_146,0
LAB,0_64_128_138_120_130,0
LAB,0_64_128_138_120_138,0
LAB,0_64_128_138_120_146,0
LAB,0_64_128_138_128_130,0
LAB,0_64_128_138_128_138,0
LAB,0_64_128_138_128_146,0
LAB,0_64_128_138_136_130,0
LAB,0_64_128_138_136_138,0
LAB,0_64_128_138_136_146,0
LAB,0_64_128_138_144_130,0
LAB,0_64_128_138_144_138,0
LAB,0_64_128_138_144_146,0
LAB,0_64_128_146_120_130,0
LAB,0_64_128_146_120_138,0
LAB,0_64_128_146_120_146,0
LAB,0_64_128_146_128_130,0
LAB,0_64_128_146_128_138,0
LAB,0_64_128_146_128_146,0
LAB,0_64_128_146_136_130,0
LAB,0_64_128_146_136_138,0
LAB,0_64_128_146_136_146,0
LAB,0_64_128_146_144_130,0
LAB,0_64_128_146_144_138,0
LAB,0_64_128_146_144_146,0
LAB,0_64_136_130_120_130,0
LAB,0_64_136_130_120_138,0
LAB,0_64_136_130_120_146,0
LAB,0_64_136_130_128_130,0
LAB,0_64_136_130_128_138,0
LAB,0_64_136_130_128_146,0
LAB,0_64_136_130_136_130,0
LAB,0_64_136_130_136_138,0
LAB,0_64_136_130_136_146,0
LAB,0_64_136_130_144_130,0
LAB,0_64_136_130_144_138,0
LAB,0_64_136_130_144_146,0
LAB,0_64_136_138_120_130,0
LAB,0_64_136_138_120_138,0
LAB,0_64_136_138_120_146,0
LAB,0_64_136_138_128_130,0
LAB,0_64_136_138_128_138,0
LAB,0_64_136_138_128_146,0
LAB,0_64_136_138_136_130,0
LAB,0_64_136_138_136_138,0
LAB,0_64_136_138_136_146,0
LAB,0_64_136_138_144_130,0
LAB,0_64_136_138_144_138,0
LAB,0_64_136_138_144_146,0
LAB,0_64_136_146_120_130,0
LAB,0_64_136_146_120_138,0
LAB,0_64_136_146_120_146,0
LAB,0_64_136_146_128_130,0
LAB,0_64_136_146_128_138,0
LAB,0_64_136_146_128_146,0
LAB,0_64_136_146_136_130,0
LAB,0_64_136_146_136_138,0
LAB,0_64_136_146_136_146,0
LAB,0_64_136_146_144_130,0
LAB,0_64_136_146_144_138,0
LAB,0_64_136_146_144_146,0
LAB,0_64_144_130_120_130,0
LAB,0_64_144_130_120_138,0
LAB,0_64_144_130_120_146,0
LAB,0_64_144_130_128_130,0
LAB,0_64_144_130_128_138,0
LAB,0_64_144_130_128_146,0
LAB,0_64_144_130_136_130,0
LAB,0_64_144_130_136_138,0
LAB,0_64_144_130_136_146,0
LAB,0_64_144_130_144_130,0
LAB,0_64_144_130_144_138,0
LAB,0_64_144_130_144_146,0
LAB,0_64_144_138_120_130,0
LAB,0_64_144_138_120_138,0
LAB,0_64_144_138_120_146,0
LAB,0_64_144_138_128_130,0
LAB,0_64_144_138_128_138,0
LAB,0_64_144_138_128_146,0
LAB,0_64_144_138_136_130,0
LAB,0_64_144_138_136_138,0
LAB,0_64_144_138_136_146,0
LAB,0_64_144_138_144_130,0
LAB,0_64_144_138_144_138,0
LAB,0_64_144_138_144_146,0
LAB,0_64_144_146_120_130,0
LAB,0_64_144_146_120_138,0
LAB,0_64_144_146_120_146,0
LAB,0_64_144_146_128_130,0
LAB,0_64_144_146_128_138,0
LAB,0_64_144_146_128_146,0
LAB,0_64_144_146_136_130,0
LAB,0_64_144_146_136_138,0
LAB,0_64_144_146_136_146,0
LAB,0_64_144_146_144_130,0
LAB,0_64_144_146_144_138,0
LAB,0_64_144_146_144_146,0
LAB,0_128_120_130_120_130,0
LAB,0_128_120_130_120_138,0
LAB,0_128_120_130_120_146,0
LAB,0_128_120_130_128_130,0
LAB,0_128_120_130_128_138,0
LAB,0_128_120_130_128_146,0
LAB,0_128_120_130_136_130,0
LAB,0_128_120_130_136_138,0
LAB,0_128_120_130_136_146,0
LAB,0_128_120_130_144_130,0
LAB,0_128_120_130_144_138,0
LAB,0_128_120_130_144_146,0
LAB,0_128_120_138_120_130,0
LAB,0_128_120_138_120_138,0
LAB,0_128_120_138_120_146,0
LAB,0_128_120_138_128_130,0
LAB,0_128_120_138_128_138,0
LAB,0_128_120_138_128_146,0
LAB,0_128_120_138_136_130,0
LAB,0_128_120_138_136_138,0
LAB,0_128_120_138_136_146,0
LAB,0_128_120_138_144_130,0
LAB,0_128_120_138_144_138,0
LAB,0_128_120_138_144_146,0
LAB,0_128_120_146_120_130,0
LAB,0_128_120_146_120_138,0
LAB,0_128_120_146_120_146,0
LAB,0_128_120_146_128_130,0
LAB,0_128_120_146_128_138,0
LAB,0_128_120_146_128_146,0
LAB,0_128_120_146_136_130,0
LAB,0_128_120_146_136_138,0
LAB,0_128_120_146_136_146,0
LAB,0_128_120_146_144_130,0
LAB,0_128_120_146_144_138,0
LAB,0_128_120_146_144_146,0
LAB,0_128_128_130_120_130,0
LAB,0_128_128_130_120_138,0
LAB,0_128_128_130_120_146,0
LAB,0_128_128_130_128_130,0
LAB,0_128_128_130_128_138,0
LAB,0_128_128_130_128_146,0
LAB,0_128_128_130_136_130,0
LAB,0_128_128_130_136_138,0
LAB,0_128_128_130_136_146,0
LAB,0_128_128_130_144_130,0
LAB,0_128_128_130_144_138,0
LAB,0_128_128_130_144_146,0
LAB,0_128_128_138_120_130,0
LAB,0_128_128_138_120_138,0
LAB,0_128_128_138_120_146,0
LAB,0_128_128_138_128_130,0
LAB,0_128_128_138_128_138,0
LAB,0_128_128_138_128_146,0
LAB,0_128_128_138_136_130,0
LAB,0_128_128_138_136_138,0
LAB,0_128_128_138_136_146,0
LAB,0_128_128_138_144_130,0
LAB,0_128_128_138_144_138,0
LAB,0_128_128_138_144_146,0
LAB,0_128_128_146_120_130,0
LAB,0_128_128_146_120_138,0
LAB,0_128_128_146_120_146,0
LAB,0_128_128_146_128_130,0
LAB,0_128_128_146_128_138,0
LAB,0_128_128_146_128_146,0
LAB,0_128_128_146_136_130,0
LAB,0_128_128_146_136_138,0
LAB,0_128_128_146_136_146,0
LAB,0_128_128_146_144_130,0
LAB,0_128_128_146_144_138,0
LAB,0_128_128_146_144_146,0
LAB,0_128_136_130_120_130,0
LAB,0_128_136_130_120_138,0
LAB,0_128_136_130_120_146,0
LAB,0_128_136_130_128_130,0
LAB,0_128_136_130_128_138,0
LAB,0_128_136_130_128_146,0
LAB,0_128_136_130_136_130,0
LAB,0_128_136_130_136_138,0
LAB,0_128_136_130_136_146,0
LAB,0_128_136_130_144_130,0
LAB,0_128_136_130_144_138,0
LAB,0_128_136_130_144_146,0
LAB,0_128_136_138_120_130,0
LAB,0_128_136_138_120_138,0
LAB,0_128_136_138_120_146,0
LAB,0_128_136_138_128_130,0
LAB,0_128_136_138_128_138,0
LAB,0_128_136_138_128_146,0
LAB,0_128_136_138_136_130,0
LAB,0_128_136_138_136_138,0
LAB,0_128_136_138_136_146,0
LAB,0_128_136_138_144_130,0
LAB,0_128_136_138_144_138,0
LAB,0_128_136_138_144_146,0
LAB,0_128_136_146_120_130,0
LAB,0_128_136_146_120_138,0
LAB,0_128_136_146_120_146,0
LAB,0_128_136_146_128_130,0
LAB,0_128_136_146_128_138,0
LAB,0_128_136_146_128_146,0
LAB,0_128_136_146_136_130,0
LAB,0_128_136_146_136_138,0
LAB,0_128_136_146_136_146,0
LAB,0_128_136_146_144_130,0
LAB,0_128_136_146_144_138,0
LAB,0_128_136_146_144_146,0
LAB,0_128_144_130_120_130,0
LAB,0_128_144_130_120_138,0
LAB,0_128_144_130_120_146,0
LAB,0_128_144_130_128_130,0
LAB,0_128_144_130_128_138,0
LAB,0_128_144_130_128_146,0
LAB,0_128_144_130_136_130,0
LAB,0_128_144_130_136_138,0
LAB,0_128_144_130_136_146,0
LAB,0_128_144_130_144_130,0
LAB,0_128_144_130_144_138,0
LAB,0_128_144_130_144_146,0
LAB,0_128_144_138_120_130,0
LAB,0_128_144_138_120_138,0
LAB,0_128_144_138_120_146,0
LAB,0_128_144_138_128_130,0
LAB,0_128_144_138_128_138,0
LAB,0_128_144_138_128_146,0
LAB,0_128_144_138_136_130,0
LAB,0_128_144_138_136_138,0
LAB,0_128_144_138_136_146,0
LAB,0_128_144_138_144_130,0
LAB,0_128_144_138_144_138,0
LAB,0_128_144_138_144_146,0
LAB,0_128_144_146_120_130,0
LAB,0_128_144_146_120_138,0
LAB,0_128_144_146_120_146,0
LAB,0_128_144_146_128_130,0
LAB,0_128_144_146_128_138,0
LAB,0_128_144_146_128_146,0
LAB,0_128_144_146_136_130,0
LAB,0_128_144_146_136_138,0
LAB,0_128_144_146_136_146,0
LAB,0_128_144_146_144_130,0
LAB,0_128_144_146_144_138,0
LAB,0_128_144_146_144_146,0
LAB,0_192_120_130_120_130,0
LAB,0_192_120_130_120_138,0
LAB,0_192_120_130_120_146,0
LAB,0_192_120_130_128_130,0
LAB,0_192_120_130_128_138,0
LAB,0_192_120_130_128_146,0
LAB,0_192_120_130_136_130,0
LAB,0_192_120_130_136_138,0
LAB,0_192_120_130_136_146,0
LAB,0_192_120_130_144_130,0
LAB,0_192_120_130_144_138,0
LAB,0_192_120_130_144_146,0
LAB,0_192_120_138_120_130,0
LAB,0_192_120_138_120_138,0
LAB,0_192_120_138_120_146,0
LAB,0_192_120_138_128_130,0
LAB,0_192_120_138_128_138,0
LAB,0_192_120_138_128_146,0
LAB,0_192_120_138_136_130,0
LAB,0_192_120_138_136_138,0
LAB,0_192_120_138_136_146,0
LAB,0_192_120_138_144_130,0
LAB,0_192_120_138_144_138,0
LAB,0_192_120_138_144_146,0
LAB,0_192_120_146_120_130,0
LAB,0_192_120_146_120_138,0
LAB,0_192_120_146_120_146,0
LAB,0_192_120_146_128_130,0
LAB,0_192_120_146_128_138,0
LAB,0_192_120_146_128_146,0
LAB,0_192_120_146_136_130,0
LAB,0_192_120_146_136_138,0
LAB,0_192_120_146_136_146,0
LAB,0_192_120_146_144_130,0
LAB,0_192_120_146_144_138,0
LAB,0_192_120_146_144_146,0
LAB,0_192_128_130_120_130,0
LAB,0_192_128_130_120_138,0
LAB,0_192_128_130_120_146,0
LAB,0_192_128_130_128_130,0
LAB,0_192_128_130_128_138,0
LAB,0_192_128_130_128_146,0
LAB,0_192_128_130_136_130,0
LAB,0_192_128_130_136_138,0
LAB,0_192_128_130_136_146,0
LAB,0_192_128_130_144_130,0
LAB,0_192_128_130_144_138,0
LAB,0_192_128_130_144_146,0
LAB,0_192_128_138_120_130,0
LAB,0_192_128_138_120_138,0
LAB,0_192_128_138_120_146,0
LAB,0_192_128_138_128_130,0
LAB,0_192_128_138_128_138,0
LAB,0_192_128_138_128_146,0
LAB,0_192_128_138_136_130,0
LAB,0_192_128_138_136_138,0
LAB,0_192_128_138_136_146,0
LAB,0_192_128_138_144_130,0
LAB,0_192_128_138_144_138,0
LAB,0_192_128_138_144_146,0
LAB,0_192_128_146_120_130,0
LAB,0_192_128_146_120_138,0
LAB,0_192_128_146_120_146,0
LAB,0_192_128_146_128_130,0
LAB,0_192_128_146_128_138,0
LAB,0_192_128_146_128_146,0
LAB,0_192_128_146_136_130,0
LAB,0_192_128_146_136_138,0
LAB,0_192_128_146_136_146,0
LAB,0_192_128_146_144_130,0
LAB,0_192_128_146_144_138,0
LAB,0_192_128_146_144_146,0
LAB,0_192_136_130_120_130,0
LAB,0_192_136_130_120_138,0
LAB,0_192_136_130_120_146,0
LAB,0_192_136_130_128_130,0
LAB,0_192_136_130_128_138,0
LAB,0_192_136_130_128_146,0
LAB,0_192_136_130_136_130,0
LAB,0_192_136_130_136_138,0
LAB,0_192_136_130_136_146,0
LAB,0_192_136_130_144_130,0
LAB,0_192_136_130_144_138,0
LAB,0_192_136_130_144_146,0
LAB,0_192_136_138_120_130,0
LAB,0_192_136_138_120_138,0
LAB,0_192_136_138_120_146,0
LAB,0_192_136_138_128_130,0
LAB,0_192_136_138_128_138,0
LAB,0_192_136_138_128_146,0
LAB,0_192_136_138_136_130,0
LAB,0_192_136_138_136_138,0
LAB,0_192_136_138_136_146,0
LAB,0_192_136_138_144_130,0
LAB,0_192_136_138_144_138,0
LAB,0_192_136_138_144_146,0
LAB,0_192_136_146_120_130,0
LAB,0_192_136_146_120_138,0
LAB,0_192_136_146_120_146,0
LAB,0_192_136_146_128_130,0
LAB,0_192_136_146_128_138,0
LAB,0_192_136_146_128_146,0
LAB,0_192_136_146_136_130,0
LAB,0_192_136_146_136_138,0
LAB,0_192_136_146_136_146,0
LAB,0_192_136_146_144_130,0
LAB,0_192_136_146_144_138,0
LAB,0_192_136_146_144_146,0
LAB,0_192_144_130_120_130,0
LAB,0_192_144_130_120_138,0
LAB,0_192_144_130_120_146,0
LAB,0_192_144_130_128_130,0
LAB,0_192_144_130_128_138,0
LAB,0_192_144_130_128_146,0
LAB,0_192_144_130_136_130,0
LAB,0_192_144_130_136_138,0
LAB,0_192_144_130_136_146,0
LAB,0_192_144_130_144_130,0
LAB,0_192_144_130_144_138,0
LAB,0_192_144_130_144_146,0
LAB,0_192_144_138_120_130,0
LAB,0_192_144_138_120_138,0
LAB,0_192_144_138_120_146,0
LAB,0_192_144_138_128_130,0
LAB,0_192_144_138_128_138,0
LAB,0_192_144_138_128_146,0
LAB,0_192_144_138_136_130,0
LAB,0_192_144_138_136_138,0
LAB,0_192_144_138_136_146,0
LAB,0_192_144_138_144_130,0
LAB,0_192_144_138_144_138,0
LAB,0_192_144_138_144_146,0
LAB,0_192_144_146_120_130,0
LAB,0_192_144_146_120_138,0
LAB,0_192_144_146_120_146,0
LAB,0_192_144_146_128_130,0
LAB,0_192_144_146_128_138,0
LAB,0_192_144_146_128_146,0
LAB,0_192_144_146_136_130,0
LAB,0_192_144_146_136_138,0
LAB,0_192_144_146_136_146,0
LAB,0_192_144_146_144_130,0
LAB,0_192_144_146_144_138,0
LAB,0_192_144_146_144_146,0
LAB,0_256_120_130_120_130,0
LAB,0_256_120_130_120_138,0
LAB,0_256_120_130_120_146,0
LAB,0_256_120_130_128_130,0
LAB,0_256_120_130_128_138,0
LAB,0_256_120_130_128_146,0
LAB,0_256_120_130_136_130,0
LAB,0_256_120_130_136_138,0
LAB,0_256_120_130_136_146,0
LAB,0_256_120_130_144_130,0
LAB,0_256_120_130_144_138,0
LAB,0_256_120_130_144_146,0
LAB,0_256_120_138_120_130,0
LAB,0_256_120_138_120_138,0
LAB,0_256_120_138_120_146,0
LAB,0_256_120_138_128_130,0
LAB,0_256_120_138_128_138,0
LAB,0_256_120_138_128_146,0
LAB,0_256_120_138_136_130,0
LAB,0_256_120_138_136_138,0
LAB,0_256_120_138_136_146,0
LAB,0_256_120_138_144_130,0
LAB,0_256_120_138_144_138,0
LAB,0_256_120_138_144_146,0
LAB,0_256_120_146_120_130,0
LAB,0_256_120_146_120_138,0
LAB,0_256_120_146_120_146,0
LAB,0_256_120_146_128_130,0
LAB,0_256_120_146_128_138,0
LAB,0_256_120_146_128_146,0
LAB,0_256_120_146_136_130,0
LAB,0_256_120_146_136_138,0
LAB,0_256_120_146_136_146,0
LAB,0_256_120_146_144_130,0
LAB,0_256_120_146_144_138,0
LAB,0_256_120_146_144_146,0
LAB,0_256_128_130_120_130,0
LAB,0_256_128_130_120_138,0
LAB,0_256_128_130_120_146,0
LAB,0_256_128_130_128_130,0
LAB,0_256_128_130_128_138,0
LAB,0_256_128_130_128_146,0
LAB,0_256_128_130_136_130,0
LAB,0_256_128_130_136_138,0
LAB,0_256_128_130_136_146,0
LAB,0_256_128_130_144_130,0
LAB,0_256_128_130_144_138,0
LAB,0_256_128_130_144_146,0
LAB,0_256_128_138_120_130,0
LAB,0_256_128_138_120_138,0
LAB,0_256_128_138_120_146,0
LAB,0_256_128_138_128_130,0
LAB,0_256_128_138_128_138,0
LAB,0_256_128_138_128_146,0
LAB,0_256_128_138_136_130,0
LAB,0_256_128_138_136_138,0
LAB,0_256_128_138_136_146,0
LAB,0_256_128_138_144_130,0
LAB,0_256_128_138_144_138,0
LAB,0_256_128_138_144_146,0
LAB,0_256_128_146_120_130,0
LAB,0_256_128_146_120_138,0
LAB,0_256_128_146_120_146,0
LAB,0_256_128_146_128_130,0
LAB,0_256_128_146_128_138,0
LAB,0_256_128_146_128_146,0
LAB,0_256_128_146_136_130,0
LAB,0_256_128_146_136_138,0
LAB,0_256_128_146_136_146,0
LAB,0_256_128_146_144_130,0
LAB,0_256_128_146_144_138,0
LAB,0_256_128_146_144_146,0
LAB,0_256_136_130_120_130,0
LAB,0_256_136_130_120_138,0
LAB,0_256_136_130_120_146,0
LAB,0_256_136_130_128_130,0
LAB,0_256_136_130_128_138,0
LAB,0_256_136_130_128_146,0
LAB,0_256_136_130_136_130,0
LAB,0_256_136_130_136_138,0
LAB,0_256_136_130_136_146,0
LAB,0_256_136_130_144_130,0
LAB,0_256_136_130_144_138,0
LAB,0_256_136_130_144_146,0
LAB,0_256_136_138_120_130,0
LAB,0_256_136_138_120_138,0
LAB,0_256_136_138_120_146,0
LAB,0_256_136_138_128_130,0
LAB,0_256_136_138_128_138,0
LAB,0_256_136_138_128_146,0
LAB,0_256_136_138_136_130,0
LAB,0_256_136_138_136_138,0
LAB,0_256_136_138_136_146,0
LAB,0_256_136_138_144_130,0
LAB,0_256_136_138_144_138,0
LAB,0_256_136_138_144_146,0
LAB,0_256_136_146_120_130,0
LAB,0_256_136_146_120_138,0
LAB,0_256_136_146_120_146,0
LAB,0_256_136_146_128_130,0
LAB,0_256_136_146_128_138,0
LAB,0_256_136_146_128_146,0
LAB,0_256_136_146_136_130,0
LAB,0_256_136_146_136_138,0
LAB,0_256_136_146_136_146,0
LAB,0_256_136_146_144_130,0
LAB,0_256_136_146_144_138,0
LAB,0_256_136_146_144_146,0
LAB,0_256_144_130_120_130,0
LAB,0_256_144_130_120_138,0
LAB,0_256_144_130_120_146,0
LAB,0_256_144_130_128_130,0
LAB,0_256_144_130_128_138,0
LAB,0_256_144_130_128_146,0
LAB,0_256_144_130_136_130,0
LAB,0_256_144_130_136_138,0
LAB,0_256_144_130_136_146,0
LAB,0_256_144_130_144_130,0
LAB,0_256_144_130_144_138,0
LAB,0_256_144_130_144_146,0
LAB,0_256_144_138_120_130,0
LAB,0_256_144_138_120_138,0
LAB,0_256_144_138_120_146,0
LAB,0_256_144_138_128_130,0
LAB,0_256_144_138_128_138,0
LAB,0_256_144_138_128_146,0
LAB,0_256_144_138_136_130,0
LAB,0_256_144_138_136_138,0
LAB,0_256_144_138_136_146,0
LAB,0_256_144_138_144_130,0
LAB,0_256_144_138_144_138,0
LAB,0_256_144_138_144_146,0
LAB,0_256_144_146_120_130,0
LAB,0_256_144_146_120_138,0
LAB,0_256_144_146_120_146,0
LAB,0_256_144_146_128_130,0
LAB,0_256_144_146_128_138,0
LAB,0_256_144_146_128_146,0
LAB,0_256_144_146_136_130,0
LAB,0_256_144_146_136_138,0
LAB,0_256_144_146_136_146,0
LAB,0_256_144_146_144_130,0
LAB,0_256_144_146_144_138,0
LAB,0_256_144_146_144_146,0
LAB,64_64_120_130_120_130,0
LAB,64_64_120_130_120_138,0
LAB,64_64_120_130_120_146,0
LAB,64_64_120_130_128_130,0
LAB,64_64_120_130_128_138,0
LAB,64_64_120_130_128_146,0
LAB,64_64_120_130_136_130,0
LAB,64_64_120_130_136_138,0
LAB,64_64_120_130_136_146,0
LAB,64_64_120_130_144_130,0
LAB,64_64_120_130_144_138,0
LAB,64_64_120_130_144_146,0
LAB,64_64_120_138_120_130,0
LAB,64_64_120_138_120_138,0
LAB,64_64_120_138_120_146,0
LAB,64_64_120_138_128_130,0
LAB,64_64_120_138_128_138,0
LAB,64_64_120_138_128_146,0
LAB,64_64_120_138_136_130,0
LAB,64_64_120_138_136_138,0
LAB,64_64_120_138_136_146,0
LAB,64_64_120_138_144_130,0
LAB,64_64_120_138_144_138,0
LAB,64_64_120_138_144_146,0
LAB,64_64_120_146_120_130,0
LAB,64_64_120_146_120_138,0
LAB,64_64_120_146_120_146,0
LAB,64_64_120_146_128_130,0
LAB,64_64_120_146_128_138,0
LAB,64_64_120_146_128_146,0
LAB,64_64_120_146_136_130,0
LAB,64_64_120_146_136_138,0
LAB,64_64_120_146_136_146,0
LAB,64_64_120_146_144_130,0
LAB,64_64_120_146_144_138,0
LAB,64_64_120_146_144_146,0
LAB,64_64_128_130_120_130,0
LAB,64_64_128_130_120_138,0
LAB,64_64_128_130_120_146,0
LAB,64_64_128_130_128_130,0
LAB,64_64_128_130_128_138,0
LAB,64_64_128_130_128_146,0
LAB,64_64_128_130_136_130,0
LAB,64_64_128_130_136_138,0
LAB,64_64_128_130_136_146,0
LAB,64_64_128_130_144_130,0
LAB,64_64_128_130_144_138,0
LAB,64_64_128_130_144_146,0
LAB,64_64_128_138_120_130,0
LAB,64_64_128_138_120_138,0
LAB,64_64_128_138_120_146,0
LAB,64_64_128_138_128_130,0
LAB,64_64_128_138_128_138,0
LAB,64_64_128_138_128_146,0
LAB,64_64_128_138_136_130,0
LAB,64_64_128_138_136_138,0
LAB,64_64_128_138_136_146,0
LAB,64_64_128_138_144_130,0
LAB,64_64_128_138_144_138,0
LAB,64_64_128_138_144_146,0
LAB,64_64_128_146_120_130,0
LAB,64_64_128_146_120_138,0
LAB,64_64_128_146_120_146,0
LAB,64_64_128_146_128_130,0
LAB,64_64_128_146_128_138,0
LAB,64_64_128_146_128_146,0
LAB,64_64_128_146_136_130,0
LAB,64_64_128_146_136_138,0
LAB,64_64_128_146_136_146,0
LAB,64_64_128_146_144_130,0
LAB,64_64_128_146_144_138,0
LAB,64_64_128_146_144_146,0
LAB,64_64_136_130_120_130,0
LAB,64_64_136_130_120_138,0
LAB,64_64_136_130_120_146,0
LAB,64_64_136_130_128_130,0
LAB,64_64_136_130_128_138,0
LAB,64_64_136_130_128_146,0
LAB,64_64_136_130_136_130,0
LAB,64_64_136_130_136_138,0
LAB,64_64_136_130_136_146,0
LAB,64_64_136_130_144_130,0
LAB,64_64_136_130_144_138,0
LAB,64_64_136_130_144_146,0
LAB,64_64_136_138_120_130,0
LAB,64_64_136_138_120_138,0
LAB,64_64_136_138_120_146,0
LAB,64_64_136_138_128_130,0
LAB,64_64_136_138_128_138,0
LAB,64_64_136_138_128_146,0
LAB,64_64_136_138_136_130,0
LAB,64_64_136_138_136_138,0
LAB,64_64_136_138_136_146,0
LAB,64_64_136_138_144_130,0
LAB,64_64_136_138_144_138,0
LAB,64_64_136_138_144_146,0
LAB,64_64_136_146_120_130,0
LAB,64_64_136_146_120_138,0
LAB,64_64_136_146_120_146,0
LAB,64_64_136_146_128_130,0
LAB,64_64_136_146_128_138,0
LAB,64_64_136_146_128_146,0
LAB,64_64_136_146_136_130,0
LAB,64_64_136_146_136_138,0
LAB,64_64_136_146_136_146,0
LAB,64_64_136_146_144_130,0
LAB,64_64_136_146_144_138,0
LAB,64_64_136_146_144_146,0
LAB,64_64_144_130_120_130,0
LAB,64_64_144_130_120_138,0
LAB,64_64_144_130_120_146,0
LAB,64_64_144_130_128_130,0
LAB,64_64_144_130_128_138,0
LAB,64_64_144_130_128_146,0
LAB,64_64_144_130_136_130,0
LAB,64_64_144_130_136_138,0
LAB,64_64_144_130_136_146,0
LAB,64_64_144_130_144_130,0
LAB,64_64_144_130_144_138,0
LAB,64_64_144_130_144_146,0
LAB,64_64_144_138_120_130,0
LAB,64_64_144_138_120_138,0
LAB,64_64_144_138_120_146,0
LAB,64_64_144_138_128_130,0
LAB,64_64_144_138_128_138,0
LAB,64_64_144_138_128_146,0
LAB,64_64_144_138_136_130,0
LAB,64_64_144_138_136_138,0
LAB,64_64_144_138_136_146,0
LAB,64_64_144_138_144_130,0
LAB,64_64_144_138_144_138,0
LAB,64_64_144_138_144_146,0
LAB,64_64_144_146_120_130,0
LAB,64_64_144_146_120_138,0
LAB,64_64_144_146_120_146,0
LAB,64_64_144_146_128_130,0
LAB,64_64_144_146_128_138,0
LAB,64_64_144_146_128_146,0
LAB,64_64_144_146_136_130,0
LAB,64_64_144_146_136_138,0
LAB,64_64_144_146_136_146,0
LAB,64_64_144_146_144_130,0
LAB,64_64_144_146_144_138,0
LAB,64_64_144_146_144_146,0
LAB,64_128_120_130_120_130,0
LAB,64_128_120_130_120_138,0
LAB,64_128_120_130_120_146,0
LAB,64_128_120_130_128_130,0
LAB,64_128_120_130_128_138,0
LAB,64_128_120_130_128_146,0
LAB,64_128_120_130_136_130,0
LAB,64_128_120_130_136_138,0
LAB,64_128_120_130_136_146,0
LAB,64_128_120_130_144_130,0
LAB,64_128_120_130_144_138,0
LAB,64_128_120_130_144_146,0
LAB,64_128_120_138_120_130,0
LAB,64_128_120_138_120_138,0
LAB,64_128_120_138_120_146,0
LAB,64_128_120_138_128_130,0
LAB,64_128_120_138_128_138,0
LAB,64_128_120_138_128_146,0
LAB,64_128_120_138_136_130,0
LAB,64_128_120_138_136_138,0
LAB,64_128_120_138_136_146,0
LAB,64_128_120_138_144_130,0
LAB,64_128_120_138_144_138,0
LAB,64_128_120_138_144_146,0
LAB,64_128_120_146_120_130,0
LAB,64_128_120_146_120_138,0
LAB,64_128_120_146_120_146,0
LAB,64_128_120_146_128_130,0
LAB,64_128_120_146_128_138,0
LAB,64_128_120_146_128_146,0
LAB,64_128_120_146_136_130,0
LAB,64_128_120_146_136_138,0
LAB,64_128_120_146_136_146,0
LAB,64_128_120_146_144_130,0
LAB,64_128_120_146_144_138,0
LAB,64_128_120_146_144_146,0
LAB,64_128_128_130_120_130,0
LAB,64_128_128_130_120_138,0
LAB,64_128_128_130_120_146,0
LAB,64_128_128_130_128_130,0
LAB,64_128_128_130_128_138,0
LAB,64_128_128_130_128_146,0
LAB,64_128_128_130_136_130,0
LAB,64_128_128_130_136_138,0
LAB,64_128_128_130_136_146,0
LAB,64_128_128_130_144_130,0
LAB,64_128_128_130_144_138,0
LAB,64_128_128_130_144_146,0
LAB,64_128_128_138_120_130,0
LAB,64_128_128_138_120_138,0
LAB,64_128_128_138_120_146,0
LAB,64_128_128_138_128_130,0
LAB,64_128_128_138_128_138,0
LAB,64_128_128_138_128_146,0
LAB,64_128_128_138_136_130,0
LAB,64_128_128_138_136_138,0
LAB,64_128_128_138_136_146,0
LAB,64_128_128_138_144_130,0
LAB,64_128_128_138_144_138,0
LAB,64_128_128_138_144_146,0
LAB,64_128_128_146_120_130,0
LAB,64_128_128_146_120_138,0
LAB,64_128_128_146_120_146,0
LAB,64_128_128_146_128_130,0
LAB,64_128_128_146_128_138,0
LAB,64_128_128_146_128_146,0
LAB,64_128_128_146_136_130,0
LAB,64_128_128_146_136_138,0
LAB,64_128_128_146_136_146,0
LAB,64_128_128_146_144_130,0
LAB,64_128_128_146_144_138,0
LAB,64_128_128_146_144_146,0
LAB,64_128_136_130_120_130,0
LAB,64_128_136_130_120_138,0
LAB,64_128_136_130_120_146,0
LAB,64_128_136_130_128_130,0
LAB,64_128_136_130_128_138,0
LAB,64_128_136_130_128_146,0
LAB,64_128_136_130_136_130,0
LAB,64_128_136_130_136_138,0
LAB,64_128_136_130_136_146,0
LAB,64_128_136_130_144_130,0
LAB,64_128_136_130_144_138,0
LAB,64_128_136_130_144_146,0
LAB,64_128_136_138_120_130,0
LAB,64_128_136_138_120_138,0
LAB,64_128_136_138_120_146,0
LAB,64_128_136_138_128_130,0
LAB,64_128_136_138_128_138,0
LAB,64_128_136_138_128_146,0
LAB,64_128_136_138_136_130,0
LAB,64_128_136_138_136_138,0
LAB,64_128_136_138_136_146,0
LAB,64_128_136_138_144_130,0
LAB,64_128_136_138_144_138,0
LAB,64_128_136_138_144_146,0
LAB,64_128_136_146_120_130,0
LAB,64_128_136_146_120_138,0
LAB,64_128_136_146_120_146,0
LAB,64_128_136_146_128_130,0
LAB,64_128_136_146_128_138,0
LAB,64_128_136_146_128_146,0
LAB,64_128_136_146_136_130,0
LAB,64_128_136_146_136_138,0
LAB,64_128_136_146_136_146,0
LAB,64_128_136_146_144_130,0
LAB,64_128_136_146_144_138,0
LAB,64_128_136_146_144_146,0
LAB,64_128_144_130_120_130,0
LAB,64_128_144_130_120_138,0
LAB,64_128_144_130_120_146,0
LAB,64_128_144_130_128_130,0
LAB,64_128_144_130_128_138,0
LAB,64_128_144_130_128_146,0
LAB,64_128_144_130_136_130,0
LAB,64_128_144_130_136_138,0
LAB,64_128_144_130_136_146,0
LAB,64_128_144_130_144_130,0
LAB,64_128_144_130_144_138,0
LAB,64_128_144_130_144_146,0
LAB,64_128_144_138_120_130,0
LAB,64_128_144_138_120_138,0
LAB,64_128_144_138_120_146,0
LAB,64_128_144_138_128_130,0
LAB,64_128_144_138_128_138,0
LAB,64_128_144_138_128_146,0
LAB,64_128_144_138_136_130,0
LAB,64_128_144_138_136_138,0
LAB,64_128_144_138_136_146,0
LAB,64_128_144_138_144_130,0
LAB,64_128_144_138_144_138,0
LAB,64_128_144_138_144_146,0
LAB,64_128_144_146_120_130,0
LAB,64_128_144_146_120_138,0
LAB,64_128_144_146_120_146,0
LAB,64_128_144_146_128_130,0
LAB,64_128_144_146_128_138,0
LAB,64_128_144_146_128_146,0
LAB,64_128_144_146_136_130,0
LAB,64_128_144_146_136_138,0
LAB,64_128_144_146_136_146,0
LAB,64_128_144_146_144_130,0
LAB,64_128_144_146_144_138,0
LAB,64_128_144_146_144_146,0
LAB,64_192_120_130_120_130,0
LAB,64_192_120_130_120_138,0
LAB,64_192_120_130_120_146,0
LAB,64_192_120_130_128_130,0
LAB,64_192_120_130_128_138,0
LAB,64_192_120_130_128_146,0
LAB,64_192_120_130_136_130,0
LAB,64_192_120_130_136_138,0
LAB,64_192_120_130_136_146,0
LAB,64_192_120_130_144_130,0
LAB,64_192_120_130_144_138,0
LAB,64_192_120_130_144_146,0
LAB,64_192_120_138_120_130,0
LAB,64_192_120_138_120_138,0
LAB,64_192_120_138_120_146,0
LAB,64_192_120_138_128_130,0
LAB,64_192_120_138_128_138,0
LAB,64_192_120_138_128_146,0
LAB,64_192_120_138_136_130,0
LAB,64_192_120_138_136_138,0
LAB,64_192_120_138_136_146,0
LAB,64_192_120_138_144_130,0
LAB,64_192_120_138_144_138,0
LAB,64_192_120_138_144_146,0
LAB,64_192_120_146_120_130,0
LAB,64_192_120_146_120_138,0
LAB,64_192_120_146_120_146,0
LAB,64_192_120_146_128_130,0
LAB,64_192_120_146_128_138,0
LAB,64_192_120_146_128_146,0
LAB,64_192_120_146_136_130,0
LAB,64_192_120_146_136_138,0
LAB,64_192_120_146_136_146,0
LAB,64_192_120_146_144_130,0
LAB,64_192_120_146_144_138,0
LAB,64_192_120_146_144_146,0
LAB,64_192_128_130_120_130,0
LAB,64_192_128_130_120_138,0
LAB,64_192_128_130_120_146,0
LAB,64_192_128_130_128_130,0
LAB,64_192_128_130_128_138,0
LAB,64_192_128_130_128_146,0
LAB,64_192_128_130_136_130,0
LAB,64_192_128_130_136_138,0
LAB,64_192_128_130_136_146,0
LAB,64_192_128_130_144_130,0
LAB,64_192_128_130_144_138,0
LAB,64_192_128_130_144_146,0
LAB,64_192_128_138_120_130,0
LAB,64_192_128_138_120_138,0
LAB,64_192_128_138_120_146,0
LAB,64_192_128_138_128_130,0
LAB,64_192_128_138_128_138,0
LAB,64_192_128_138_128_146,0
LAB,64_192_128_138_136_130,0
LAB,64_192_128_138_136_138,0
LAB,64_192_128_138_136_146,0
LAB,64_192_128_138_144_130,0
LAB,64_192_128_138_144_138,0
LAB,64_192_128_138_144_146,0
LAB,64_192_128_146_120_130,0
LAB,64_192_128_146_120_138,0
LAB,64_192_128_146_120_146,0
LAB,64_192_128_146_128_130,0
LAB,64_192_128_146_128_138,0
LAB,64_192_128_146_128_146,0
LAB,64_192_128_146_136_130,0
LAB,64_192_128_146_136_138,0
LAB,64_192_128_146_136_146,0
LAB,64_192_128_146_144_130,0
LAB,64_192_128_146_144_138,0
LAB,64_192_128_146_144_146,0
LAB,64_192_136_130_120_130,0
LAB,64_192_136_130_120_138,0
LAB,64_192_136_130_120_146,0
LAB,64_192_136_130_128_130,0
LAB,64_192_136_130_128_138,0
LAB,64_192_136_130_128_146,0
LAB,64_192_136_130_136_130,0
LAB,64_192_136_130_136_138,0
LAB,64_192_136_130_136_146,0
LAB,64_192_136_130_144_130,0
LAB,64_192_136_130_144_138,0
LAB,64_192_136_130_144_146,0
LAB,64_192_136_138_120_130,0
LAB,64_192_136_138_120_138,0
LAB,64_192_136_138_120_146,0
LAB,64_192_136_138_128_130,0
LAB,64_192_136_138_128_138,0
LAB,64_192_136_138_128_146,0
LAB,64_192_136_138_136_130,0
LAB,64_192_136_138_136_138,0
LAB,64_192_136_138_136_146,0
LAB,64_192_136_138_144_130,0
LAB,64_192_136_138_144_138,0
LAB,64_192_136_138_144_146,0
LAB,64_192_136_146_120_130,0
LAB,64_192_136_146_120_138,0
LAB,64_192_136_146_120_146,0
LAB,64_192_136_146_128_130,0
LAB,64_192_136_146_128_138,0
LAB,64_192_136_146_128_146,0
LAB,64_192_136_146_136_130,0
LAB,64_192_136_146_136_138,0
LAB,64_192_136_146_136_146,0
LAB,64_192_136_146_144_130,0
LAB,64_192_136_146_144_138,0
LAB,64_192_136_146_144_146,0
LAB,64_192_144_130_120_130,0
LAB,64_192_144_130_120_138,0
LAB,64_192_144_130_120_146,0
LAB,64_192_144_130_128_130,0
LAB,64_192_144_130_128_138,0
LAB,64_192_144_130_128_146,0
LAB,64_192_144_130_136_130,0
LAB,64_192_144_130_136_138,0
LAB,64_192_144_130_136_146,0
LAB,64_192_144_130_144_130,0
LAB,64_192_144_130_144_138,0
LAB,64_192_144_130_144_146,0
LAB,64_192_144_138_120_130,0
LAB,64_192_144_138_120_138,0
LAB,64_192_144_138_120_146,0
LAB,64_192_144_138_128_130,0
LAB,64_192_144_138_128_138,0
LAB,64_192_144_138_128_146,0
LAB,64_192_144_138_136_130,0
LAB,64_192_144_138_136_138,0
LAB,64_192_144_138_136_146,0
LAB,64_192_144_138_144_130,0
LAB,64_192_144_138_144_138,0
LAB,64_192_144_138_144_146,0
LAB,64_192_144_146_120_130,0
LAB,64_192_144_146_120_138,0
LAB,64_192_144_146_120_146,0
LAB,64_192_144_146_128_130,0
LAB,64_192_144_146_128_138,0
LAB,64_192_144_146_128_146,0
LAB,64_192_144_146_136_130,0
LAB,64_192_144_146_136_138,0
LAB,64_192_144_146_136_146,0
LAB,64_192_144_146_144_130,0
LAB,64_192_144_146_144_138,0
LAB,64_192_144_146_144_146,0
LAB,64_256_120_130_120_130,0
LAB,64_256_120_130_120_138,0
LAB,64_256_120_130_120_146,0
LAB,64_256_120_130_128_130,0
LAB,64_256_120_130_128_138,0
LAB,64_256_120_130_128_146,0
LAB,64_256_120_130_136_130,0
LAB,64_256_120_130_136_138,0
LAB,64_256_120_130_136_146,0
LAB,64_256_120_130_144_130,0
LAB,64_256_120_130_144_138,0
LAB,64_256_120_130_144_146,0
LAB,64_256_120_138_120_130,0
LAB,64_256_120_138_120_138,0
LAB,64_256_120_138_120_146,0
LAB,64_256_120_138_128_130,0
LAB,64_256_120_138_128_138,0
LAB,64_256_120_138_128_146,0
LAB,64_256_120_138_136_130,0
LAB,64_256_120_138_136_138,0
LAB,64_256_120_138_136_146,0
LAB,64_256_120_138_144_130,0
LAB,64_256_120_138_144_138,0
LAB,64_256_120_138_144_146,0
LAB,64_256_120_146_120_130,0
LAB,64_256_120_146_120_138,0
LAB,64_256_120_146_120_146,0
LAB,64_256_120_146_128_130,0
LAB,64_256_120_146_128_138,0
LAB,64_256_120_146_128_146,0
LAB,64_256_120_146_136_130,0
LAB,64_256_120_146_136_138,0
LAB,64_256_120_146_136_146,0
LAB,64_256_120_146_144_130,0
LAB,64_256_120_146_144_138,0
LAB,64_256_120_146_144_146,0
LAB,64_256_128_130_120_130,0
LAB,64_256_128_130_120_138,0
LAB,64_256_128_130_120_146,0
LAB,64_256_128_130_128_130,0
LAB,64_256_128_130_128_138,0
LAB,64_256_128_130_128_146,0
LAB,64_256_128_130_136_130,0
LAB,64_256_128_130_136_138,0
LAB,64_256_128_130_136_146,0
LAB,64_256_128_130_144_130,0
LAB,64_256_128_130_144_138,0
LAB,64_256_128_130_144_146,0
LAB,64_256_128_138_120_130,0
LAB,64_256_128_138_120_138,0
LAB,64_256_128_138_120_146,0
LAB,64_256_128_138_128_130,0
LAB,64_256_128_138_128_138,0
LAB,64_256_128_138_128_146,0
LAB,64_256_128_138_136_130,0
LAB,64_256_128_138_136_138,0
LAB,64_256_128_138_136_146,0
LAB,64_256_128_138_144_130,0
LAB,64_256_128_138_144_138,0
LAB,64_256_128_138_144_146,0
LAB,64_256_128_146_120_130,0
LAB,64_256_128_146_120_138,0
LAB,64_256_128_146_120_146,0
LAB,64_256_128_146_128_130,0
LAB,64_256_128_146_128_138,0
LAB,64_256_128_146_128_146,0
LAB,64_256_128_146_136_130,0
LAB,64_256_128_146_136_138,0
LAB,64_256_128_146_136_146,0
LAB,64_256_128_146_144_130,0
LAB,64_256_128_146_144_138,0
LAB,64_256_128_146_144_146,0
LAB,64_256_136_130_120_130,0
LAB,64_256_136_130_120_138,0
LAB,64_256_136_130_120_146,0
LAB,64_256_136_130_128_130,0
LAB,64_256_136_130_128_138,0
LAB,64_256_136_130_128_146,0
LAB,64_256_136_130_136_130,0
LAB,64_256_136_130_136_138,0
LAB,64_256_136_130_136_146,0
LAB,64_256_136_130_144_130,0
LAB,64_256_136_130_144_138,0
LAB,64_256_136_130_144_146,0
LAB,64_256_136_138_120_130,0
LAB,64_256_136_138_120_138,0
LAB,64_256_136_138_120_146,0
LAB,64_256_136_138_128_130,0
LAB,64_256_136_138_128_138,0
LAB,64_256_136_138_128_146,0
LAB,64_256_136_138_136_130,0
LAB,64_256_136_138_136_138,0
LAB,64_256_136_138_136_146,0
LAB,64_256_136_138_144_130,0
LAB,64_256_136_138_144_138,0
LAB,64_256_136_138_144_146,0
LAB,64_256_136_146_120_130,0
LAB,64_256_136_146_120_138,0
LAB,64_256_136_146_120_146,0
LAB,64_256_136_146_128_130,0
LAB,64_256_136_146_128_138,0
LAB,64_256_136_146_128_146,0
LAB,64_256_136_146_136_130,0
LAB,64_256_136_146_136_138,0
LAB,64_256_136_146_136_146,0
LAB,64_256_136_146_144_130,0
LAB,64_256_136_146_144_138,0
LAB,64_256_136_146_144_146,0
LAB,64_256_144_130_120_130,0
LAB,64_256_144_130_120_138,0
LAB,64_256_144_130_120_146,0
LAB,64_256_144_130_128_130,0
LAB,64_256_144_130_128_138,0
LAB,64_256_144_130_128_146,0
LAB,64_256_144_130_136_130,0
LAB,64_256_144_130_136_138,0
LAB,64_256_144_130_136_146,0
LAB,64_256_144_130_144_130,0
LAB,64_256_144_130_144_138,0
LAB,64_256_144_130_144_146,0
LAB,64_256_144_138_120_130,0
LAB,64_256_144_138_120_138,0
LAB,64_256_144_138_120_146,0
LAB,64_256_144_138_128_130,0
LAB,64_256_144_138_128_138,0
LAB,64_256_144_138_128_146,0
LAB,64_256_144_138_136_130,0
LAB,64_256_144_138_136_138,0
LAB,64_256_144_138_136_146,0
LAB,64_256_144_138_144_130,0
LAB,64_256_144_138_144_138,0
LAB,64_256_144_138_144_146,0
LAB,64_256_144_146_120_130,0
LAB,64_256_144_146_120_138,0
LAB,64_256_144_146_120_146,0
LAB,64_256_144_146_128_130,0
LAB,64_256_144_146_128_138,0
LAB,64_256_144_146_128_146,0
LAB,64_256_144_146_136_130,0
LAB,64_256_144_146_136_138,0
LAB,64_256_144_146_136_146,0
LAB,64_256_144_146_144_130,0
LAB,64_256_144_146_144_138,0
LAB,64_256_144_146_144_146,0
LAB,128_64_120_130_120_130,0
LAB,128_64_120_130_120_138,0
LAB,128_64_120_130_120_146,0
LAB,128_64_120_130_128_130,0
LAB,128_64_120_130_128_138,0
LAB,128_64_120_130_128_146,0
LAB,128_64_120_130_136_130,0
LAB,128_64_120_130_136_138,0
LAB,128_64_120_130_136_146,0
LAB,128_64_120_130_144_130,0
LAB,128_64_120_130_144_138,0
LAB,128_64_120_130_144_146,0
LAB,128_64_120_138_120_130,0
LAB,128_64_120_138_120_138,0
LAB,128_64_120_138_120_146,0
LAB,128_64_120_138_128_130,0
LAB,128_64_120_138_128_138,0
LAB,128_64_120_138_128_146,0
LAB,128_64_120_138_136_130,0
LAB,128_64_120_138_136_138,0
LAB,128_64_120_138_136_146,0
LAB,128_64_120_138_144_130,0
LAB,128_64_120_138_144_138,0
LAB,128_64_120_138_144_146,0
LAB,128_64_120_146_120_130,0
LAB,128_64_120_146_120_138,0
LAB,128_64_120_146_120_146,0
LAB,128_64_120_146_128_130,0
LAB,128_64_120_146_128_138,0
LAB,128_64_120_146_128_146,0
LAB,128_64_120_146_136_130,0
LAB,128_64_120_146_136_138,0
LAB,128_64_120_146_136_146,0
LAB,128_64_120_146_144_130,0
LAB,128_64_120_146_144_138,0
LAB,128_64_120_146_144_146,0
LAB,128_64_128_130_120_130,0
LAB,128_64_128_130_120_138,0
LAB,128_64_128_130_120_146,0
LAB,128_64_128_130_128_130,0
LAB,128_64_128_130_128_138,0
LAB,128_64_128_130_128_146,0
LAB,128_64_128_130_136_130,0
LAB,128_64_128_130_136_138,0
LAB,128_64_128_130_136_146,0
LAB,128_64_128_130_144_130,0
LAB,128_64_128_130_144_138,0
LAB,128_64_128_130_144_146,0
LAB,128_64_128_138_120_130,0
LAB,128_64_128_138_120_138,0
LAB,128_64_128_138_120_146,0
LAB,128_64_128_138_128_130,0
LAB,128_64_128_138_128_138,0
LAB,128_64_128_138_128_146,0
LAB,128_64_128_138_136_130,0
LAB,128_64_128_138_136_138,0
LAB,128_64_128_138_136_146,0
LAB,128_64_128_138_144_130,0
LAB,128_64_128_138_144_138,0
LAB,128_64_128_138_144_146,0
LAB,128_64_128_146_120_130,0
LAB,128_64_128_146_120_138,0
LAB,128_64_128_146_120_146,0
LAB,128_64_128_146_128_130,0
LAB,128_64_128_146_128_138,0
LAB,128_64_128_146_128_146,0
LAB,128_64_128_146_136_130,0
LAB,128_64_128_146_136_138,0
LAB,128_64_128_146_136_146,0
LAB,128_64_128_146_144_130,0
LAB,128_64_128_146_144_138,0
LAB,128_64_128_146_144_146,0
LAB,128_64_136_130_120_130,0
LAB,128_64_136_130_120_138,0
LAB,128_64_136_130_120_146,0
LAB,128_64_136_130_128_130,0
LAB,128_64_136_130_128_138,0
LAB,128_64_136_130_128_146,0
LAB,128_64_136_130_136_130,0
LAB,128_64_136_130_136_138,0
LAB,128_64_136_130_136_146,0
LAB,128_64_136_130_144_130,0
LAB,128_64_136_130_144_138,0
LAB,128_64_136_130_144_146,0
LAB,128_64_136_138_120_130,0
LAB,128_64_136_138_120_138,0
LAB,128_64_136_138_120_146,0
LAB,128_64_136_138_128_130,0
LAB,128_64_136_138_128_138,0
LAB,128_64_136_138_128_146,0
LAB,128_64_136_138_136_130,0
LAB,128_64_136_138_136_138,0
LAB,128_64_136_138_136_146,0
LAB,128_64_136_138_144_130,0
LAB,128_64_136_138_144_138,0
LAB,128_64_136_138_144_146,0
LAB,128_64_136_146_120_130,0
LAB,128_64_136_146_120_138,0
LAB,128_64_136_146_120_146,0
LAB,128_64_136_146_128_130,0
LAB,128_64_136_146_128_138,0
LAB,128_64_136_146_128_146,0
LAB,128_64_136_146_136_130,0
LAB,128_64_136_146_136_138,0
LAB,128_64_136_146_136_146,0
LAB,128_64_136_146_144_130,0
LAB,128_64_136_146_144_138,0
LAB,128_64_136_146_144_146,0
LAB,128_64_144_130_120_130,0
LAB,128_64_144_130_120_138,0
LAB,128_64_144_130_120_146,0
LAB,128_64_144_130_128_130,0
LAB,128_64_144_130_128_138,0
LAB,128_64_144_130_128_146,0
LAB,128_64_144_130_136_130,0
LAB,128_64_144_130_136_138,0
LAB,128_64_144_130_136_146,0
LAB,128_64_144_130_144_130,0
LAB,128_64_144_130_144_138,0
LAB,128_64_144_130_144_146,0
LAB,128_64_144_138_120_130,0
LAB,128_64_144_138_120_138,0
LAB,128_64_144_138_120_146,0
LAB,128_64_144_138_128_130,0
LAB,128_64_144_138_128_138,0
LAB,128_64_144_138_128_146,0
LAB,128_64_144_138_136_130,0
LAB,128_64_144_138_136_138,0
LAB,128_64_144_138_136_146,0
LAB,128_64_144_138_144_130,0
LAB,128_64_144_138_144_138,0
LAB,128_64_144_138_144_146,0
LAB,128_64_144_146_120_130,0
LAB,128_64_144_146_120_138,0
LAB,128_64_144_146_120_146,0
LAB,128_64_144_146_128_130,0
LAB,128_64_144_146_128_138,0
LAB,128_64_144_146_128_146,0
LAB,128_64_144_146_136_130,0
LAB,128_64_144_146_136_138,0
LAB,128_64_144_146_136_146,0
LAB,128_64_144_146_144_130,0
LAB,128_64_144_146_144_138,0
LAB,128_64_144_146_144_146,0
LAB,128_128_120_130_120_130,0
LAB,128_128_120_130_120_138,0
LAB,128_128_120_130_120_146,0
LAB,128_128_120_130_128_130,0
LAB,128_128_120_130_128_138,0
LAB,128_128_120_130_128_146,0
LAB,128_128_120_130_136_130,0
LAB,128_128_120_130_136_138,0
LAB,128_128_120_130_136_146,0
LAB,128_128_120_130_144_130,0
LAB,128_128_120_130_144_138,0
LAB,128_128_120_130_144_146,0
LAB,128_128_120_138_120_130,0
LAB,128_128_120_138_120_138,0
LAB,128_128_120_138_120_146,0
LAB,128_128_120_138_128_130,0
LAB,128_128_120_138_128_138,0
LAB,128_128_120_138_128_146,0
LAB,128_128_120_138_136_130,0
LAB,128_128_120_138_136_138,0
LAB,128_128_120_138_136_146,0
LAB,128_128_120_138_144_130,0
LAB,128_128_120_138_144_138,0
LAB,128_128_120_138_144_146,0
LAB,128_128_120_146_120_130,0
LAB,128_128_120_146_120_138,0
LAB,128_128_120_146_120_146,0
LAB,128_128_120_146_128_130,0
LAB,128_128_120_146_128_138,0
LAB,128_128_120_146_128_146,0
LAB,128_128_120_146_136_130,0
LAB,128_128_120_146_136_138,0
LAB,128_128_120_146_136_146,0
LAB,128_128_120_146_144_130,0
LAB,128_128_120_146_144_138,0
LAB,128_128_120_146_144_146,0
LAB,128_128_128_130_120_130,0
LAB,128_128_128_130_120_138,0
LAB,128_128_128_130_120_146,0
LAB,128_128_128_130_128_130,0
LAB,128_128_128_130_128_138,0
LAB,128_128_128_130_128_146,0
LAB,128_128_128_130_136_130,0
LAB,128_128_128_130_136_138,0
LAB,128_128_128_130_136_146,0
LAB,128_128_128_130_144_130,0
LAB,128_128_128_130_144_138,0
LAB,128_128_128_130_144_146,0
LAB,128_128_128_138_120_130,0
LAB,128_128_128_138_120_138,0
LAB,128_128_128_138_120_146,0
LAB,128_128_128_138_128_130,0
LAB,128_128_128_138_128_138,0
LAB,128_128_128_138_128_146,0
LAB,128_128_128_138_136_130,0
LAB,128_128_128_138_136_138,0
LAB,128_128_128_138_136_146,0
LAB,128_128_128_138_144_130,0
LAB,128_128_128_138_144_138,0
LAB,128_128_128_138_144_146,0
LAB,128_128_128_146_120_130,0
LAB,128_128_128_146_120_138,0
LAB,128_128_128_146_120_146,0
LAB,128_128_128_146_128_130,0
LAB,128_128_128_146_128_138,0
LAB,128_128_128_146_128_146,0
LAB,128_128_128_146_136_130,0
LAB,128_128_128_146_136_138,0
LAB,128_128_128_146_136_146,0
LAB,128_128_128_146_144_130,0
LAB,128_128_128_146_144_138,0
LAB,128_128_128_146_144_146,0
LAB,128_128_136_130_120_130,0
LAB,128_128_136_130_120_138,0
LAB,128_128_136_130_120_146,0
LAB,128_128_136_130_128_130,0
LAB,128_128_136_130_128_138,0
LAB,128_128_136_130_128_146,0
LAB,128_128_136_130_136_130,0
LAB,128_128_136_130_136_138,0
LAB,128_128_136_130_136_146,0
LAB,128_128_136_130_144_130,0
LAB,128_128_136_130_144_138,0
LAB,128_128_136_130_144_146,0
LAB,128_128_136_138_120_130,0
LAB,128_128_136_138_120_138,0
LAB,128_128_136_138_120_146,0
LAB,128_128_136_138_128_130,0
LAB,128_128_136_138_128_138,0
LAB,128_128_136_138_128_146,0
LAB,128_128_136_138_136_130,0
LAB,128_128_136_138_136_138,0
LAB,128_128_136_138_136_146,0
LAB,128_128_136_138_144_130,0
LAB,128_128_136_138_144_138,0
LAB,128_128_136_138_144_146,0
LAB,128_128_136_146_120_130,0
LAB,128_128_136_146_120_138,0
LAB,128_128_136_146_120_146,0
LAB,128_128_136_146_128_130,0
LAB,128_128_136_146_128_138,0
LAB,128_128_136_146_128_146,0
LAB,128_128_136_146_136_130,0
LAB,128_128_136_146_136_138,0
LAB,128_128_136_146_136_146,0
LAB,128_128_136_146_144_130,0
LAB,128_128_136_146_144_138,0
LAB,128_128_136_146_144_146,0
LAB,128_128_144_130_120_130,0
LAB,128_128_144_130_120_138,0
LAB,128_128_144_130_120_146,0
LAB,128_128_144_130_128_130,0
LAB,128_128_144_130_128_138,0
LAB,128_128_144_130_128_146,0
LAB,128_128_144_130_136_130,0
LAB,128_128_144_130_136_138,0
LAB,128_128_144_130_136_146,0
LAB,128_128_144_130_144_130,0
LAB,128_128_144_130_144_138,0
LAB,128_128_144_130_144_146,0
LAB,128_128_144_138_120_130,0
LAB,128_128_144_138_120_138,0
LAB,128_128_144_138_120_146,0
LAB,128_128_144_138_128_130,0
LAB,128_128_144_138_128_138,0
LAB,128_128_144_138_128_146,0
LAB,128_128_144_138_136_130,0
LAB,128_128_144_138_136_138,0
LAB,128_128_144_138_136_146,0
LAB,128_128_144_138_144_130,0
LAB,128_128_144_138_144_138,0
LAB,128_128_144_138_144_146,0
LAB,128_128_144_146_120_130,0
LAB,128_128_144_146_120_138,0
LAB,128_128_144_146_120_146,0
LAB,128_128_144_146_128_130,0
LAB,128_128_144_146_128_138,0
LAB,128_128_144_146_128_146,0
LAB,128_128_144_146_136_130,0
LAB,128_128_144_146_136_138,0
LAB,128_128_144_146_136_146,0
LAB,128_128_144_146_144_130,0
LAB,128_128_144_146_144_138,0
LAB,128_128_144_146_144_146,0
LAB,128_192_120_130_120_130,0
LAB,128_192_120_130_120_138,0
LAB,128_192_120_130_120_146,0
LAB,128_192_120_130_128_130,0
LAB,128_192_120_130_128_138,0
LAB,128_192_120_130_128_146,0
LAB,128_192_120_130_136_130,0
LAB,128_192_120_130_136_138,0
LAB,128_192_120_130_136_146,0
LAB,128_192_120_130_144_130,0
LAB,128_192_120_130_144_138,0
LAB,128_192_120_130_144_146,0
LAB,128_192_120_138_120_130,0
LAB,128_192_120_138_120_138,0
LAB,128_192_120_138_120_146,0
LAB,128_192_120_138_128_130,0
LAB,128_192_120_138_128_138,0
LAB,128_192_120_138_128_146,0
LAB,128_192_120_138_136_130,0
LAB,128_192_120_138_136_138,0
LAB,128_192_120_138_136_146,0
LAB,128_192_120_138_144_130,0
LAB,128_192_120_138_144_138,0
LAB,128_192_120_138_144_146,0
LAB,128_192_120_146_120_130,0
LAB,128_192_120_146_120_138,0
LAB,128_192_120_146_120_146,0
LAB,128_192_120_146_128_130,0
LAB,128_192_120_146_128_138,0
LAB,128_192_120_146_128_146,0
LAB,128_192_120_146_136_130,0
LAB,128_192_120_146_136_138,0
LAB,128_192_120_146_136_146,0
LAB,128_192_120_146_144_130,0
LAB,128_192_120_146_144_138,0
LAB,128_192_120_146_144_146,0
LAB,128_192_128_130_120_130,0
LAB,128_192_128_130_120_138,0
LAB,128_192_128_130_120_146,0
LAB,128_192_128_130_128_130,0
LAB,128_192_128_130_128_138,0
LAB,128_192_128_130_128_146,0
LAB,128_192_128_130_136_130,0
LAB,128_192_128_130_136_138,0
LAB,128_192_128_130_136_146,0
LAB,128_192_128_130_144_130,0
LAB,128_192_128_130_144_138,0
LAB,128_192_128_130_144_146,0
LAB,128_192_128_138_120_130,0
LAB,128_192_128_138_120_138,0
LAB,128_192_128_138_120_146,0
LAB,128_192_128_138_128_130,0
LAB,128_192_128_138_128_138,0
LAB,128_192_128_138_128_146,0
LAB,128_192_128_138_136_130,0
LAB,128_192_128_138_136_138,0
LAB,128_192_128_138_136_146,0
LAB,128_192_128_138_144_130,0
LAB,128_192_128_138_144_138,0
LAB,128_192_128_138_144_146,0
LAB,128_192_128_146_120_130,0
LAB,128_192_128_146_120_138,0
LAB,128_192_128_146_120_146,0
LAB,128_192_128_146_128_130,0
LAB,128_192_128_146_128_138,0
LAB,128_192_128_146_128_146,0
LAB,128_192_128_146_136_130,0
LAB,128_192_128_146_136_138,0
LAB,128_192_128_146_136_146,0
LAB,128_192_128_146_144_130,0
LAB,128_192_128_146_144_138,0
LAB,128_192_128_146_144_146,0
LAB,128_192_136_130_120_130,0
LAB,128_192_136_130_120_138,0
LAB,128_192_136_130_120_146,0
LAB,128_192_136_130_128_130,0
LAB,128_192_136_130_128_138,0
LAB,128_192_136_130_128_146,0
LAB,128_192_136_130_136_130,0
LAB,128_192_136_130_136_138,0
LAB,128_192_136_130_136_146,0
LAB,128_192_136_130_144_130,0
LAB,128_192_136_130_144_138,0
LAB,128_192_136_130_144_146,0
LAB,128_192_136_138_120_130,0
LAB,128_192_136_138_120_138,0
LAB,128_192_136_138_120_146,0
LAB,128_192_136_138_128_130,0
LAB,128_192_136_138_128_138,0
LAB,128_192_136_138_128_146,0
LAB,128_192_136_138_136_130,0
LAB,128_192_136_138_136_138,0
LAB,128_192_136_138_136_146,0
LAB,128_192_136_138_144_130,0
LAB,128_192_136_138_144_138,0
LAB,128_192_136_138_144_146,0
LAB,128_192_136_146_120_130,0
LAB,128_192_136_146_120_138,0
LAB,128_192_136_146_120_146,0
LAB,128_192_136_146_128_130,0
LAB,128_192_136_146_128_138,0
LAB,128_192_136_146_128_146,0
LAB,128_192_136_146_136_130,0
LAB,128_192_136_146_136_138,0
LAB,128_192_136_146_136_146,0
LAB,128_192_136_146_144_130,0
LAB,128_192_136_146_144_138,0
LAB,128_192_136_146_144_146,0
LAB,128_192_144_130_120_130,0
LAB,128_192_144_130_120_138,0
LAB,128_192_144_130_120_146,0
LAB,128_192_144_130_128_130,0
LAB,128_192_144_130_128_138,0
LAB,128_192_144_130_128_146,0
LAB,128_192_144_130_136_130,0
LAB,128_192_144_130_136_138,0
LAB,128_192_144_130_136_146,0
LAB,128_192_144_130_144_130,0
LAB,128_192_144_130_144_138,0
LAB,128_192_144_130_144_146,0
LAB,128_192_144_138_120_130,0
LAB,128_192_144_138_120_138,0
LAB,128_192_144_138_120_146,0
LAB,128_192_144_138_128_130,0
LAB,128_192_144_138_128_138,0
LAB,128_192_144_138_128_146,0
LAB,128_192_144_138_136_130,0
LAB,128_192_144_138_136_138,0
LAB,128_192_144_138_136_146,0
LAB,128_192_144_138_144_130,0
LAB,128_192_144_138_144_138,0
LAB,128_192_144_138_144_146,0
LAB,128_192_144_146_120_130,0
LAB,128_192_144_146_120_138,0
LAB,128_192_144_146_120_146,0
LAB,128_192_144_146_128_130,0
LAB,128_192_144_146_128_138,0
LAB,128_192_144_146_128_146,0
LAB,128_192_144_146_136_130,0
LAB,128_192_144_146_136_138,0
LAB,128_192_144_146_136_146,0
LAB,128_192_144_146_144_130,0
LAB,128_192_144_146_144_138,0
LAB,128_192_144_146_144_146,0
LAB,128_256_120_130_120_130,0
LAB,128_256_120_130_120_138,0
LAB,128_256_120_130_120_146,0
LAB,128_256_120_130_128_130,0
LAB,128_256_120_130_128_138,0
LAB,128_256_120_130_128_146,0
LAB,128_256_120_130_136_130,0
LAB,128_256_120_130_136_138,0
LAB,128_256_120_130_136_146,0
LAB,128_256_120_130_144_130,0
LAB,128_256_120_130_144_138,0
LAB,128_256_120_130_144_146,0
LAB,128_256_120_138_120_130,0
LAB,128_256_120_138_120_138,0
LAB,128_256_120_138_120_146,0
LAB,128_256_120_138_128_130,0
LAB,128_256_120_138_128_138,0
LAB,128_256_120_138_128_146,0
LAB,128_256_120_138_136_130,0
LAB,128_256_120_138_136_138,0
LAB,128_256_120_138_136_146,0
LAB,128_256_120_138_144_130,0
LAB,128_256_120_138_144_138,0
LAB,128_256_120_138_144_146,0
LAB,128_256_120_146_120_130,0
LAB,128_256_120_146_120_138,0
LAB,128_256_120_146_120_146,0
LAB,128_256_120_146_128_130,0
LAB,128_256_120_146_128_138,0
LAB,128_256_120_146_128_146,0
LAB,128_256_120_146_136_130,0
LAB,128_256_120_146_136_138,0
LAB,128_256_120_146_136_146,0
LAB,128_256_120_146_144_130,0
LAB,128_256_120_146_144_138,0
LAB,128_256_120_146_144_146,0
LAB,128_256_128_130_120_130,0
LAB,128_256_128_130_120_138,0
LAB,128_256_128_130_120_146,0
LAB,128_256_128_130_128_130,0
LAB,128_256_128_130_128_138,0
LAB,128_256_128_130_128_146,0
LAB,128_256_128_130_136_130,0
LAB,128_256_128_130_136_138,0
LAB,128_256_128_130_136_146,0
LAB,128_256_128_130_144_130,0
LAB,128_256_128_130_144_138,0
LAB,128_256_128_130_144_146,0
LAB,128_256_128_138_120_130,0
LAB,128_256_128_138_120_138,0
LAB,128_256_128_138_120_146,0
LAB,128_256_128_138_128_130,0
LAB,128_256_128_138_128_138,0
LAB,128_256_128_138_128_146,0
LAB,128_256_128_138_136_130,0
LAB,128_256_128_138_136_138,0
LAB,128_256_128_138_136_146,0
LAB,128_256_128_138_144_130,0
LAB,128_256_128_138_144_138,0
LAB,128_256_128_138_144_146,0
LAB,128_256_128_146_120_130,0
LAB,128_256_128_146_120_138,0
LAB,128_256_128_146_120_146,0
LAB,128_256_128_146_128_130,0
LAB,128_256_128_146_128_138,0
LAB,128_256_128_146_128_146,0
LAB,128_256_128_146_136_130,0
LAB,128_256_128_146_136_138,0
LAB,128_256_128_146_136_146,0
LAB,128_256_128_146_144_130,0
LAB,128_256_128_146_144_138,0
LAB,128_256_128_146_144_146,0
LAB,128_256_136_130_120_130,0
LAB,128_256_136_130_120_138,0
LAB,128_256_136_130_120_146,0
LAB,128_256_136_130_128_130,0
LAB,128_256_136_130_128_138,0
LAB,128_256_136_130_128_146,0
LAB,128_256_136_130_136_130,0
LAB,128_256_136_130_136_138,0
LAB,128_256_136_130_136_146,0
LAB,128_256_136_130_144_130,0
LAB,128_256_136_130_144_138,0
LAB,128_256_136_130_144_146,0
LAB,128_256_136_138_120_130,0
LAB,128_256_136_138_120_138,0
LAB,128_256_136_138_120_146,0
LAB,128_256_136_138_128_130,0
LAB,128_256_136_138_128_138,0
LAB,128_256_136_138_128_146,0
LAB,128_256_136_138_136_130,0
LAB,128_256_136_138_136_138,0
LAB,128_256_136_138_136_146,0
LAB,128_256_136_138_144_130,0
LAB,128_256_136_138_144_138,0
LAB,128_256_136_138_144_146,0
LAB,128_256_136_146_120_130,0
LAB,128_256_136_146_120_138,0
LAB,128_256_136_146_120_146,0
LAB,128_256_136_146_128_130,0
LAB,128_256_136_146_128_138,0
LAB,128_256_136_146_128_146,0
LAB,128_256_136_146_136_130,0
LAB,128_256_136_146_136_138,0
LAB,128_256_136_146_136_146,0
LAB,128_256_136_146_144_130,0
LAB,128_256_136_146_144_138,0
LAB,128_256_136_146_144_146,0
LAB,128_256_144_130_120_130,0
LAB,128_256_144_130_120_138,0
LAB,128_256_144_130_120_146,0
LAB,128_256_144_130_128_130,0
LAB,128_256_144_130_128_138,0
LAB,128_256_144_130_128_146,0
LAB,128_256_144_130_136_130,0
LAB,128_256_144_130_136_138,0
LAB,128_256_144_130_136_146,0
LAB,128_256_144_130_144_130,0
LAB,128_256_144_130_144_138,0
LAB,128_256_144_130_144_146,0
LAB,128_256_144_138_120_130,0
LAB,128_256_144_138_120_138,0
LAB,128_256_144_138_120_146,0
LAB,128_256_144_138_128_130,0
LAB,128_256_144_138_128_138,0
LAB,128_256_144_138_128_146,0
LAB,128_256_144_138_136_130,0
LAB,128_256_144_138_136_138,0
LAB,128_256_144_138_136_146,0
LAB,128_256_144_138_144_130,0
LAB,128_256_144_138_144_138,0
LAB,128_256_144_138_144_146,0
LAB,128_256_144_146_120_130,0
LAB,128_256_144_146_120_138,0
LAB,128_256_144_146_120_146,0
LAB,128_256_144_146_128_130,0
LAB,128_256_144_146_128_138,0
LAB,128_256_144_146_128_146,0
LAB,128_256_144_146_136_130,0
LAB,128_256_144_146_136_138,0
LAB,128_256_144_146_136_146,0
LAB,128_256_144_146_144_130,0
LAB,128_256_144_146_144_138,0
LAB,128_256_144_146_144_146,0
LAB,192_64_120_130_120_130,0
LAB,192_64_120_130_120_138,0
LAB,192_64_120_130_120_146,0
LAB,192_64_120_130_128_130,0
LAB,192_64_120_130_128_138,0
LAB,192_64_120_130_128_146,0
LAB,192_64_120_130_136_130,0
LAB,192_64_120_130_136_138,0
LAB,192_64_120_130_136_146,0
LAB,192_64_120_130_144_130,0
LAB,192_64_120_130_144_138,0
LAB,192_64_120_130_144_146,0
LAB,192_64_120_138_120_130,0
LAB,192_64_120_138_120_138,0
LAB,192_64_120_138_120_146,0
LAB,192_64_120_138_128_130,0
LAB,192_64_120_138_128_138,0
LAB,192_64_120_138_128_146,0
LAB,192_64_120_138_136_130,0
LAB,192_64_120_138_136_138,0
LAB,192_64_120_138_136_146,0
LAB,192_64_120_138_144_130,0
LAB,192_64_120_138_144_138,0
LAB,192_64_120_138_144_146,0
LAB,192_64_120_146_120_130,0
LAB,192_64_120_146_120_138,0
LAB,192_64_120_146_120_146,0
LAB,192_64_120_146_128_130,0
LAB,192_64_120_146_128_138,0
LAB,192_64_120_146_128_146,0
LAB,192_64_120_146_136_130,0
LAB,192_64_120_146_136_138,0
LAB,192_64_120_146_136_146,0
LAB,192_64_120_146_144_130,0
LAB,192_64_120_146_144_138,0
LAB,192_64_120_146_144_146,0
LAB,192_64_128_130_120_130,0
LAB,192_64_128_130_120_138,0
LAB,192_64_128_130_120_146,0
LAB,192_64_128_130_128_130,0
LAB,192_64_128_130_128_138,0
LAB,192_64_128_130_128_146,0
LAB,192_64_128_130_136_130,0
LAB,192_64_128_130_136_138,0
LAB,192_64_128_130_136_146,0
LAB,192_64_128_130_144_130,0
LAB,192_64_128_130_144_138,0
LAB,192_64_128_130_144_146,0
LAB,192_64_128_138_120_130,0
LAB,192_64_128_138_120_138,0
LAB,192_64_128_138_120_146,0
LAB,192_64_128_138_128_130,0
LAB,192_64_128_138_128_138,0
LAB,192_64_128_138_128_146,0
LAB,192_64_128_138_136_130,0
LAB,192_64_128_138_136_138,0
LAB,192_64_128_138_136_146,0
LAB,192_64_128_138_144_130,0
LAB,192_64_128_138_144_138,0
LAB,192_64_128_138_144_146,0
LAB,192_64_128_146_120_130,0
LAB,192_64_128_146_120_138,0
LAB,192_64_128_146_120_146,0
LAB,192_64_128_146_128_130,0
LAB,192_64_128_146_128_138,0
LAB,192_64_128_146_128_146,0
LAB,192_64_128_146_136_130,0
LAB,192_64_128_146_136_138,0
LAB,192_64_128_146_136_146,0
LAB,192_64_128_146_144_130,0
LAB,192_64_128_146_144_138,0
LAB,192_64_128_146_144_146,0
LAB,192_64_136_130_120_130,0
LAB,192_64_136_130_120_138,0
LAB,192_64_136_130_120_146,0
LAB,192_64_136_130_128_130,0
LAB,192_64_136_130_128_138,0
LAB,192_64_136_130_128_146,0
LAB,192_64_136_130_136_130,0
LAB,192_64_136_130_136_138,0
LAB,192_64_136_130_136_146,0
LAB,192_64_136_130_144_130,0
LAB,192_64_136_130_144_138,0
LAB,192_64_136_130_144_146,0
LAB,192_64_136_138_120_130,0
LAB,192_64_136_138_120_138,0
LAB,192_64_136_138_120_146,0
LAB,192_64_136_138_128_130,0
LAB,192_64_136_138_128_138,0
LAB,192_64_136_138_128_146,0
LAB,192_64_136_138_136_130,0
LAB,192_64_136_138_136_138,0
LAB,192_64_136_138_136_146,0
LAB,192_64_136_138_144_130,0
LAB,192_64_136_138_144_138,0
LAB,192_64_136_138_144_146,0
LAB,192_64_136_146_120_130,0
LAB,192_64_136_146_120_138,0
LAB,192_64_136_146_120_146,0
LAB,192_64_136_146_128_130,0
LAB,192_64_136_146_128_138,0
LAB,192_64_136_146_128_146,0
LAB,192_64_136_146_136_130,0
LAB,192_64_136_146_136_138,0
LAB,192_64_136_146_136_146,0
LAB,192_64_136_146_144_130,0
LAB,192_64_136_146_144_138,0
LAB,192_64_136_146_144_146,0
LAB,192_64_144_130_120_130,0
LAB,192_64_144_130_120_138,0
LAB,192_64_144_130_120_146,0
LAB,192_64_144_130_128_130,0
LAB,192_64_144_130_128_138,0
LAB,192_64_144_130_128_146,0
LAB,192_64_144_130_136_130,0
LAB,192_64_144_130_136_138,0
LAB,192_64_144_130_136_146,0
LAB,192_64_144_130_144_130,0
LAB,192_64_144_130_144_138,0
LAB,192_64_144_130_144_146,0
LAB,192_64_144_138_120_130,0
LAB,192_64_144_138_120_138,0
LAB,192_64_144_138_120_146,0
LAB,192_64_144_138_128_130,0
LAB,192_64_144_138_128_138,0
LAB,192_64_144_138_128_146,0
LAB,192_64_144_138_136_130,0
LAB,192_64_144_138_136_138,0
LAB,192_64_144_138_136_146,0
LAB,192_64_144_138_144_130,0
LAB,192_64_144_138_144_138,0
LAB,192_64_144_138_144_146,0
LAB,192_64_144_146_120_130,0
LAB,192_64_144_146_120_138,0
LAB,192_64_144_146_120_146,0
LAB,192_64_144_146_128_130,0
LAB,192_64_144_146_128_138,0
LAB,192_64_144_146_128_146,0
LAB,192_64_144_146_136_130,0
LAB,192_64_144_146_136_138,0
LAB,192_64_144_146_136_146,0
LAB,192_64_144_146_144_130,0
LAB,192_64_144_146_144_138,0
LAB,192_64_144_146_144_146,0
LAB,192_128_120_130_120_130,0
LAB,192_128_120_130_120_138,0
LAB,192_128_120_130_120_146,0
LAB,192_128_120_130_128_130,0
LAB,192_128_120_130_128_138,0
LAB,192_128_120_130_128_146,0
LAB,192_128_120_130_136_130,0
LAB,192_128_120_130_136_138,0
LAB,192_128_120_130_136_146,0
LAB,192_128_120_130_144_130,0
LAB,192_128_120_130_144_138,0
LAB,192_128_120_130_144_146,0
LAB,192_128_120_138_120_130,0
LAB,192_128_120_138_120_138,0
LAB,192_128_120_138_120_146,0
LAB,192_128_120_138_128_130,0
LAB,192_128_120_138_128_138,0
LAB,192_128_120_138_128_146,0
LAB,192_128_120_138_136_130,0
LAB,192_128_120_138_136_138,0
LAB,192_128_120_138_136_146,0
LAB,192_128_120_138_144_130,0
LAB,192_128_120_138_144_138,0
LAB,192_128_120_138_144_146,0
LAB,192_128_120_146_120_130,0
LAB,192_128_120_146_120_138,0
LAB,192_128_120_146_120_146,0
LAB,192_128_120_146_128_130,0
LAB,192_128_120_146_128_138,0
LAB,192_128_120_146_128_146,0
LAB,192_128_120_146_136_130,0
LAB,192_128_120_146_136_138,0
LAB,192_128_120_146_136_146,0
LAB,192_128_120_146_144_130,0
LAB,192_128_120_146_144_138,0
LAB,192_128_120_146_144_146,0
LAB,192_128_128_130_120_130,0
LAB,192_128_128_130_120_138,0
LAB,192_128_128_130_120_146,0
LAB,192_128_128_130_128_130,0
LAB,192_128_128_130_128_138,0
LAB,192_128_128_130_128_146,0
LAB,192_128_128_130_136_130,0
LAB,192_128_128_130_136_138,0
LAB,192_128_128_130_136_146,0
LAB,192_128_128_130_144_130,0
LAB,192_128_128_130_144_138,0
LAB,192_128_128_130_144_146,0
LAB,192_128_128_138_120_130,0
LAB,192_128_128_138_120_138,0
LAB,192_128_128_138_120_146,0
LAB,192_128_128_138_128_130,0
LAB,192_128_128_138_128_138,0
LAB,192_128_128_138_128_146,0
LAB,192_128_128_138_136_130,0
LAB,192_128_128_138_136_138,0
LAB,192_128_128_138_136_146,0
LAB,192_128_128_138_144_130,0
LAB,192_128_128_138_144_138,0
LAB,192_128_128_138_144_146,0
LAB,192_128_128_146_120_130,0
LAB,192_128_128_146_120_138,0
LAB,192_128_128_146_120_146,0
LAB,192_128_128_146_128_130,0
LAB,192_128_128_146_128_138,0
LAB,192_128_128_146_128_146,0
LAB,192_128_128_146_136_130,0
LAB,192_128_128_146_136_138,0
LAB,192_128_128_146_136_146,0
LAB,192_128_128_146_144_130,0
LAB,192_128_128_146_144_138,0
LAB,192_128_128_146_144_146,0
LAB,192_128_136_130_120_130,0
LAB,192_128_136_130_120_138,0
LAB,192_128_136_130_120_146,0
LAB,192_128_136_130_128_130,0
LAB,192_128_136_130_128_138,0
LAB,192_128_136_130_128_146,0
LAB,192_128_136_130_136_130,0
LAB,192_128_136_130_136_138,0
LAB,192_128_136_130_136_146,0
LAB,192_128_136_130_144_130,0
LAB,192_128_136_130_144_138,0
LAB,192_128_136_130_144_146,0
LAB,192_128_136_138_120_130,0
LAB,192_128_136_138_120_138,0
LAB,192_128_136_138_120_146,0
LAB,192_128_136_138_128_130,0
LAB,192_128_136_138_128_138,0
LAB,192_128_136_138_128_146,0
LAB,192_128_136_138_136_130,0
LAB,192_128_136_138_136_138,0
LAB,192_128_136_138_136_146,0
LAB,192_128_136_138_144_130,0
LAB,192_128_136_138_144_138,0
LAB,192_128_136_138_144_146,0
LAB,192_128_136_146_120_130,0
LAB,192_128_136_146_120_138,0
LAB,192_128_136_146_120_146,0
LAB,192_128_136_146_128_130,0
LAB,192_128_136_146_128_138,0
LAB,192_128_136_146_128_146,0
LAB,192_128_136_146_136_130,0
LAB,192_128_136_146_136_138,0
LAB,192_128_136_146_136_146,0
LAB,192_128_136_146_144_130,0
LAB,192_128_136_146_144_138,0
LAB,192_128_136_146_144_146,0
LAB,192_128_144_130_120_130,0
LAB,192_128_144_130_120_138,0
LAB,192_128_144_130_120_146,0
LAB,192_128_144_130_128_130,0
LAB,192_128_144_130_128_138,0
LAB,192_128_144_130_128_146,0
LAB,192_128_144_130_136_130,0
LAB,192_128_144_130_136_138,0
LAB,192_128_144_130_136_146,0
LAB,192_128_144_130_144_130,0
LAB,192_128_144_130_144_138,0
LAB,192_128_144_130_144_146,0
LAB,192_128_144_138_120_130,0
LAB,192_128_144_138_120_138,0
LAB,192_128_144_138_120_146,0
LAB,192_128_144_138_128_130,0
LAB,192_128_144_138_128_138,0
LAB,192_128_144_138_128_146,0
LAB,192_128_144_138_136_130,0
LAB,192_128_144_138_136_138,0
LAB,192_128_144_138_136_146,0
LAB,192_128_144_138_144_130,0
LAB,192_128_144_138_144_138,0
LAB,192_128_144_138_144_146,0
LAB,192_128_144_146_120_130,0
LAB,192_128_144_146_120_138,0
LAB,192_128_144_146_120_146,0
LAB,192_128_144_146_128_130,0
LAB,192_128_144_146_128_138,0
LAB,192_128_144_146_128_146,0
LAB,192_128_144_146_136_130,0
LAB,192_128_144_146_136_138,0
LAB,192_128_144_146_136_146,0
LAB,192_128_144_146_144_130,0
LAB,192_128_144_146_144_138,0
LAB,192_128_144_146_144_146,0
LAB,192_192_120_130_120_130,0
LAB,192_192_120_130_120_138,0
LAB,192_192_120_130_120_146,0
LAB,192_192_120_130_128_130,0
LAB,192_192_120_130_128_138,0
LAB,192_192_120_130_128_146,0
LAB,192_192_120_130_136_130,0
LAB,192_192_120_130_136_138,0
LAB,192_192_120_130_136_146,0
LAB,192_192_120_130_144_130,0
LAB,192_192_120_130_144_138,0
LAB,192_192_120_130_144_146,0
LAB,192_192_120_138_120_130,0
LAB,192_192_120_138_120_138,0
LAB,192_192_120_138_120_146,0
LAB,192_192_120_138_128_130,0
LAB,192_192_120_138_128_138,0
LAB,192_192_120_138_128_146,0
LAB,192_192_120_138_136_130,0
LAB,192_192_120_138_136_138,0
LAB,192_192_120_138_136_146,0
LAB,192_192_120_138_144_130,0
LAB,192_192_120_138_144_138,0
LAB,192_192_120_138_144_146,0
LAB,192_192_120_146_120_130,0
LAB,192_192_120_146_120_138,0
LAB,192_192_120_146_120_146,0
LAB,192_192_120_146_128_130,0
LAB,192_192_120_146_128_138,0
LAB,192_192_120_146_128_146,0
LAB,192_192_120_146_136_130,0
LAB,192_192_120_146_136_138,0
LAB,192_192_120_146_136_146,0
LAB,192_192_120_146_144_130,0
LAB,192_192_120_146_144_138,0
LAB,192_192_120_146_144_146,0
LAB,192_192_128_130_120_130,0
LAB,192_192_128_130_120_138,0
LAB,192_192_128_130_120_146,0
LAB,192_192_128_130_128_130,0
LAB,192_192_128_130_128_138,0
LAB,192_192_128_130_128_146,0
LAB,192_192_128_130_136_130,0
LAB,192_192_128_130_136_138,0
LAB,192_192_128_130_136_146,0
LAB,192_192_128_130_144_130,0
LAB,192_192_128_130_144_138,0
LAB,192_192_128_130_144_146,0
LAB,192_192_128_138_120_130,0
LAB,192_192_128_138_120_138,0
LAB,192_192_128_138_120_146,0
LAB,192_192_128_138_128_130,0
LAB,192_192_128_138_128_138,0
LAB,192_192_128_138_128_146,0
LAB,192_192_128_138_136_130,0
LAB,192_192_128_138_136_138,0
LAB,192_192_128_138_136_146,0
LAB,192_192_128_138_144_130,0
LAB,192_192_128_138_144_138,0
LAB,192_192_128_138_144_146,0
LAB,192_192_128_146_120_130,0
LAB,192_192_128_146_120_138,0
LAB,192_192_128_146_120_146,0
LAB,192_192_128_146_128_130,0
LAB,192_192_128_146_128_138,0
LAB,192_192_128_146_128_146,0
LAB,192_192_128_146_136_130,0
LAB,192_192_128_146_136_138,0
LAB,192_192_128_146_136_146,0
LAB,192_192_128_146_144_130,0
LAB,192_192_128_146_144_138,0
LAB,192_192_128_146_144_146,0
LAB,192_192_136_130_120_130,0
LAB,192_192_136_130_120_138,0
LAB,192_192_136_130_120_146,0
LAB,192_192_136_130_128_130,0
LAB,192_192_136_130_128_138,0
LAB,192_192_136_130_128_146,0
LAB,192_192_136_130_136_130,0
LAB,192_192_136_130_136_138,0
LAB,192_192_136_130_136_146,0
LAB,192_192_136_130_144_130,0
LAB,192_192_136_130_144_138,0
LAB,192_192_136_130_144_146,0
LAB,192_192_136_138_120_130,0
LAB,192_192_136_138_120_138,0
LAB,192_192_136_138_120_146,0
LAB,192_192_136_138_128_130,0
LAB,192_192_136_138_128_138,0
LAB,192_192_136_138_128_146,0
LAB,192_192_136_138_136_130,0
LAB,192_192_136_138_136_138,0
LAB,192_192_136_138_136_146,0
LAB,192_192_136_138_144_130,0
LAB,192_192_136_138_144_138,0
LAB,192_192_136_138_144_146,0
LAB,192_192_136_146_120_130,0
LAB,192_192_136_146_120_138,0
LAB,192_192_136_146_120_146,0
LAB,192_192_136_146_128_130,0
LAB,192_192_136_146_128_138,0
LAB,192_192_136_146_128_146,0
LAB,192_192_136_146_136_130,0
LAB,192_192_136_146_136_138,0
LAB,192_192_136_146_136_146,0
LAB,192_192_136_146_144_130,0
LAB,192_192_136_146_144_138,0
LAB,192_192_136_146_144_146,0
LAB,192_192_144_130_120_130,0
LAB,192_192_144_130_120_138,0
LAB,192_192_144_130_120_146,0
LAB,192_192_144_130_128_130,0
LAB,192_192_144_130_128_138,0
LAB,192_192_144_130_128_146,0
LAB,192_192_144_130_136_130,0
LAB,192_192_144_130_136_138,0
LAB,192_192_144_130_136_146,0
LAB,192_192_144_130_144_130,0
LAB,192_192_144_130_144_138,0
LAB,192_192_144_130_144_146,0
LAB,192_192_144_138_120_130,0
LAB,192_192_144_138_120_138,0
LAB,192_192_144_138_120_146,0
LAB,192_192_144_138_128_130,0
LAB,192_192_144_138_128_138,0
LAB,192_192_144_138_128_146,0
LAB,192_192_144_138_136_130,0
LAB,192_192_144_138_136_138,0
LAB,192_192_144_138_136_146,0
LAB,192_192_144_138_144_130,0
LAB,192_192_144_138_144_138,0
LAB,192_192_144_138_144_146,0
LAB,192_192_144_146_120_130,0
LAB,192_192_144_146_120_138,0
LAB,192_192_144_146_120_146,0
LAB,192_192_144_146_128_130,0
LAB,192_192_144_146_128_138,0
LAB,192_192_144_146_128_146,0
LAB,192_192_144_146_136_130,0
LAB,192_192_144_146_136_138,0
LAB,192_192_144_146_136_146,0
LAB,192_192_144_146_144_130,0
LAB,192_192_144_146_144_138,0
LAB,192_192_144_146_144_146,0
LAB,192_256_120_130_120_130,0
LAB,192_256_120_130_120_138,0
LAB,192_256_120_130_120_146,0
LAB,192_256_120_130_128_130,0
LAB,192_256_120_130_128_138,0
LAB,192_256_120_130_128_146,0
LAB,192_256_120_130_136_130,0
LAB,192_256_120_130_136_138,0
LAB,192_256_120_130_136_146,0
LAB,192_256_120_130_144_130,0
LAB,192_256_120_130_144_138,0
LAB,192_256_120_130_144_146,0
LAB,192_256_120_138_120_130,0
LAB,192_256_120_138_120_138,0
LAB,192_256_120_138_120_146,0
LAB,192_256_120_138_128_130,0
LAB,192_256_120_138_128_138,0
LAB,192_256_120_138_128_146,0
LAB,192_256_120_138_136_130,0
LAB,192_256_120_138_136_138,0
LAB,192_256_120_138_136_146,0
LAB,192_256_120_138_144_130,0
LAB,192_256_120_138_144_138,0
LAB,192_256_120_138_144_146,0
LAB,192_256_120_146_120_130,0
LAB,192_256_120_146_120_138,0
LAB,192_256_120_146_120_146,0
LAB,192_256_120_146_128_130,0
LAB,192_256_120_146_128_138,0
LAB,192_256_120_146_128_146,0
LAB,192_256_120_146_136_130,0
LAB,192_256_120_146_136_138,0
LAB,192_256_120_146_136_146,0
LAB,192_256_120_146_144_130,0
LAB,192_256_120_146_144_138,0
LAB,192_256_120_146_144_146,0
LAB,192_256_128_130_120_130,0
LAB,192_256_128_130_120_138,0
LAB,192_256_128_130_120_146,0
LAB,192_256_128_130_128_130,0
LAB,192_256_128_130_128_138,0
LAB,192_256_128_130_128_146,0
LAB,192_256_128_130_136_130,0
LAB,192_256_128_130_136_138,0
LAB,192_256_128_130_136_146,0
LAB,192_256_128_130_144_130,0
LAB,192_256_128_130_144_138,0
LAB,192_256_128_130_144_146,0
LAB,192_256_128_138_120_130,0
LAB,192_256_128_138_120_138,0
LAB,192_256_128_138_120_146,0
LAB,192_256_128_138_128_130,0
LAB,192_256_128_138_128_138,0
LAB,192_256_128_138_128_146,0
LAB,192_256_128_138_136_130,0
LAB,192_256_128_138_136_138,0
LAB,192_256_128_138_136_146,0
LAB,192_256_128_138_144_130,0
LAB,192_256_128_138_144_138,0
LAB,192_256_128_138_144_146,0
LAB,192_256_128_146_120_130,0
LAB,192_256_128_146_120_138,0
LAB,192_256_128_146_120_146,0
LAB,192_256_128_146_128_130,0
LAB,192_256_128_146_128_138,0
LAB,192_256_128_146_128_146,0
LAB,192_256_128_146_136_130,0
LAB,192_256_128_146_136_138,0
LAB,192_256_128_146_136_146,0
LAB,192_256_128_146_144_130,0
LAB,192_256_128_146_144_138,0
LAB,192_256_128_146_144_146,0
LAB,192_256_136_130_120_130,0
LAB,192_256_136_130_120_138,0
LAB,192_256_136_130_120_146,0
LAB,192_256_136_130_128_130,0
LAB,192_256_136_130_128_138,0
LAB,192_256_136_130_128_146,0
LAB,192_256_136_130_136_130,0
LAB,192_256_136_130_136_138,0
LAB,192_256_136_130_136_146,0
LAB,192_256_136_130_144_130,0
LAB,192_256_136_130_144_138,0
LAB,192_256_136_130_144_146,0
LAB,192_256_136_138_120_130,0
LAB,192_256_136_138_120_138,0
LAB,192_256_136_138_120_146,0
LAB,192_256_136_138_128_130,0
LAB,192_256_136_138_128_138,0
LAB,192_256_136_138_128_146,0
LAB,192_256_136_138_136_130,0
LAB,192_256_136_138_136_138,0
LAB,192_256_136_138_136_146,0
LAB,192_256_136_138_144_130,0
LAB,192_256_136_138_144_138,0
LAB,192_256_136_138_144_146,0
LAB,192_256_136_146_120_130,0
LAB,192_256_136_146_120_138,0
LAB,192_256_136_146_120_146,0
LAB,192_256_136_146_128_130,0
LAB,192_256_136_146_128_138,0
LAB,192_256_136_146_128_146,0
LAB,192_256_136_146_136_130,0
LAB,192_256_136_146_136_138,0
LAB,192_256_136_146_136_146,0
LAB,192_256_136_146_144_130,0
LAB,192_256_136_146_144_138,0
LAB,192_256_136_146_144_146,0
LAB,192_256_144_130_120_130,0
LAB,192_256_144_130_120_138,0
LAB,192_256_144_130_120_146,0
LAB,192_256_144_130_128_130,0
LAB,192_256_144_130_128_138,0
LAB,192_256_144_130_128_146,0
LAB,192_256_144_130_136_130,0
LAB,192_256_144_130_136_138,0
LAB,192_256_144_130_136_146,0
LAB,192_256_144_130_144_130,0
LAB,192_256_144_130_144_138,0
LAB,192_256_144_130_144_146,0
LAB,192_256_144_138_120_130,0
LAB,192_256_144_138_120_138,0
LAB,192_256_144_138_120_146,0
LAB,192_256_144_138_128_130,0
LAB,192_256_144_138_128_138,0
LAB,192_256_144_138_128_146,0
LAB,192_256_144_138_136_130,0
LAB,192_256_144_138_136_138,0
LAB,192_256_144_138_136_146,0
LAB,192_256_144_138_144_130,0
LAB,192_256_144_138_144_138,0
LAB,192_256_144_138_144_146,0
LAB,192_256_144_146_120_130,0
LAB,192_256_144_146_120_138,0
LAB,192_256_144_146_120_146,0
LAB,192_256_144_146_128_130,0
LAB,192_256_144_146_128_138,0
LAB,192_256_144_146_128_146,0
LAB,192_256_144_146_136_130,0
LAB,192_256_144_146_136_138,0
LAB,192_256_144_146_136_146,0
LAB,192_256_144_146_144_130,0
LAB,192_256_144_146_144_138,0
LAB,192_256_144_146_144_146,0
